场景,风电场景,光伏场景,日氨产量(t/day),时段,时段序号(h),常规负荷功率(MW),风电功率(MW),光伏功率(MW),新能源总功率(MW),碱性电解槽功率(MW),PEM电解槽功率(MW),合成氨装置功率(MW),总负荷功率(MW),购电功率(MW),售电功率(MW),碱性电解槽状态,PEM电解槽状态,合成氨装置状态,电网购电模式,碱性制氢量(kg/h),PEM制氢量(kg/h),合成氨产量(kg/h),购电电价(¥/kWh),售电电价(¥/kWh)
风电1-光伏1,1,1,72.0,0:00-1:00,1,1.3698000000000001,9.776,0.0,9.776,20.0,20.0,1.5,42.8698,33.0938,0.0,1,1,1,1,280.0,320.0,3000.0,0.3424,0.3779
风电1-光伏1,1,1,72.0,1:00-2:00,2,1.0997999999999999,10.904,0.0,10.904,20.0,20.0,1.5,42.5998,31.695800000000002,0.0,1,1,1,1,280.0,320.0,3000.0,0.3424,0.3779
风电1-光伏1,1,1,72.0,2:00-3:00,3,0.7998000000000001,15.152000000000001,0.0,15.152000000000001,20.0,20.0,1.5,42.299800000000005,27.147800000000004,0.0,1,1,1,1,280.0,320.0,3000.0,0.3424,0.3779
风电1-光伏1,1,1,72.0,3:00-4:00,4,0.99,13.312,0.0,13.312,20.0,20.0,1.5,42.489999999999995,29.177999999999997,0.0,1,1,1,1,280.0,320.0,3000.0,0.3424,0.3779
风电1-光伏1,1,1,72.0,4:00-5:00,5,1.1802000000000001,15.072000000000001,0.0,15.072000000000001,20.0,20.0,1.5,42.6802,27.608199999999997,0.0,1,1,1,1,280.0,320.0,3000.0,0.3424,0.3779
风电1-光伏1,1,1,72.0,5:00-6:00,6,1.6301999999999999,18.724,0.0,18.724,20.0,20.0,1.5,43.1302,24.406200000000002,0.0,1,1,1,1,280.0,320.0,3000.0,0.3424,0.3779
风电1-光伏1,1,1,72.0,6:00-7:00,7,2.5002,9.628,14.08,23.708,20.0,20.0,1.5,44.0002,20.2922,0.0,1,1,1,1,280.0,320.0,3000.0,0.3424,0.3779
风电1-光伏1,1,1,72.0,7:00-8:00,8,3.3701999999999996,22.804000000000002,25.6,48.404,20.0,20.0,1.5,44.8702,0.0,3.5338000000000065,1,1,1,0,280.0,320.0,3000.0,0.6074,0.3779
风电1-光伏1,1,1,72.0,8:00-9:00,9,4.0098,17.852,37.12,54.971999999999994,20.0,20.0,1.5,45.5098,0.0,9.462199999999996,1,1,1,0,280.0,320.0,3000.0,0.6074,0.3779
风电1-光伏1,1,1,72.0,9:00-10:00,10,4.199999999999999,14.328000000000001,46.08,60.408,20.0,20.0,1.5,45.7,0.0,14.707999999999998,1,1,1,0,280.0,320.0,3000.0,0.6074,0.3779
风电1-光伏1,1,1,72.0,10:00-11:00,11,4.1202,11.904,52.48,64.384,20.0,20.0,1.5,45.6202,0.0,18.763800000000003,1,1,1,0,280.0,320.0,3000.0,0.8024,0.3779
风电1-光伏1,1,1,72.0,11:00-12:00,12,3.9000000000000004,7.736,55.04,62.775999999999996,20.0,20.0,1.5,45.4,0.0,17.375999999999998,1,1,1,0,280.0,320.0,3000.0,0.8024,0.3779
风电1-光伏1,1,1,72.0,12:00-13:00,13,3.2598000000000003,8.556000000000001,56.32,64.876,20.0,20.0,1.5,44.7598,0.0,20.116200000000006,1,1,1,0,280.0,320.0,3000.0,0.8024,0.3779
风电1-光伏1,1,1,72.0,13:00-14:00,14,2.6898,14.52,56.32,70.84,20.0,20.0,1.5,44.1898,0.0,26.650200000000005,1,1,1,0,280.0,320.0,3000.0,0.8024,0.3779
风电1-光伏1,1,1,72.0,14:00-15:00,15,3.63,6.707999999999999,52.48,59.187999999999995,20.0,20.0,1.5,45.129999999999995,0.0,14.058,1,1,1,0,280.0,320.0,3000.0,0.8024,0.3779
风电1-光伏1,1,1,72.0,15:00-16:00,16,3.8202000000000003,11.175999999999998,44.8,55.976,20.0,20.0,1.5,45.3202,0.0,10.6558,1,1,1,0,280.0,320.0,3000.0,0.6074,0.3779
风电1-光伏1,1,1,72.0,16:00-17:00,17,3.75,10.107999999999999,33.28,43.388,20.0,20.0,1.5,45.25,1.8620000000000019,0.0,1,1,1,1,280.0,320.0,3000.0,0.6074,0.3779
风电1-光伏1,1,1,72.0,17:00-18:00,18,3.1398,6.3839999999999995,24.32,30.704,20.0,20.0,1.5,44.6398,13.9358,0.0,1,1,1,1,280.0,320.0,3000.0,0.6074,0.3779
风电1-光伏1,1,1,72.0,18:00-19:00,19,2.61,6.428000000000001,11.52,17.948,20.0,20.0,1.5,44.11,26.162,0.0,1,1,1,1,280.0,320.0,3000.0,0.8024,0.3779
风电1-光伏1,1,1,72.0,19:00-20:00,20,2.1198,5.736,0.0,5.736,20.0,20.0,1.5,43.6198,37.8838,0.0,1,1,1,1,280.0,320.0,3000.0,0.8024,0.3779
风电1-光伏1,1,1,72.0,20:00-21:00,21,1.8599999999999999,3.752,0.0,3.752,20.0,20.0,1.5,43.36,39.608,0.0,1,1,1,1,280.0,320.0,3000.0,0.8024,0.3779
风电1-光伏1,1,1,72.0,21:00-22:00,22,1.6301999999999999,3.6919999999999997,0.0,3.6919999999999997,20.0,20.0,1.5,43.1302,39.4382,0.0,1,1,1,1,280.0,320.0,3000.0,0.6074,0.3779
风电1-光伏1,1,1,72.0,22:00-23:00,23,1.56,4.88,0.0,4.88,20.0,20.0,1.5,43.06,38.18,0.0,1,1,1,1,280.0,320.0,3000.0,0.6074,0.3779
风电1-光伏1,1,1,72.0,23:00-24:00,24,1.4802,3.1919999999999997,0.0,3.1919999999999997,20.0,20.0,1.5,42.980199999999996,39.788199999999996,0.0,1,1,1,1,280.0,320.0,3000.0,0.3424,0.3779
风电1-光伏1,1,1,63.0,0:00-1:00,1,1.3698000000000001,9.776,0.0,9.776,20.0,20.0,1.5,42.8698,33.0938,0.0,1,1,1,1,280.0,320.0,3000.0,0.3424,0.3779
风电1-光伏1,1,1,63.0,1:00-2:00,2,1.0997999999999999,10.904,0.0,10.904,20.000000000000007,20.0,1.5000000000000002,42.5998,31.695800000000002,0.0,1,1,1,1,280.0000000000001,320.0,3000.0000000000005,0.3424,0.3779
风电1-光伏1,1,1,63.0,2:00-3:00,3,0.7998000000000001,15.152000000000001,0.0,15.152000000000001,20.0,20.0,1.5,42.299800000000005,27.147800000000004,0.0,1,1,1,1,280.0,320.0,3000.0,0.3424,0.3779
风电1-光伏1,1,1,63.0,3:00-4:00,4,0.99,13.312,0.0,13.312,20.0,19.999999999999993,1.4999999999999998,42.489999999999995,29.177999999999997,0.0,1,1,1,1,280.0,319.9999999999999,2999.9999999999995,0.3424,0.3779
风电1-光伏1,1,1,63.0,4:00-5:00,5,1.1802000000000001,15.072000000000001,0.0,15.072000000000001,20.0,20.0,1.5,42.6802,27.608199999999997,0.0,1,1,1,1,280.0,320.0,3000.0,0.3424,0.3779
风电1-光伏1,1,1,63.0,5:00-6:00,6,1.6301999999999999,18.724,0.0,18.724,20.0,20.0,1.5,43.1302,24.406200000000002,0.0,1,1,1,1,280.0,320.0,3000.0,0.3424,0.3779
风电1-光伏1,1,1,63.0,6:00-7:00,7,2.5002,9.628,14.08,23.708,20.0,20.0,1.5,44.0002,20.2922,0.0,1,1,1,1,280.0,320.0,3000.0,0.3424,0.3779
风电1-光伏1,1,1,63.0,7:00-8:00,8,3.3701999999999996,22.804000000000002,25.6,48.404,20.0,20.0,1.5,44.8702,0.0,3.5338000000000065,1,1,1,0,280.0,320.0,3000.0,0.6074,0.3779
风电1-光伏1,1,1,63.0,8:00-9:00,9,4.0098,17.852,37.12,54.971999999999994,20.0,20.0,1.5,45.5098,0.0,9.462199999999996,1,1,1,0,280.0,320.0,3000.0,0.6074,0.3779
风电1-光伏1,1,1,63.0,9:00-10:00,10,4.199999999999999,14.328000000000001,46.08,60.408,20.0,20.0,1.5,45.7,0.0,14.707999999999998,1,1,1,0,280.0,320.0,3000.0,0.6074,0.3779
风电1-光伏1,1,1,63.0,10:00-11:00,11,4.1202,11.904,52.48,64.384,20.0,20.0,1.5,45.6202,0.0,18.763800000000003,1,1,1,0,280.0,320.0,3000.0,0.8024,0.3779
风电1-光伏1,1,1,63.0,11:00-12:00,12,3.9000000000000004,7.736,55.04,62.775999999999996,20.0,20.0,1.5,45.4,0.0,17.375999999999998,1,1,1,0,280.0,320.0,3000.0,0.8024,0.3779
风电1-光伏1,1,1,63.0,12:00-13:00,13,3.2598000000000003,8.556000000000001,56.32,64.876,20.0,20.0,1.5,44.7598,0.0,20.116200000000006,1,1,1,0,280.0,320.0,3000.0,0.8024,0.3779
风电1-光伏1,1,1,63.0,13:00-14:00,14,2.6898,14.52,56.32,70.84,20.0,20.0,1.5,44.1898,0.0,26.650200000000005,1,1,1,0,280.0,320.0,3000.0,0.8024,0.3779
风电1-光伏1,1,1,63.0,14:00-15:00,15,3.63,6.707999999999999,52.48,59.187999999999995,20.0,20.0,1.5,45.129999999999995,0.0,14.058,1,1,1,0,280.0,320.0,3000.0,0.8024,0.3779
风电1-光伏1,1,1,63.0,15:00-16:00,16,3.8202000000000003,11.175999999999998,44.8,55.976,20.0,20.0,1.5,45.3202,0.0,10.6558,1,1,1,0,280.0,320.0,3000.0,0.6074,0.3779
风电1-光伏1,1,1,63.0,16:00-17:00,17,3.75,10.107999999999999,33.28,43.388,18.20096618357488,20.0,1.4370338164251208,43.388,0.0,0.0,1,1,1,0,254.81352657004834,320.0,2874.067632850242,0.6074,0.3779
风电1-光伏1,1,1,63.0,17:00-18:00,18,3.1398,6.3839999999999995,24.32,30.704,6.535458937198066,20.000000000000004,1.0287410628019324,30.704,0.0,0.0,1,1,1,0,91.49642512077293,320.00000000000006,2057.482125603865,0.6074,0.3779
风电1-光伏1,1,1,63.0,18:00-19:00,19,2.61,6.428000000000001,11.52,17.948,0.0,14.748076923076926,0.589923076923077,17.948000000000004,3.552713678800501e-15,0.0,0,1,1,0,0.0,235.96923076923082,1179.846153846154,0.8024,0.3779
风电1-光伏1,1,1,63.0,19:00-20:00,20,2.1198,5.736,0.0,5.736,0.0,3.7499999999999987,0.14999999999999997,6.019799999999999,0.2837999999999994,0.0,0,1,1,1,0.0,59.99999999999998,299.99999999999994,0.8024,0.3779
风电1-光伏1,1,1,63.0,20:00-21:00,21,1.8599999999999999,3.752,0.0,3.752,0.0,3.750000116756743,0.15000000467026972,5.760000121427012,2.0080001214270125,0.0,0,1,1,1,0.0,60.00000186810789,300.00000934053946,0.8024,0.3779
风电1-光伏1,1,1,63.0,21:00-22:00,22,1.6301999999999999,3.6919999999999997,0.0,3.6919999999999997,20.000000000000007,20.0,1.5000000000000002,43.1302,39.4382,0.0,1,1,1,1,280.0000000000001,320.0,3000.0000000000005,0.6074,0.3779
风电1-光伏1,1,1,63.0,22:00-23:00,23,1.56,4.88,0.0,4.88,9.837201119416713,20.000000000000004,1.144302039179585,32.5415031585963,27.6615031585963,0.0,1,1,1,1,137.72081567183398,320.00000000000006,2288.60407835917,0.6074,0.3779
风电1-光伏1,1,1,63.0,23:00-24:00,24,1.4802,3.1919999999999997,0.0,3.1919999999999997,20.000000000000007,20.0,1.5000000000000002,42.98020000000001,39.78820000000001,0.0,1,1,1,1,280.0000000000001,320.0,3000.0000000000005,0.3424,0.3779
风电1-光伏1,1,1,54.0,0:00-1:00,1,1.3698000000000001,9.776,0.0,9.776,20.0,20.0,1.5,42.8698,33.0938,0.0,1,1,1,1,280.0,320.0,3000.0,0.3424,0.3779
风电1-光伏1,1,1,54.0,1:00-2:00,2,1.0997999999999999,10.904,0.0,10.904,20.000000000000007,20.0,1.5000000000000002,42.5998,31.695800000000002,0.0,1,1,1,1,280.0000000000001,320.0,3000.0000000000005,0.3424,0.3779
风电1-光伏1,1,1,54.0,2:00-3:00,3,0.7998000000000001,15.152000000000001,0.0,15.152000000000001,20.0,20.0,1.5,42.299800000000005,27.147800000000004,0.0,1,1,1,1,280.0,320.0,3000.0,0.3424,0.3779
风电1-光伏1,1,1,54.0,3:00-4:00,4,0.99,13.312,0.0,13.312,20.0,19.999999999999993,1.4999999999999998,42.489999999999995,29.177999999999997,0.0,1,1,1,1,280.0,319.9999999999999,2999.9999999999995,0.3424,0.3779
风电1-光伏1,1,1,54.0,4:00-5:00,5,1.1802000000000001,15.072000000000001,0.0,15.072000000000001,20.0,20.0,1.5,42.6802,27.608199999999997,0.0,1,1,1,1,280.0,320.0,3000.0,0.3424,0.3779
风电1-光伏1,1,1,54.0,5:00-6:00,6,1.6301999999999999,18.724,0.0,18.724,19.999999727829497,20.0,1.4999999904740324,43.13019971830352,24.406199718303522,0.0,1,1,1,1,279.99999618961294,320.0,2999.999980948065,0.3424,0.3779
风电1-光伏1,1,1,54.0,6:00-7:00,7,2.5002,9.628,14.08,23.708,20.0,20.0,1.5,44.0002,20.2922,0.0,1,1,1,1,280.0,320.0,3000.0,0.3424,0.3779
风电1-光伏1,1,1,54.0,7:00-8:00,8,3.3701999999999996,22.804000000000002,25.6,48.404,20.0,20.0,1.5,44.8702,0.0,3.5338000000000065,1,1,1,0,280.0,320.0,3000.0,0.6074,0.3779
风电1-光伏1,1,1,54.0,8:00-9:00,9,4.0098,17.852,37.12,54.971999999999994,15.551487239309486,20.0,1.344302053375832,40.90558929268532,0.0,14.066410707314674,1,1,1,0,217.7208213503328,320.0,2688.604106751664,0.6074,0.3779
风电1-光伏1,1,1,54.0,9:00-10:00,10,4.199999999999999,14.328000000000001,46.08,60.408,20.0,20.0,1.5,45.7,0.0,14.707999999999998,1,1,1,0,280.0,320.0,3000.0,0.6074,0.3779
风电1-光伏1,1,1,54.0,10:00-11:00,11,4.1202,11.904,52.48,64.384,20.0,20.0,1.5,45.6202,0.0,18.763800000000003,1,1,1,0,280.0,320.0,3000.0,0.8024,0.3779
风电1-光伏1,1,1,54.0,11:00-12:00,12,3.9000000000000004,7.736,55.04,62.775999999999996,20.0,20.0,1.5,45.4,0.0,17.375999999999998,1,1,1,0,280.0,320.0,3000.0,0.8024,0.3779
风电1-光伏1,1,1,54.0,12:00-13:00,13,3.2598000000000003,8.556000000000001,56.32,64.876,20.0,20.0,1.5,44.7598,0.0,20.116200000000006,1,1,1,0,280.0,320.0,3000.0,0.8024,0.3779
风电1-光伏1,1,1,54.0,13:00-14:00,14,2.6898,14.52,56.32,70.84,20.0,20.0,1.5,44.1898,0.0,26.650200000000005,1,1,1,0,280.0,320.0,3000.0,0.8024,0.3779
风电1-光伏1,1,1,54.0,14:00-15:00,15,3.63,6.707999999999999,52.48,59.187999999999995,0.0,20.0,0.7999999999999999,24.43,0.0,34.757999999999996,0,1,1,0,0.0,320.0,1599.9999999999998,0.8024,0.3779
风电1-光伏1,1,1,54.0,15:00-16:00,16,3.8202000000000003,11.175999999999998,44.8,55.976,0.0,20.0,0.8,24.6202,0.0,31.3558,0,1,1,0,0.0,320.0,1600.0,0.6074,0.3779
风电1-光伏1,1,1,54.0,16:00-17:00,17,3.75,10.107999999999999,33.28,43.388,18.20096618357488,20.0,1.4370338164251208,43.388,0.0,0.0,1,1,1,0,254.81352657004834,320.0,2874.067632850242,0.6074,0.3779
风电1-光伏1,1,1,54.0,17:00-18:00,18,3.1398,6.3839999999999995,24.32,30.704,6.535458937198066,20.000000000000004,1.0287410628019324,30.704,0.0,0.0,1,1,1,0,91.49642512077293,320.00000000000006,2057.482125603865,0.6074,0.3779
风电1-光伏1,1,1,54.0,18:00-19:00,19,2.61,6.428000000000001,11.52,17.948,0.0,14.748076923076926,0.589923076923077,17.948000000000004,3.552713678800501e-15,0.0,0,1,1,0,0.0,235.96923076923082,1179.846153846154,0.8024,0.3779
风电1-光伏1,1,1,54.0,19:00-20:00,20,2.1198,5.736,0.0,5.736,0.0,0.0,0.0,2.1198,0.0,3.6161999999999996,0,0,0,0,0.0,0.0,0.0,0.8024,0.3779
风电1-光伏1,1,1,54.0,20:00-21:00,21,1.8599999999999999,3.752,0.0,3.752,0.0,0.0,0.0,1.8599999999999999,0.0,1.892,0,0,0,0,0.0,0.0,0.0,0.8024,0.3779
风电1-光伏1,1,1,54.0,21:00-22:00,22,1.6301999999999999,3.6919999999999997,0.0,3.6919999999999997,0.0,0.0,0.0,1.6301999999999999,0.0,2.0618,0,0,0,0,0.0,0.0,0.0,0.6074,0.3779
风电1-光伏1,1,1,54.0,22:00-23:00,23,1.56,4.88,0.0,4.88,0.0,0.0,0.0,1.56,0.0,3.32,0,0,0,0,0.0,0.0,0.0,0.6074,0.3779
风电1-光伏1,1,1,54.0,23:00-24:00,24,1.4802,3.1919999999999997,0.0,3.1919999999999997,20.000000000000007,20.0,1.5000000000000002,42.98020000000001,39.78820000000001,0.0,1,1,1,1,280.0000000000001,320.0,3000.0000000000005,0.3424,0.3779
风电1-光伏1,1,1,45.0,0:00-1:00,1,1.3698000000000001,9.776,0.0,9.776,20.0,20.0,1.5,42.8698,33.0938,0.0,1,1,1,1,280.0,320.0,3000.0,0.3424,0.3779
风电1-光伏1,1,1,45.0,1:00-2:00,2,1.0997999999999999,10.904,0.0,10.904,20.000000000000007,20.0,1.5000000000000002,42.5998,31.695800000000002,0.0,1,1,1,1,280.0000000000001,320.0,3000.0000000000005,0.3424,0.3779
风电1-光伏1,1,1,45.0,2:00-3:00,3,0.7998000000000001,15.152000000000001,0.0,15.152000000000001,20.0,20.0,1.5,42.299800000000005,27.147800000000004,0.0,1,1,1,1,280.0,320.0,3000.0,0.3424,0.3779
风电1-光伏1,1,1,45.0,3:00-4:00,4,0.99,13.312,0.0,13.312,19.99999972783744,19.999999999999996,1.4999999904743104,42.48999971831174,29.177999718311746,0.0,1,1,1,1,279.9999961897242,319.99999999999994,2999.9999809486208,0.3424,0.3779
风电1-光伏1,1,1,45.0,4:00-5:00,5,1.1802000000000001,15.072000000000001,0.0,15.072000000000001,20.0,20.0,1.5,42.6802,27.608199999999997,0.0,1,1,1,1,280.0,320.0,3000.0,0.3424,0.3779
风电1-光伏1,1,1,45.0,5:00-6:00,6,1.6301999999999999,18.724,0.0,18.724,20.0,20.0,1.5,43.1302,24.406200000000002,0.0,1,1,1,1,280.0,320.0,3000.0,0.3424,0.3779
风电1-光伏1,1,1,45.0,6:00-7:00,7,2.5002,9.628,14.08,23.708,20.0,20.0,1.5,44.0002,20.2922,0.0,1,1,1,1,280.0,320.0,3000.0,0.3424,0.3779
风电1-光伏1,1,1,45.0,7:00-8:00,8,3.3701999999999996,22.804000000000002,25.6,48.404,11.716483788645942,20.0,1.210076932602608,36.29676072124855,0.0,12.10723927875145,1,1,1,0,164.03077304104318,320.0,2420.153865205216,0.6074,0.3779
风电1-光伏1,1,1,45.0,8:00-9:00,9,4.0098,17.852,37.12,54.971999999999994,20.0,20.0,1.5,45.5098,0.0,9.462199999999996,1,1,1,0,280.0,320.0,3000.0,0.6074,0.3779
风电1-光伏1,1,1,45.0,9:00-10:00,10,4.199999999999999,14.328000000000001,46.08,60.408,0.0,20.0,0.7999999999999999,25.0,0.0,35.408,0,1,1,0,0.0,320.0,1599.9999999999998,0.6074,0.3779
风电1-光伏1,1,1,45.0,10:00-11:00,11,4.1202,11.904,52.48,64.384,0.0,20.0,0.8,24.9202,0.0,39.4638,0,1,1,0,0.0,320.0,1600.0,0.8024,0.3779
风电1-光伏1,1,1,45.0,11:00-12:00,12,3.9000000000000004,7.736,55.04,62.775999999999996,0.0,20.0,0.7999999999999999,24.7,0.0,38.07599999999999,0,1,1,0,0.0,320.0,1599.9999999999998,0.8024,0.3779
风电1-光伏1,1,1,45.0,12:00-13:00,13,3.2598000000000003,8.556000000000001,56.32,64.876,0.0,20.0,0.7999999999999999,24.0598,0.0,40.81620000000001,0,1,1,0,0.0,320.0,1599.9999999999998,0.8024,0.3779
风电1-光伏1,1,1,45.0,13:00-14:00,14,2.6898,14.52,56.32,70.84,0.0,20.0,0.8,23.4898,0.0,47.3502,0,1,1,0,0.0,320.0,1600.0,0.8024,0.3779
风电1-光伏1,1,1,45.0,14:00-15:00,15,3.63,6.707999999999999,52.48,59.187999999999995,0.0,20.0,0.7999999999999999,24.43,0.0,34.757999999999996,0,1,1,0,0.0,320.0,1599.9999999999998,0.8024,0.3779
风电1-光伏1,1,1,45.0,15:00-16:00,16,3.8202000000000003,11.175999999999998,44.8,55.976,0.0,20.0,0.8,24.6202,0.0,31.3558,0,1,1,0,0.0,320.0,1600.0,0.6074,0.3779
风电1-光伏1,1,1,45.0,16:00-17:00,17,3.75,10.107999999999999,33.28,43.388,0.0,20.0,0.7999999999999999,24.55,0.0,18.837999999999997,0,1,1,0,0.0,320.0,1599.9999999999998,0.6074,0.3779
风电1-光伏1,1,1,45.0,17:00-18:00,18,3.1398,6.3839999999999995,24.32,30.704,0.0,20.0,0.8,23.9398,0.0,6.764199999999999,0,1,1,0,0.0,320.0,1600.0,0.6074,0.3779
风电1-光伏1,1,1,45.0,18:00-19:00,19,2.61,6.428000000000001,11.52,17.948,0.0,14.748076923076926,0.589923076923077,17.948000000000004,3.552713678800501e-15,0.0,0,1,1,0,0.0,235.96923076923082,1179.846153846154,0.8024,0.3779
风电1-光伏1,1,1,45.0,19:00-20:00,20,2.1198,5.736,0.0,5.736,0.0,0.0,0.0,2.1198,0.0,3.6161999999999996,0,0,0,0,0.0,0.0,0.0,0.8024,0.3779
风电1-光伏1,1,1,45.0,20:00-21:00,21,1.8599999999999999,3.752,0.0,3.752,0.0,0.0,0.0,1.8599999999999999,0.0,1.892,0,0,0,0,0.0,0.0,0.0,0.8024,0.3779
风电1-光伏1,1,1,45.0,21:00-22:00,22,1.6301999999999999,3.6919999999999997,0.0,3.6919999999999997,0.0,0.0,0.0,1.6301999999999999,0.0,2.0618,0,0,0,0,0.0,0.0,0.0,0.6074,0.3779
风电1-光伏1,1,1,45.0,22:00-23:00,23,1.56,4.88,0.0,4.88,0.0,0.0,0.0,1.56,0.0,3.32,0,0,0,0,0.0,0.0,0.0,0.6074,0.3779
风电1-光伏1,1,1,45.0,23:00-24:00,24,1.4802,3.1919999999999997,0.0,3.1919999999999997,20.000000000000007,20.0,1.5000000000000002,42.98020000000001,39.78820000000001,0.0,1,1,1,1,280.0000000000001,320.0,3000.0000000000005,0.3424,0.3779
风电1-光伏1,1,1,36.0,0:00-1:00,1,1.3698000000000001,9.776,0.0,9.776,20.0,20.0,1.5,42.8698,33.0938,0.0,1,1,1,1,280.0,320.0,3000.0,0.3424,0.3779
风电1-光伏1,1,1,36.0,1:00-2:00,2,1.0997999999999999,10.904,0.0,10.904,19.99999951819328,20.0,1.499999983136765,42.59979950133005,31.695799501330047,0.0,1,1,1,1,279.99999325470594,320.0,2999.99996627353,0.3424,0.3779
风电1-光伏1,1,1,36.0,2:00-3:00,3,0.7998000000000001,15.152000000000001,0.0,15.152000000000001,20.0,20.0,1.5,42.299800000000005,27.147800000000004,0.0,1,1,1,1,280.0,320.0,3000.0,0.3424,0.3779
风电1-光伏1,1,1,36.0,3:00-4:00,4,0.99,13.312,0.0,13.312,20.0,19.999999999999993,1.4999999999999998,42.489999999999995,29.177999999999997,0.0,1,1,1,1,280.0,319.9999999999999,2999.9999999999995,0.3424,0.3779
风电1-光伏1,1,1,36.0,4:00-5:00,5,1.1802000000000001,15.072000000000001,0.0,15.072000000000001,20.0,20.0,1.5,42.6802,27.608199999999997,0.0,1,1,1,1,280.0,320.0,3000.0,0.3424,0.3779
风电1-光伏1,1,1,36.0,5:00-6:00,6,1.6301999999999999,18.724,0.0,18.724,20.0,20.0,1.5,43.1302,24.406200000000002,0.0,1,1,1,1,280.0,320.0,3000.0,0.3424,0.3779
风电1-光伏1,1,1,36.0,6:00-7:00,7,2.5002,9.628,14.08,23.708,20.0,20.0,1.5,44.0002,20.2922,0.0,1,1,1,1,280.0,320.0,3000.0,0.3424,0.3779
风电1-光伏1,1,1,36.0,7:00-8:00,8,3.3701999999999996,22.804000000000002,25.6,48.404,0.0,10.000000421580863,0.4000000168632345,13.770200438444096,0.0,34.633799561555904,0,1,1,0,0.0,160.0000067452938,800.000033726469,0.6074,0.3779
风电1-光伏1,1,1,36.0,8:00-9:00,9,4.0098,17.852,37.12,54.971999999999994,0.0,0.0,0.0,4.0098,0.0,50.962199999999996,0,0,0,0,0.0,0.0,0.0,0.6074,0.3779
风电1-光伏1,1,1,36.0,9:00-10:00,10,4.199999999999999,14.328000000000001,46.08,60.408,0.0,20.0,0.7999999999999999,25.0,0.0,35.408,0,1,1,0,0.0,320.0,1599.9999999999998,0.6074,0.3779
风电1-光伏1,1,1,36.0,10:00-11:00,11,4.1202,11.904,52.48,64.384,0.0,20.0,0.8,24.9202,0.0,39.4638,0,1,1,0,0.0,320.0,1600.0,0.8024,0.3779
风电1-光伏1,1,1,36.0,11:00-12:00,12,3.9000000000000004,7.736,55.04,62.775999999999996,0.0,20.0,0.7999999999999999,24.7,0.0,38.07599999999999,0,1,1,0,0.0,320.0,1599.9999999999998,0.8024,0.3779
风电1-光伏1,1,1,36.0,12:00-13:00,13,3.2598000000000003,8.556000000000001,56.32,64.876,0.0,20.0,0.7999999999999999,24.0598,0.0,40.81620000000001,0,1,1,0,0.0,320.0,1599.9999999999998,0.8024,0.3779
风电1-光伏1,1,1,36.0,13:00-14:00,14,2.6898,14.52,56.32,70.84,0.0,20.0,0.8,23.4898,0.0,47.3502,0,1,1,0,0.0,320.0,1600.0,0.8024,0.3779
风电1-光伏1,1,1,36.0,14:00-15:00,15,3.63,6.707999999999999,52.48,59.187999999999995,0.0,20.0,0.7999999999999999,24.43,0.0,34.757999999999996,0,1,1,0,0.0,320.0,1599.9999999999998,0.8024,0.3779
风电1-光伏1,1,1,36.0,15:00-16:00,16,3.8202000000000003,11.175999999999998,44.8,55.976,0.0,20.0,0.8,24.6202,0.0,31.3558,0,1,1,0,0.0,320.0,1600.0,0.6074,0.3779
风电1-光伏1,1,1,36.0,16:00-17:00,17,3.75,10.107999999999999,33.28,43.388,0.0,0.0,0.0,3.75,0.0,39.638,0,0,0,0,0.0,0.0,0.0,0.6074,0.3779
风电1-光伏1,1,1,36.0,17:00-18:00,18,3.1398,6.3839999999999995,24.32,30.704,0.0,0.0,0.0,3.1398,0.0,27.5642,0,0,0,0,0.0,0.0,0.0,0.6074,0.3779
风电1-光伏1,1,1,36.0,18:00-19:00,19,2.61,6.428000000000001,11.52,17.948,0.0,0.0,0.0,2.61,0.0,15.338000000000001,0,0,0,0,0.0,0.0,0.0,0.8024,0.3779
风电1-光伏1,1,1,36.0,19:00-20:00,20,2.1198,5.736,0.0,5.736,0.0,0.0,0.0,2.1198,0.0,3.6161999999999996,0,0,0,0,0.0,0.0,0.0,0.8024,0.3779
风电1-光伏1,1,1,36.0,20:00-21:00,21,1.8599999999999999,3.752,0.0,3.752,0.0,0.0,0.0,1.8599999999999999,0.0,1.892,0,0,0,0,0.0,0.0,0.0,0.8024,0.3779
风电1-光伏1,1,1,36.0,21:00-22:00,22,1.6301999999999999,3.6919999999999997,0.0,3.6919999999999997,0.0,0.0,0.0,1.6301999999999999,0.0,2.0618,0,0,0,0,0.0,0.0,0.0,0.6074,0.3779
风电1-光伏1,1,1,36.0,22:00-23:00,23,1.56,4.88,0.0,4.88,0.0,0.0,0.0,1.56,0.0,3.32,0,0,0,0,0.0,0.0,0.0,0.6074,0.3779
风电1-光伏1,1,1,36.0,23:00-24:00,24,1.4802,3.1919999999999997,0.0,3.1919999999999997,20.000000000000007,20.0,1.5000000000000002,42.98020000000001,39.78820000000001,0.0,1,1,1,1,280.0000000000001,320.0,3000.0000000000005,0.3424,0.3779
风电1-光伏2,1,2,72.0,0:00-1:00,1,1.3698000000000001,9.776,0.0,9.776,20.0,20.0,1.5,42.8698,33.0938,0.0,1,1,1,1,280.0,320.0,3000.0,0.3424,0.3779
风电1-光伏2,1,2,72.0,1:00-2:00,2,1.0997999999999999,10.904,0.0,10.904,20.0,20.0,1.5,42.5998,31.695800000000002,0.0,1,1,1,1,280.0,320.0,3000.0,0.3424,0.3779
风电1-光伏2,1,2,72.0,2:00-3:00,3,0.7998000000000001,15.152000000000001,0.0,15.152000000000001,20.0,20.0,1.5,42.299800000000005,27.147800000000004,0.0,1,1,1,1,280.0,320.0,3000.0,0.3424,0.3779
风电1-光伏2,1,2,72.0,3:00-4:00,4,0.99,13.312,0.0,13.312,20.0,20.0,1.5,42.489999999999995,29.177999999999997,0.0,1,1,1,1,280.0,320.0,3000.0,0.3424,0.3779
风电1-光伏2,1,2,72.0,4:00-5:00,5,1.1802000000000001,15.072000000000001,0.0,15.072000000000001,20.0,20.0,1.5,42.6802,27.608199999999997,0.0,1,1,1,1,280.0,320.0,3000.0,0.3424,0.3779
风电1-光伏2,1,2,72.0,5:00-6:00,6,1.6301999999999999,18.724,0.0,18.724,20.0,20.0,1.5,43.1302,24.406200000000002,0.0,1,1,1,1,280.0,320.0,3000.0,0.3424,0.3779
风电1-光伏2,1,2,72.0,6:00-7:00,7,2.5002,9.628,0.0,9.628,20.0,20.0,1.5,44.0002,34.3722,0.0,1,1,1,1,280.0,320.0,3000.0,0.3424,0.3779
风电1-光伏2,1,2,72.0,7:00-8:00,8,3.3701999999999996,22.804000000000002,3.2,26.004,20.0,20.0,1.5,44.8702,18.866199999999996,0.0,1,1,1,1,280.0,320.0,3000.0,0.6074,0.3779
风电1-光伏2,1,2,72.0,8:00-9:00,9,4.0098,17.852,10.88,28.732,20.0,20.0,1.5,45.5098,16.7778,0.0,1,1,1,1,280.0,320.0,3000.0,0.6074,0.3779
风电1-光伏2,1,2,72.0,9:00-10:00,10,4.199999999999999,14.328000000000001,17.92,32.248000000000005,20.0,20.0,1.5,45.7,13.451999999999998,0.0,1,1,1,1,280.0,320.0,3000.0,0.6074,0.3779
风电1-光伏2,1,2,72.0,10:00-11:00,11,4.1202,11.904,24.96,36.864000000000004,20.0,20.0,1.5,45.6202,8.756199999999993,0.0,1,1,1,1,280.0,320.0,3000.0,0.8024,0.3779
风电1-光伏2,1,2,72.0,11:00-12:00,12,3.9000000000000004,7.736,31.36,39.096,20.0,20.0,1.5,45.4,6.304000000000002,0.0,1,1,1,1,280.0,320.0,3000.0,0.8024,0.3779
风电1-光伏2,1,2,72.0,12:00-13:00,13,3.2598000000000003,8.556000000000001,35.84,44.396,20.0,20.0,1.5,44.7598,0.3637999999999977,0.0,1,1,1,1,280.0,320.0,3000.0,0.8024,0.3779
风电1-光伏2,1,2,72.0,13:00-14:00,14,2.6898,14.52,37.12,51.64,20.0,20.0,1.5,44.1898,0.0,7.450200000000002,1,1,1,0,280.0,320.0,3000.0,0.8024,0.3779
风电1-光伏2,1,2,72.0,14:00-15:00,15,3.63,6.707999999999999,32.0,38.708,20.0,20.0,1.5,45.129999999999995,6.421999999999997,0.0,1,1,1,1,280.0,320.0,3000.0,0.8024,0.3779
风电1-光伏2,1,2,72.0,15:00-16:00,16,3.8202000000000003,11.175999999999998,25.6,36.775999999999996,20.0,20.0,1.5,45.3202,8.544200000000004,0.0,1,1,1,1,280.0,320.0,3000.0,0.6074,0.3779
风电1-光伏2,1,2,72.0,16:00-17:00,17,3.75,10.107999999999999,19.2,29.308,20.0,20.0,1.5,45.25,15.942,0.0,1,1,1,1,280.0,320.0,3000.0,0.6074,0.3779
风电1-光伏2,1,2,72.0,17:00-18:00,18,3.1398,6.3839999999999995,9.6,15.983999999999998,20.0,20.0,1.5,44.6398,28.655800000000003,0.0,1,1,1,1,280.0,320.0,3000.0,0.6074,0.3779
风电1-光伏2,1,2,72.0,18:00-19:00,19,2.61,6.428000000000001,3.2,9.628,20.0,20.0,1.5,44.11,34.482,0.0,1,1,1,1,280.0,320.0,3000.0,0.8024,0.3779
风电1-光伏2,1,2,72.0,19:00-20:00,20,2.1198,5.736,0.0,5.736,20.0,20.0,1.5,43.6198,37.8838,0.0,1,1,1,1,280.0,320.0,3000.0,0.8024,0.3779
风电1-光伏2,1,2,72.0,20:00-21:00,21,1.8599999999999999,3.752,0.0,3.752,20.0,20.0,1.5,43.36,39.608,0.0,1,1,1,1,280.0,320.0,3000.0,0.8024,0.3779
风电1-光伏2,1,2,72.0,21:00-22:00,22,1.6301999999999999,3.6919999999999997,0.0,3.6919999999999997,20.0,20.0,1.5,43.1302,39.4382,0.0,1,1,1,1,280.0,320.0,3000.0,0.6074,0.3779
风电1-光伏2,1,2,72.0,22:00-23:00,23,1.56,4.88,0.0,4.88,20.0,20.0,1.5,43.06,38.18,0.0,1,1,1,1,280.0,320.0,3000.0,0.6074,0.3779
风电1-光伏2,1,2,72.0,23:00-24:00,24,1.4802,3.1919999999999997,0.0,3.1919999999999997,20.0,20.0,1.5,42.980199999999996,39.788199999999996,0.0,1,1,1,1,280.0,320.0,3000.0,0.3424,0.3779
风电1-光伏2,1,2,63.0,0:00-1:00,1,1.3698000000000001,9.776,0.0,9.776,20.0,20.0,1.5,42.8698,33.0938,0.0,1,1,1,1,280.0,320.0,3000.0,0.3424,0.3779
风电1-光伏2,1,2,63.0,1:00-2:00,2,1.0997999999999999,10.904,0.0,10.904,20.000000000000007,20.0,1.5000000000000002,42.5998,31.695800000000002,0.0,1,1,1,1,280.0000000000001,320.0,3000.0000000000005,0.3424,0.3779
风电1-光伏2,1,2,63.0,2:00-3:00,3,0.7998000000000001,15.152000000000001,0.0,15.152000000000001,20.0,20.0,1.5,42.299800000000005,27.147800000000004,0.0,1,1,1,1,280.0,320.0,3000.0,0.3424,0.3779
风电1-光伏2,1,2,63.0,3:00-4:00,4,0.99,13.312,0.0,13.312,20.0,19.999999999999993,1.4999999999999998,42.489999999999995,29.177999999999997,0.0,1,1,1,1,280.0,319.9999999999999,2999.9999999999995,0.3424,0.3779
风电1-光伏2,1,2,63.0,4:00-5:00,5,1.1802000000000001,15.072000000000001,0.0,15.072000000000001,20.0,20.0,1.5,42.6802,27.608199999999997,0.0,1,1,1,1,280.0,320.0,3000.0,0.3424,0.3779
风电1-光伏2,1,2,63.0,5:00-6:00,6,1.6301999999999999,18.724,0.0,18.724,20.0,20.0,1.5,43.1302,24.406200000000002,0.0,1,1,1,1,280.0,320.0,3000.0,0.3424,0.3779
风电1-光伏2,1,2,63.0,6:00-7:00,7,2.5002,9.628,0.0,9.628,20.0,20.0,1.5,44.0002,34.3722,0.0,1,1,1,1,280.0,320.0,3000.0,0.3424,0.3779
风电1-光伏2,1,2,63.0,7:00-8:00,8,3.3701999999999996,22.804000000000002,3.2,26.004,20.0,20.0,1.5,44.8702,18.866199999999996,0.0,1,1,1,1,280.0,320.0,3000.0,0.6074,0.3779
风电1-光伏2,1,2,63.0,8:00-9:00,9,4.0098,17.852,10.88,28.732,20.0,19.999999999999993,1.4999999999999998,45.50979999999999,16.777799999999992,0.0,1,1,1,1,280.0,319.9999999999999,2999.9999999999995,0.6074,0.3779
风电1-光伏2,1,2,63.0,9:00-10:00,10,4.199999999999999,14.328000000000001,17.92,32.248000000000005,20.0,20.0,1.5,45.7,13.451999999999998,0.0,1,1,1,1,280.0,320.0,3000.0,0.6074,0.3779
风电1-光伏2,1,2,63.0,10:00-11:00,11,4.1202,11.904,24.96,36.864000000000004,11.539903381642521,20.0,1.2038966183574882,36.86400000000001,7.105427357601002e-15,0.0,1,1,1,0,161.5586473429953,320.0,2407.7932367149765,0.8024,0.3779
风电1-光伏2,1,2,63.0,11:00-12:00,12,3.9000000000000004,7.736,31.36,39.096,13.909178743961352,20.0,1.2868212560386474,39.096000000000004,7.105427357601002e-15,0.0,1,1,1,0,194.72850241545893,320.0,2573.6425120772947,0.8024,0.3779
风电1-光伏2,1,2,63.0,12:00-13:00,13,3.2598000000000003,8.556000000000001,35.84,44.396,19.648502415458942,20.0,1.487697584541063,44.396,0.0,0.0,1,1,1,0,275.0790338164252,320.0,2975.395169082126,0.8024,0.3779
风电1-光伏2,1,2,63.0,13:00-14:00,14,2.6898,14.52,37.12,51.64,20.0,20.0,1.5,44.1898,0.0,7.450200000000002,1,1,1,0,280.0,320.0,3000.0,0.8024,0.3779
风电1-光伏2,1,2,63.0,14:00-15:00,15,3.63,6.707999999999999,32.0,38.708,13.795169082125597,20.0,1.282830917874396,38.70799999999999,0.0,7.105427357601002e-15,1,1,1,0,193.13236714975835,320.0,2565.661835748792,0.8024,0.3779
风电1-光伏2,1,2,63.0,15:00-16:00,16,3.8202000000000003,11.175999999999998,25.6,36.775999999999996,19.999999772406426,19.999999999999996,1.4999999920342248,45.32019976444065,8.544199764440656,0.0,1,1,1,1,279.99999681368996,319.99999999999994,2999.9999840684495,0.6074,0.3779
风电1-光伏2,1,2,63.0,16:00-17:00,17,3.75,10.107999999999999,19.2,29.308,20.0,20.0,1.5,45.25,15.942,0.0,1,1,1,1,280.0,320.0,3000.0,0.6074,0.3779
风电1-光伏2,1,2,63.0,17:00-18:00,18,3.1398,6.3839999999999995,9.6,15.983999999999998,20.0,20.0,1.5,44.6398,28.655800000000003,0.0,1,1,1,1,280.0,320.0,3000.0,0.6074,0.3779
风电1-光伏2,1,2,63.0,18:00-19:00,19,2.61,6.428000000000001,3.2,9.628,0.0,6.748076923076924,0.26992307692307693,9.628,0.0,0.0,0,1,1,0,0.0,107.96923076923079,539.8461538461538,0.8024,0.3779
风电1-光伏2,1,2,63.0,19:00-20:00,20,2.1198,5.736,0.0,5.736,0.0,3.7499999999999987,0.14999999999999997,6.019799999999999,0.2837999999999994,0.0,0,1,1,1,0.0,59.99999999999998,299.99999999999994,0.8024,0.3779
风电1-光伏2,1,2,63.0,20:00-21:00,21,1.8599999999999999,3.752,0.0,3.752,0.0,7.9707638557773155,0.31883055423109263,10.149594410008408,6.397594410008408,0.0,0,1,1,1,0.0,127.53222169243705,637.6611084621852,0.8024,0.3779
风电1-光伏2,1,2,63.0,21:00-22:00,22,1.6301999999999999,3.6919999999999997,0.0,3.6919999999999997,20.000000000000007,20.0,1.5000000000000002,43.1302,39.4382,0.0,1,1,1,1,280.0000000000001,320.0,3000.0000000000005,0.6074,0.3779
风电1-光伏2,1,2,63.0,22:00-23:00,23,1.56,4.88,0.0,4.88,20.0,20.0,1.5,43.06,38.18,0.0,1,1,1,1,280.0,320.0,3000.0,0.6074,0.3779
风电1-光伏2,1,2,63.0,23:00-24:00,24,1.4802,3.1919999999999997,0.0,3.1919999999999997,20.000000000000007,20.0,1.5000000000000002,42.98020000000001,39.78820000000001,0.0,1,1,1,1,280.0000000000001,320.0,3000.0000000000005,0.3424,0.3779
风电1-光伏2,1,2,54.0,0:00-1:00,1,1.3698000000000001,9.776,0.0,9.776,20.0,20.0,1.5,42.8698,33.0938,0.0,1,1,1,1,280.0,320.0,3000.0,0.3424,0.3779
风电1-光伏2,1,2,54.0,1:00-2:00,2,1.0997999999999999,10.904,0.0,10.904,20.000000000000007,20.0,1.5000000000000002,42.5998,31.695800000000002,0.0,1,1,1,1,280.0000000000001,320.0,3000.0000000000005,0.3424,0.3779
风电1-光伏2,1,2,54.0,2:00-3:00,3,0.7998000000000001,15.152000000000001,0.0,15.152000000000001,20.0,20.0,1.5,42.299800000000005,27.147800000000004,0.0,1,1,1,1,280.0,320.0,3000.0,0.3424,0.3779
风电1-光伏2,1,2,54.0,3:00-4:00,4,0.99,13.312,0.0,13.312,20.0,19.999999999999993,1.4999999999999998,42.489999999999995,29.177999999999997,0.0,1,1,1,1,280.0,319.9999999999999,2999.9999999999995,0.3424,0.3779
风电1-光伏2,1,2,54.0,4:00-5:00,5,1.1802000000000001,15.072000000000001,0.0,15.072000000000001,20.0,20.0,1.5,42.6802,27.608199999999997,0.0,1,1,1,1,280.0,320.0,3000.0,0.3424,0.3779
风电1-光伏2,1,2,54.0,5:00-6:00,6,1.6301999999999999,18.724,0.0,18.724,20.0,20.0,1.5,43.1302,24.406200000000002,0.0,1,1,1,1,280.0,320.0,3000.0,0.3424,0.3779
风电1-光伏2,1,2,54.0,6:00-7:00,7,2.5002,9.628,0.0,9.628,20.0,20.0,1.5,44.0002,34.3722,0.0,1,1,1,1,280.0,320.0,3000.0,0.3424,0.3779
风电1-光伏2,1,2,54.0,7:00-8:00,8,3.3701999999999996,22.804000000000002,3.2,26.004,9.118001648412823,20.0,1.1191300576944487,33.607331706107274,7.603331706107273,0.0,1,1,1,1,127.65202307777953,320.0,2238.2601153888972,0.6074,0.3779
风电1-光伏2,1,2,54.0,8:00-9:00,9,4.0098,17.852,10.88,28.732,3.789565217391307,20.0,0.9326347826086957,28.732,0.0,0.0,1,1,1,0,53.053913043478296,320.0,1865.2695652173913,0.6074,0.3779
风电1-光伏2,1,2,54.0,9:00-10:00,10,4.199999999999999,14.328000000000001,17.92,32.248000000000005,7.0028985507246455,20.0,1.0451014492753625,32.248000000000005,0.0,0.0,1,1,1,0,98.04057971014504,320.0,2090.202898550725,0.6074,0.3779
风电1-光伏2,1,2,54.0,10:00-11:00,11,4.1202,11.904,24.96,36.864000000000004,11.539903381642521,20.0,1.2038966183574882,36.86400000000001,7.105427357601002e-15,0.0,1,1,1,0,161.5586473429953,320.0,2407.7932367149765,0.8024,0.3779
风电1-光伏2,1,2,54.0,11:00-12:00,12,3.9000000000000004,7.736,31.36,39.096,13.909178743961352,20.0,1.2868212560386474,39.096000000000004,7.105427357601002e-15,0.0,1,1,1,0,194.72850241545893,320.0,2573.6425120772947,0.8024,0.3779
风电1-光伏2,1,2,54.0,12:00-13:00,13,3.2598000000000003,8.556000000000001,35.84,44.396,19.648502415458942,20.0,1.487697584541063,44.396,0.0,0.0,1,1,1,0,275.0790338164252,320.0,2975.395169082126,0.8024,0.3779
风电1-光伏2,1,2,54.0,13:00-14:00,14,2.6898,14.52,37.12,51.64,20.0,20.0,1.5,44.1898,0.0,7.450200000000002,1,1,1,0,280.0,320.0,3000.0,0.8024,0.3779
风电1-光伏2,1,2,54.0,14:00-15:00,15,3.63,6.707999999999999,32.0,38.708,13.795169082125597,20.0,1.282830917874396,38.70799999999999,0.0,7.105427357601002e-15,1,1,1,0,193.13236714975835,320.0,2565.661835748792,0.8024,0.3779
风电1-光伏2,1,2,54.0,15:00-16:00,16,3.8202000000000003,11.175999999999998,25.6,36.775999999999996,11.744734299516907,19.999999999999993,1.2110657004830916,36.77599999999999,0.0,7.105427357601002e-15,1,1,1,0,164.4262801932367,319.9999999999999,2422.1314009661833,0.6074,0.3779
风电1-光伏2,1,2,54.0,16:00-17:00,17,3.75,10.107999999999999,19.2,29.308,4.597101449275361,20.0,0.9608985507246377,29.308,0.0,0.0,1,1,1,0,64.35942028985505,320.0,1921.7971014492755,0.6074,0.3779
风电1-光伏2,1,2,54.0,17:00-18:00,18,3.1398,6.3839999999999995,9.6,15.983999999999998,0.0,20.0,0.7999999999999999,23.9398,7.9558000000000035,0.0,0,1,1,1,0.0,320.0,1599.9999999999998,0.6074,0.3779
风电1-光伏2,1,2,54.0,18:00-19:00,19,2.61,6.428000000000001,3.2,9.628,0.0,6.748076923076924,0.26992307692307693,9.628,0.0,0.0,0,1,1,0,0.0,107.96923076923079,539.8461538461538,0.8024,0.3779
风电1-光伏2,1,2,54.0,19:00-20:00,20,2.1198,5.736,0.0,5.736,0.0,3.7499999999999987,0.14999999999999997,6.019799999999999,0.2837999999999994,0.0,0,1,1,1,0.0,59.99999999999998,299.99999999999994,0.8024,0.3779
风电1-光伏2,1,2,54.0,20:00-21:00,21,1.8599999999999999,3.752,0.0,3.752,0.0,3.750000136976954,0.15000000547907816,5.760000142456032,2.008000142456032,0.0,0,1,1,1,0.0,60.00000219163126,300.00001095815634,0.8024,0.3779
风电1-光伏2,1,2,54.0,21:00-22:00,22,1.6301999999999999,3.6919999999999997,0.0,3.6919999999999997,0.0,20.0,0.7999999999999999,22.4302,18.7382,0.0,0,1,1,1,0.0,320.0,1599.9999999999998,0.6074,0.3779
风电1-光伏2,1,2,54.0,22:00-23:00,23,1.56,4.88,0.0,4.88,0.0,20.0,0.8,22.36,17.48,0.0,0,1,1,1,0.0,320.0,1600.0,0.6074,0.3779
风电1-光伏2,1,2,54.0,23:00-24:00,24,1.4802,3.1919999999999997,0.0,3.1919999999999997,20.000000000000007,20.0,1.5000000000000002,42.98020000000001,39.78820000000001,0.0,1,1,1,1,280.0000000000001,320.0,3000.0000000000005,0.3424,0.3779
风电1-光伏2,1,2,45.0,0:00-1:00,1,1.3698000000000001,9.776,0.0,9.776,20.0,20.0,1.5,42.8698,33.0938,0.0,1,1,1,1,280.0,320.0,3000.0,0.3424,0.3779
风电1-光伏2,1,2,45.0,1:00-2:00,2,1.0997999999999999,10.904,0.0,10.904,20.000000000000007,20.0,1.5000000000000002,42.5998,31.695800000000002,0.0,1,1,1,1,280.0000000000001,320.0,3000.0000000000005,0.3424,0.3779
风电1-光伏2,1,2,45.0,2:00-3:00,3,0.7998000000000001,15.152000000000001,0.0,15.152000000000001,20.0,20.0,1.5,42.299800000000005,27.147800000000004,0.0,1,1,1,1,280.0,320.0,3000.0,0.3424,0.3779
风电1-光伏2,1,2,45.0,3:00-4:00,4,0.99,13.312,0.0,13.312,20.0,19.999999999999993,1.4999999999999998,42.489999999999995,29.177999999999997,0.0,1,1,1,1,280.0,319.9999999999999,2999.9999999999995,0.3424,0.3779
风电1-光伏2,1,2,45.0,4:00-5:00,5,1.1802000000000001,15.072000000000001,0.0,15.072000000000001,20.0,20.0,1.5,42.6802,27.608199999999997,0.0,1,1,1,1,280.0,320.0,3000.0,0.3424,0.3779
风电1-光伏2,1,2,45.0,5:00-6:00,6,1.6301999999999999,18.724,0.0,18.724,20.0,20.0,1.5,43.1302,24.406200000000002,0.0,1,1,1,1,280.0,320.0,3000.0,0.3424,0.3779
风电1-光伏2,1,2,45.0,6:00-7:00,7,2.5002,9.628,0.0,9.628,20.0,20.0,1.5,44.0002,34.3722,0.0,1,1,1,1,280.0,320.0,3000.0,0.3424,0.3779
风电1-光伏2,1,2,45.0,7:00-8:00,8,3.3701999999999996,22.804000000000002,3.2,26.004,0.0,20.0,0.7999999999999999,24.1702,0.0,1.8338,0,1,1,0,0.0,320.0,1599.9999999999998,0.6074,0.3779
风电1-光伏2,1,2,45.0,8:00-9:00,9,4.0098,17.852,10.88,28.732,3.789565217391307,20.0,0.9326347826086957,28.732,0.0,0.0,1,1,1,0,53.053913043478296,320.0,1865.2695652173913,0.6074,0.3779
风电1-光伏2,1,2,45.0,9:00-10:00,10,4.199999999999999,14.328000000000001,17.92,32.248000000000005,7.0028985507246455,20.0,1.0451014492753625,32.248000000000005,0.0,0.0,1,1,1,0,98.04057971014504,320.0,2090.202898550725,0.6074,0.3779
风电1-光伏2,1,2,45.0,10:00-11:00,11,4.1202,11.904,24.96,36.864000000000004,0.0,19.999999999999996,0.7999999999999998,24.920199999999998,0.0,11.943800000000007,0,1,1,0,0.0,319.99999999999994,1599.9999999999995,0.8024,0.3779
风电1-光伏2,1,2,45.0,11:00-12:00,12,3.9000000000000004,7.736,31.36,39.096,0.0,20.0,0.7999999999999999,24.7,0.0,14.395999999999997,0,1,1,0,0.0,320.0,1599.9999999999998,0.8024,0.3779
风电1-光伏2,1,2,45.0,12:00-13:00,13,3.2598000000000003,8.556000000000001,35.84,44.396,18.809514615430057,20.0,1.4583330115400521,43.52764762697011,0.0,0.868352373029893,1,1,1,0,263.3332046160208,320.0,2916.6660230801044,0.8024,0.3779
风电1-光伏2,1,2,45.0,13:00-14:00,14,2.6898,14.52,37.12,51.64,20.0,20.0,1.5,44.1898,0.0,7.450200000000002,1,1,1,0,280.0,320.0,3000.0,0.8024,0.3779
风电1-光伏2,1,2,45.0,14:00-15:00,15,3.63,6.707999999999999,32.0,38.708,0.0,20.0,0.8,24.43,0.0,14.277999999999999,0,1,1,0,0.0,320.0,1600.0,0.8024,0.3779
风电1-光伏2,1,2,45.0,15:00-16:00,16,3.8202000000000003,11.175999999999998,25.6,36.775999999999996,0.0,19.99999999999999,0.7999999999999996,24.62019999999999,0.0,12.155800000000006,0,1,1,0,0.0,319.99999999999983,1599.999999999999,0.6074,0.3779
风电1-光伏2,1,2,45.0,16:00-17:00,17,3.75,10.107999999999999,19.2,29.308,0.0,20.0,0.7999999999999999,24.55,0.0,4.757999999999999,0,1,1,0,0.0,320.0,1599.9999999999998,0.6074,0.3779
风电1-光伏2,1,2,45.0,17:00-18:00,18,3.1398,6.3839999999999995,9.6,15.983999999999998,0.0,12.350192307692305,0.4940076923076922,15.983999999999996,0.0,1.7763568394002505e-15,0,1,1,0,0.0,197.60307692307688,988.0153846153844,0.6074,0.3779
风电1-光伏2,1,2,45.0,18:00-19:00,19,2.61,6.428000000000001,3.2,9.628,0.0,6.748076923076924,0.26992307692307693,9.628,0.0,0.0,0,1,1,0,0.0,107.96923076923079,539.8461538461538,0.8024,0.3779
风电1-光伏2,1,2,45.0,19:00-20:00,20,2.1198,5.736,0.0,5.736,0.0,0.0,0.0,2.1198,0.0,3.6161999999999996,0,0,0,0,0.0,0.0,0.0,0.8024,0.3779
风电1-光伏2,1,2,45.0,20:00-21:00,21,1.8599999999999999,3.752,0.0,3.752,0.0,0.0,0.0,1.8599999999999999,0.0,1.892,0,0,0,0,0.0,0.0,0.0,0.8024,0.3779
风电1-光伏2,1,2,45.0,21:00-22:00,22,1.6301999999999999,3.6919999999999997,0.0,3.6919999999999997,0.0,0.0,0.0,1.6301999999999999,0.0,2.0618,0,0,0,0,0.0,0.0,0.0,0.6074,0.3779
风电1-光伏2,1,2,45.0,22:00-23:00,23,1.56,4.88,0.0,4.88,0.0,0.0,0.0,1.56,0.0,3.32,0,0,0,0,0.0,0.0,0.0,0.6074,0.3779
风电1-光伏2,1,2,45.0,23:00-24:00,24,1.4802,3.1919999999999997,0.0,3.1919999999999997,19.999999638431866,20.0,1.4999999873451153,42.98019962577698,39.78819962577698,0.0,1,1,1,1,279.99999493804614,320.0,2999.999974690231,0.3424,0.3779
风电1-光伏2,1,2,36.0,0:00-1:00,1,1.3698000000000001,9.776,0.0,9.776,20.0,20.0,1.5,42.8698,33.0938,0.0,1,1,1,1,280.0,320.0,3000.0,0.3424,0.3779
风电1-光伏2,1,2,36.0,1:00-2:00,2,1.0997999999999999,10.904,0.0,10.904,19.999999518184488,20.0,1.499999983136457,42.59979950132094,31.695799501320938,0.0,1,1,1,1,279.9999932545828,320.0,2999.999966272914,0.3424,0.3779
风电1-光伏2,1,2,36.0,2:00-3:00,3,0.7998000000000001,15.152000000000001,0.0,15.152000000000001,20.0,20.0,1.5,42.299800000000005,27.147800000000004,0.0,1,1,1,1,280.0,320.0,3000.0,0.3424,0.3779
风电1-光伏2,1,2,36.0,3:00-4:00,4,0.99,13.312,0.0,13.312,20.0,19.999999999999993,1.4999999999999998,42.489999999999995,29.177999999999997,0.0,1,1,1,1,280.0,319.9999999999999,2999.9999999999995,0.3424,0.3779
风电1-光伏2,1,2,36.0,4:00-5:00,5,1.1802000000000001,15.072000000000001,0.0,15.072000000000001,20.0,20.0,1.5,42.6802,27.608199999999997,0.0,1,1,1,1,280.0,320.0,3000.0,0.3424,0.3779
风电1-光伏2,1,2,36.0,5:00-6:00,6,1.6301999999999999,18.724,0.0,18.724,20.0,20.0,1.5,43.1302,24.406200000000002,0.0,1,1,1,1,280.0,320.0,3000.0,0.3424,0.3779
风电1-光伏2,1,2,36.0,6:00-7:00,7,2.5002,9.628,0.0,9.628,20.0,20.0,1.5,44.0002,34.3722,0.0,1,1,1,1,280.0,320.0,3000.0,0.3424,0.3779
风电1-光伏2,1,2,36.0,7:00-8:00,8,3.3701999999999996,22.804000000000002,3.2,26.004,0.0,0.0,0.0,3.3701999999999996,0.0,22.6338,0,0,0,0,0.0,0.0,0.0,0.6074,0.3779
风电1-光伏2,1,2,36.0,8:00-9:00,9,4.0098,17.852,10.88,28.732,0.0,20.0,0.7999999999999999,24.8098,0.0,3.9222,0,1,1,0,0.0,320.0,1599.9999999999998,0.6074,0.3779
风电1-光伏2,1,2,36.0,9:00-10:00,10,4.199999999999999,14.328000000000001,17.92,32.248000000000005,0.0,0.0,0.0,4.199999999999999,0.0,28.048000000000005,0,0,0,0,0.0,0.0,0.0,0.6074,0.3779
风电1-光伏2,1,2,36.0,10:00-11:00,11,4.1202,11.904,24.96,36.864000000000004,0.0,0.0,0.0,4.1202,0.0,32.74380000000001,0,0,0,0,0.0,0.0,0.0,0.8024,0.3779
风电1-光伏2,1,2,36.0,11:00-12:00,12,3.9000000000000004,7.736,31.36,39.096,0.0,20.0,0.7999999999999999,24.7,0.0,14.395999999999997,0,1,1,0,0.0,320.0,1599.9999999999998,0.8024,0.3779
风电1-光伏2,1,2,36.0,12:00-13:00,13,3.2598000000000003,8.556000000000001,35.84,44.396,0.0,20.0,0.8,24.0598,0.0,20.3362,0,1,1,0,0.0,320.0,1600.0,0.8024,0.3779
风电1-光伏2,1,2,36.0,13:00-14:00,14,2.6898,14.52,37.12,51.64,0.0,17.64980811389619,0.7059923245558475,21.045600438452038,0.0,30.594399561547963,0,1,1,0,0.0,282.396929822339,1411.984649111695,0.8024,0.3779
风电1-光伏2,1,2,36.0,14:00-15:00,15,3.63,6.707999999999999,32.0,38.708,0.0,20.0,0.8,24.43,0.0,14.277999999999999,0,1,1,0,0.0,320.0,1600.0,0.8024,0.3779
风电1-光伏2,1,2,36.0,15:00-16:00,16,3.8202000000000003,11.175999999999998,25.6,36.775999999999996,0.0,19.99999999999999,0.7999999999999996,24.62019999999999,0.0,12.155800000000006,0,1,1,0,0.0,319.99999999999983,1599.999999999999,0.6074,0.3779
风电1-光伏2,1,2,36.0,16:00-17:00,17,3.75,10.107999999999999,19.2,29.308,0.0,20.0,0.7999999999999999,24.55,0.0,4.757999999999999,0,1,1,0,0.0,320.0,1599.9999999999998,0.6074,0.3779
风电1-光伏2,1,2,36.0,17:00-18:00,18,3.1398,6.3839999999999995,9.6,15.983999999999998,0.0,12.350192307692305,0.4940076923076922,15.983999999999996,0.0,1.7763568394002505e-15,0,1,1,0,0.0,197.60307692307688,988.0153846153844,0.6074,0.3779
风电1-光伏2,1,2,36.0,18:00-19:00,19,2.61,6.428000000000001,3.2,9.628,0.0,0.0,0.0,2.61,0.0,7.018000000000001,0,0,0,0,0.0,0.0,0.0,0.8024,0.3779
风电1-光伏2,1,2,36.0,19:00-20:00,20,2.1198,5.736,0.0,5.736,0.0,0.0,0.0,2.1198,0.0,3.6161999999999996,0,0,0,0,0.0,0.0,0.0,0.8024,0.3779
风电1-光伏2,1,2,36.0,20:00-21:00,21,1.8599999999999999,3.752,0.0,3.752,0.0,0.0,0.0,1.8599999999999999,0.0,1.892,0,0,0,0,0.0,0.0,0.0,0.8024,0.3779
风电1-光伏2,1,2,36.0,21:00-22:00,22,1.6301999999999999,3.6919999999999997,0.0,3.6919999999999997,0.0,0.0,0.0,1.6301999999999999,0.0,2.0618,0,0,0,0,0.0,0.0,0.0,0.6074,0.3779
风电1-光伏2,1,2,36.0,22:00-23:00,23,1.56,4.88,0.0,4.88,0.0,0.0,0.0,1.56,0.0,3.32,0,0,0,0,0.0,0.0,0.0,0.6074,0.3779
风电1-光伏2,1,2,36.0,23:00-24:00,24,1.4802,3.1919999999999997,0.0,3.1919999999999997,20.000000000000007,20.0,1.5000000000000002,42.98020000000001,39.78820000000001,0.0,1,1,1,1,280.0000000000001,320.0,3000.0000000000005,0.3424,0.3779
风电1-光伏3,1,3,72.0,0:00-1:00,1,1.3698000000000001,9.776,0.0,9.776,20.0,20.0,1.5,42.8698,33.0938,0.0,1,1,1,1,280.0,320.0,3000.0,0.3424,0.3779
风电1-光伏3,1,3,72.0,1:00-2:00,2,1.0997999999999999,10.904,0.0,10.904,20.0,20.0,1.5,42.5998,31.695800000000002,0.0,1,1,1,1,280.0,320.0,3000.0,0.3424,0.3779
风电1-光伏3,1,3,72.0,2:00-3:00,3,0.7998000000000001,15.152000000000001,0.0,15.152000000000001,20.0,20.0,1.5,42.299800000000005,27.147800000000004,0.0,1,1,1,1,280.0,320.0,3000.0,0.3424,0.3779
风电1-光伏3,1,3,72.0,3:00-4:00,4,0.99,13.312,0.0,13.312,20.0,20.0,1.5,42.489999999999995,29.177999999999997,0.0,1,1,1,1,280.0,320.0,3000.0,0.3424,0.3779
风电1-光伏3,1,3,72.0,4:00-5:00,5,1.1802000000000001,15.072000000000001,0.0,15.072000000000001,20.0,20.0,1.5,42.6802,27.608199999999997,0.0,1,1,1,1,280.0,320.0,3000.0,0.3424,0.3779
风电1-光伏3,1,3,72.0,5:00-6:00,6,1.6301999999999999,18.724,0.0,18.724,20.0,20.0,1.5,43.1302,24.406200000000002,0.0,1,1,1,1,280.0,320.0,3000.0,0.3424,0.3779
风电1-光伏3,1,3,72.0,6:00-7:00,7,2.5002,9.628,0.0,9.628,20.0,20.0,1.5,44.0002,34.3722,0.0,1,1,1,1,280.0,320.0,3000.0,0.3424,0.3779
风电1-光伏3,1,3,72.0,7:00-8:00,8,3.3701999999999996,22.804000000000002,1.28,24.084000000000003,20.0,20.0,1.5,44.8702,20.786199999999994,0.0,1,1,1,1,280.0,320.0,3000.0,0.6074,0.3779
风电1-光伏3,1,3,72.0,8:00-9:00,9,4.0098,17.852,3.2,21.052,20.0,20.0,1.5,45.5098,24.4578,0.0,1,1,1,1,280.0,320.0,3000.0,0.6074,0.3779
风电1-光伏3,1,3,72.0,9:00-10:00,10,4.199999999999999,14.328000000000001,5.12,19.448,20.0,20.0,1.5,45.7,26.252000000000002,0.0,1,1,1,1,280.0,320.0,3000.0,0.6074,0.3779
风电1-光伏3,1,3,72.0,10:00-11:00,11,4.1202,11.904,7.68,19.584,20.0,20.0,1.5,45.6202,26.036199999999997,0.0,1,1,1,1,280.0,320.0,3000.0,0.8024,0.3779
风电1-光伏3,1,3,72.0,11:00-12:00,12,3.9000000000000004,7.736,11.52,19.256,20.0,20.0,1.5,45.4,26.144,0.0,1,1,1,1,280.0,320.0,3000.0,0.8024,0.3779
风电1-光伏3,1,3,72.0,12:00-13:00,13,3.2598000000000003,8.556000000000001,14.08,22.636000000000003,20.0,20.0,1.5,44.7598,22.123799999999996,0.0,1,1,1,1,280.0,320.0,3000.0,0.8024,0.3779
风电1-光伏3,1,3,72.0,13:00-14:00,14,2.6898,14.52,14.08,28.6,20.0,20.0,1.5,44.1898,15.589799999999997,0.0,1,1,1,1,280.0,320.0,3000.0,0.8024,0.3779
风电1-光伏3,1,3,72.0,14:00-15:00,15,3.63,6.707999999999999,11.52,18.227999999999998,20.0,20.0,1.5,45.129999999999995,26.901999999999997,0.0,1,1,1,1,280.0,320.0,3000.0,0.8024,0.3779
风电1-光伏3,1,3,72.0,15:00-16:00,16,3.8202000000000003,11.175999999999998,7.04,18.215999999999998,20.0,20.0,1.5,45.3202,27.104200000000002,0.0,1,1,1,1,280.0,320.0,3000.0,0.6074,0.3779
风电1-光伏3,1,3,72.0,16:00-17:00,17,3.75,10.107999999999999,5.12,15.227999999999998,20.0,20.0,1.5,45.25,30.022000000000002,0.0,1,1,1,1,280.0,320.0,3000.0,0.6074,0.3779
风电1-光伏3,1,3,72.0,17:00-18:00,18,3.1398,6.3839999999999995,3.2,9.584,20.0,20.0,1.5,44.6398,35.055800000000005,0.0,1,1,1,1,280.0,320.0,3000.0,0.6074,0.3779
风电1-光伏3,1,3,72.0,18:00-19:00,19,2.61,6.428000000000001,1.28,7.708000000000001,20.0,20.0,1.5,44.11,36.402,0.0,1,1,1,1,280.0,320.0,3000.0,0.8024,0.3779
风电1-光伏3,1,3,72.0,19:00-20:00,20,2.1198,5.736,0.0,5.736,20.0,20.0,1.5,43.6198,37.8838,0.0,1,1,1,1,280.0,320.0,3000.0,0.8024,0.3779
风电1-光伏3,1,3,72.0,20:00-21:00,21,1.8599999999999999,3.752,0.0,3.752,20.0,20.0,1.5,43.36,39.608,0.0,1,1,1,1,280.0,320.0,3000.0,0.8024,0.3779
风电1-光伏3,1,3,72.0,21:00-22:00,22,1.6301999999999999,3.6919999999999997,0.0,3.6919999999999997,20.0,20.0,1.5,43.1302,39.4382,0.0,1,1,1,1,280.0,320.0,3000.0,0.6074,0.3779
风电1-光伏3,1,3,72.0,22:00-23:00,23,1.56,4.88,0.0,4.88,20.0,20.0,1.5,43.06,38.18,0.0,1,1,1,1,280.0,320.0,3000.0,0.6074,0.3779
风电1-光伏3,1,3,72.0,23:00-24:00,24,1.4802,3.1919999999999997,0.0,3.1919999999999997,20.0,20.0,1.5,42.980199999999996,39.788199999999996,0.0,1,1,1,1,280.0,320.0,3000.0,0.3424,0.3779
风电1-光伏3,1,3,63.0,0:00-1:00,1,1.3698000000000001,9.776,0.0,9.776,20.0,19.999999999999993,1.4999999999999998,42.8698,33.0938,0.0,1,1,1,1,280.0,319.9999999999999,2999.9999999999995,0.3424,0.3779
风电1-光伏3,1,3,63.0,1:00-2:00,2,1.0997999999999999,10.904,0.0,10.904,19.999999999999993,20.0,1.4999999999999998,42.59979999999999,31.695799999999988,0.0,1,1,1,1,279.9999999999999,320.0,2999.9999999999995,0.3424,0.3779
风电1-光伏3,1,3,63.0,2:00-3:00,3,0.7998000000000001,15.152000000000001,0.0,15.152000000000001,20.0,20.0,1.5,42.299800000000005,27.147800000000004,0.0,1,1,1,1,280.0,320.0,3000.0,0.3424,0.3779
风电1-光伏3,1,3,63.0,3:00-4:00,4,0.99,13.312,0.0,13.312,20.0,19.999999999999993,1.4999999999999998,42.489999999999995,29.177999999999997,0.0,1,1,1,1,280.0,319.9999999999999,2999.9999999999995,0.3424,0.3779
风电1-光伏3,1,3,63.0,4:00-5:00,5,1.1802000000000001,15.072000000000001,0.0,15.072000000000001,20.0,20.0,1.5,42.6802,27.608199999999997,0.0,1,1,1,1,280.0,320.0,3000.0,0.3424,0.3779
风电1-光伏3,1,3,63.0,5:00-6:00,6,1.6301999999999999,18.724,0.0,18.724,20.0,20.0,1.5,43.1302,24.406200000000002,0.0,1,1,1,1,280.0,320.0,3000.0,0.3424,0.3779
风电1-光伏3,1,3,63.0,6:00-7:00,7,2.5002,9.628,0.0,9.628,19.999999999999993,20.0,1.4999999999999998,44.00019999999999,34.37219999999999,0.0,1,1,1,1,279.9999999999999,320.0,2999.9999999999995,0.3424,0.3779
风电1-光伏3,1,3,63.0,7:00-8:00,8,3.3701999999999996,22.804000000000002,1.28,24.084000000000003,20.0,20.0,1.5,44.8702,20.786199999999994,0.0,1,1,1,1,280.0,320.0,3000.0,0.6074,0.3779
风电1-光伏3,1,3,63.0,8:00-9:00,9,4.0098,17.852,3.2,21.052,20.0,20.0,1.5,45.5098,24.4578,0.0,1,1,1,1,280.0,320.0,3000.0,0.6074,0.3779
风电1-光伏3,1,3,63.0,9:00-10:00,10,4.199999999999999,14.328000000000001,5.12,19.448,20.0,20.0,1.5,45.7,26.252000000000002,0.0,1,1,1,1,280.0,320.0,3000.0,0.6074,0.3779
风电1-光伏3,1,3,63.0,10:00-11:00,11,4.1202,11.904,7.68,19.584,0.0,20.0,0.7999999999999999,24.9202,5.336200000000002,0.0,0,1,1,1,0.0,320.0,1599.9999999999998,0.8024,0.3779
风电1-光伏3,1,3,63.0,11:00-12:00,12,3.9000000000000004,7.736,11.52,19.256,0.0,20.0,0.7999999999999999,24.7,5.443999999999999,0.0,0,1,1,1,0.0,320.0,1599.9999999999998,0.8024,0.3779
风电1-光伏3,1,3,63.0,12:00-13:00,13,3.2598000000000003,8.556000000000001,14.08,22.636000000000003,0.0,20.0,0.7999999999999999,24.0598,1.4237999999999964,0.0,0,1,1,1,0.0,320.0,1599.9999999999998,0.8024,0.3779
风电1-光伏3,1,3,63.0,13:00-14:00,14,2.6898,14.52,14.08,28.6,4.9373913043478295,20.0,0.972808695652174,28.6,0.0,0.0,1,1,1,0,69.12347826086962,320.0,1945.617391304348,0.8024,0.3779
风电1-光伏3,1,3,63.0,14:00-15:00,15,3.63,6.707999999999999,11.52,18.227999999999998,0.0,20.0,0.8,24.43,6.202000000000002,0.0,0,1,1,1,0.0,320.0,1600.0,0.8024,0.3779
风电1-光伏3,1,3,63.0,15:00-16:00,16,3.8202000000000003,11.175999999999998,7.04,18.215999999999998,20.0,19.999999999999993,1.4999999999999998,45.32019999999999,27.104199999999995,0.0,1,1,1,1,280.0,319.9999999999999,2999.9999999999995,0.6074,0.3779
风电1-光伏3,1,3,63.0,16:00-17:00,17,3.75,10.107999999999999,5.12,15.227999999999998,20.0,20.0,1.5,45.25,30.022000000000002,0.0,1,1,1,1,280.0,320.0,3000.0,0.6074,0.3779
风电1-光伏3,1,3,63.0,17:00-18:00,18,3.1398,6.3839999999999995,3.2,9.584,20.0,20.0,1.5,44.6398,35.055800000000005,0.0,1,1,1,1,280.0,320.0,3000.0,0.6074,0.3779
风电1-光伏3,1,3,63.0,18:00-19:00,19,2.61,6.428000000000001,1.28,7.708000000000001,0.0,20.0,0.7999999999999999,23.41,15.701999999999998,0.0,0,1,1,1,0.0,320.0,1599.9999999999998,0.8024,0.3779
风电1-光伏3,1,3,63.0,19:00-20:00,20,2.1198,5.736,0.0,5.736,6.4911803307250215,20.0,1.0271913115753757,29.638171642300396,23.902171642300395,0.0,1,1,1,1,90.8765246301503,320.0,2054.3826231507514,0.8024,0.3779
风电1-光伏3,1,3,63.0,20:00-21:00,21,1.8599999999999999,3.752,0.0,3.752,20.0,20.000000000000007,1.5000000000000002,43.36000000000001,39.608000000000004,0.0,1,1,1,1,280.0,320.0000000000001,3000.0000000000005,0.8024,0.3779
风电1-光伏3,1,3,63.0,21:00-22:00,22,1.6301999999999999,3.6919999999999997,0.0,3.6919999999999997,19.99999979349857,20.0,1.4999999927724499,43.13019978627102,39.43819978627102,0.0,1,1,1,1,279.99999710898,320.0,2999.9999855448996,0.6074,0.3779
风电1-光伏3,1,3,63.0,22:00-23:00,23,1.56,4.88,0.0,4.88,20.0,20.0,1.5,43.06,38.18,0.0,1,1,1,1,280.0,320.0,3000.0,0.6074,0.3779
风电1-光伏3,1,3,63.0,23:00-24:00,24,1.4802,3.1919999999999997,0.0,3.1919999999999997,20.000000000000007,20.0,1.5000000000000002,42.98020000000001,39.78820000000001,0.0,1,1,1,1,280.0000000000001,320.0,3000.0000000000005,0.3424,0.3779
风电1-光伏3,1,3,54.0,0:00-1:00,1,1.3698000000000001,9.776,0.0,9.776,20.0,20.0,1.5,42.8698,33.0938,0.0,1,1,1,1,280.0,320.0,3000.0,0.3424,0.3779
风电1-光伏3,1,3,54.0,1:00-2:00,2,1.0997999999999999,10.904,0.0,10.904,20.000000000000007,20.0,1.5000000000000002,42.5998,31.695800000000002,0.0,1,1,1,1,280.0000000000001,320.0,3000.0000000000005,0.3424,0.3779
风电1-光伏3,1,3,54.0,2:00-3:00,3,0.7998000000000001,15.152000000000001,0.0,15.152000000000001,20.0,20.0,1.5,42.299800000000005,27.147800000000004,0.0,1,1,1,1,280.0,320.0,3000.0,0.3424,0.3779
风电1-光伏3,1,3,54.0,3:00-4:00,4,0.99,13.312,0.0,13.312,20.0,19.999999999999993,1.4999999999999998,42.489999999999995,29.177999999999997,0.0,1,1,1,1,280.0,319.9999999999999,2999.9999999999995,0.3424,0.3779
风电1-光伏3,1,3,54.0,4:00-5:00,5,1.1802000000000001,15.072000000000001,0.0,15.072000000000001,20.0,20.0,1.5,42.6802,27.608199999999997,0.0,1,1,1,1,280.0,320.0,3000.0,0.3424,0.3779
风电1-光伏3,1,3,54.0,5:00-6:00,6,1.6301999999999999,18.724,0.0,18.724,20.0,20.0,1.5,43.1302,24.406200000000002,0.0,1,1,1,1,280.0,320.0,3000.0,0.3424,0.3779
风电1-光伏3,1,3,54.0,6:00-7:00,7,2.5002,9.628,0.0,9.628,20.0,20.0,1.5,44.0002,34.3722,0.0,1,1,1,1,280.0,320.0,3000.0,0.3424,0.3779
风电1-光伏3,1,3,54.0,7:00-8:00,8,3.3701999999999996,22.804000000000002,1.28,24.084000000000003,20.0,20.0,1.5,44.8702,20.786199999999994,0.0,1,1,1,1,280.0,320.0,3000.0,0.6074,0.3779
风电1-光伏3,1,3,54.0,8:00-9:00,9,4.0098,17.852,3.2,21.052,20.0,20.0,1.5,45.5098,24.4578,0.0,1,1,1,1,280.0,320.0,3000.0,0.6074,0.3779
风电1-光伏3,1,3,54.0,9:00-10:00,10,4.199999999999999,14.328000000000001,5.12,19.448,20.0,20.0,1.5,45.7,26.252000000000002,0.0,1,1,1,1,280.0,320.0,3000.0,0.6074,0.3779
风电1-光伏3,1,3,54.0,10:00-11:00,11,4.1202,11.904,7.68,19.584,0.0,14.86903846153846,0.5947615384615385,19.583999999999996,0.0,3.552713678800501e-15,0,1,1,0,0.0,237.90461538461537,1189.5230769230768,0.8024,0.3779
风电1-光伏3,1,3,54.0,11:00-12:00,12,3.9000000000000004,7.736,11.52,19.256,0.0,14.765384615384617,0.5906153846153847,19.256000000000004,3.552713678800501e-15,0.0,0,1,1,0,0.0,236.24615384615387,1181.2307692307693,0.8024,0.3779
风电1-光伏3,1,3,54.0,12:00-13:00,13,3.2598000000000003,8.556000000000001,14.08,22.636000000000003,0.0,18.63096153846154,0.7452384615384617,22.636000000000003,0.0,0.0,0,1,1,0,0.0,298.09538461538466,1490.4769230769234,0.8024,0.3779
风电1-光伏3,1,3,54.0,13:00-14:00,14,2.6898,14.52,14.08,28.6,4.9373913043478295,20.0,0.972808695652174,28.6,0.0,0.0,1,1,1,0,69.12347826086962,320.0,1945.617391304348,0.8024,0.3779
风电1-光伏3,1,3,54.0,14:00-15:00,15,3.63,6.707999999999999,11.52,18.227999999999998,0.0,14.036538461538461,0.5614615384615385,18.228,3.552713678800501e-15,0.0,0,1,1,0,0.0,224.58461538461538,1122.923076923077,0.8024,0.3779
风电1-光伏3,1,3,54.0,15:00-16:00,16,3.8202000000000003,11.175999999999998,7.04,18.215999999999998,0.0,20.0,0.7999999999999999,24.6202,6.404200000000003,0.0,0,1,1,1,0.0,320.0,1599.9999999999998,0.6074,0.3779
风电1-光伏3,1,3,54.0,16:00-17:00,17,3.75,10.107999999999999,5.12,15.227999999999998,20.0,20.0,1.5,45.25,30.022000000000002,0.0,1,1,1,1,280.0,320.0,3000.0,0.6074,0.3779
风电1-光伏3,1,3,54.0,17:00-18:00,18,3.1398,6.3839999999999995,3.2,9.584,20.0,20.0,1.5,44.6398,35.055800000000005,0.0,1,1,1,1,280.0,320.0,3000.0,0.6074,0.3779
风电1-光伏3,1,3,54.0,18:00-19:00,19,2.61,6.428000000000001,1.28,7.708000000000001,0.0,4.901923076923078,0.19607692307692312,7.708,0.0,8.881784197001252e-16,0,1,1,0,0.0,78.43076923076924,392.15384615384625,0.8024,0.3779
风电1-光伏3,1,3,54.0,19:00-20:00,20,2.1198,5.736,0.0,5.736,0.0,3.7499999999999987,0.14999999999999997,6.019799999999999,0.2837999999999994,0.0,0,1,1,1,0.0,59.99999999999998,299.99999999999994,0.8024,0.3779
风电1-光伏3,1,3,54.0,20:00-21:00,21,1.8599999999999999,3.752,0.0,3.752,0.0,3.7500002028578825,0.1500000081143153,5.760000210972198,2.008000210972198,0.0,0,1,1,1,0.0,60.00000324572612,300.0000162286306,0.8024,0.3779
风电1-光伏3,1,3,54.0,21:00-22:00,22,1.6301999999999999,3.6919999999999997,0.0,3.6919999999999997,20.000000000000007,20.0,1.5000000000000002,43.1302,39.4382,0.0,1,1,1,1,280.0000000000001,320.0,3000.0000000000005,0.6074,0.3779
风电1-光伏3,1,3,54.0,22:00-23:00,23,1.56,4.88,0.0,4.88,12.54392714513325,20.000000000000007,1.239037450079664,35.34296459521292,30.46296459521292,0.0,1,1,1,1,175.61498003186549,320.0000000000001,2478.0749001593276,0.6074,0.3779
风电1-光伏3,1,3,54.0,23:00-24:00,24,1.4802,3.1919999999999997,0.0,3.1919999999999997,20.000000000000007,20.0,1.5000000000000002,42.98020000000001,39.78820000000001,0.0,1,1,1,1,280.0000000000001,320.0,3000.0000000000005,0.3424,0.3779
风电1-光伏3,1,3,45.0,0:00-1:00,1,1.3698000000000001,9.776,0.0,9.776,20.0,19.999999999999993,1.4999999999999998,42.8698,33.0938,0.0,1,1,1,1,280.0,319.9999999999999,2999.9999999999995,0.3424,0.3779
风电1-光伏3,1,3,45.0,1:00-2:00,2,1.0997999999999999,10.904,0.0,10.904,19.999999999999993,20.0,1.4999999999999998,42.59979999999999,31.695799999999988,0.0,1,1,1,1,279.9999999999999,320.0,2999.9999999999995,0.3424,0.3779
风电1-光伏3,1,3,45.0,2:00-3:00,3,0.7998000000000001,15.152000000000001,0.0,15.152000000000001,20.0,20.0,1.5,42.299800000000005,27.147800000000004,0.0,1,1,1,1,280.0,320.0,3000.0,0.3424,0.3779
风电1-光伏3,1,3,45.0,3:00-4:00,4,0.99,13.312,0.0,13.312,20.0,19.999999999999993,1.4999999999999998,42.489999999999995,29.177999999999997,0.0,1,1,1,1,280.0,319.9999999999999,2999.9999999999995,0.3424,0.3779
风电1-光伏3,1,3,45.0,4:00-5:00,5,1.1802000000000001,15.072000000000001,0.0,15.072000000000001,20.0,20.0,1.5,42.6802,27.608199999999997,0.0,1,1,1,1,280.0,320.0,3000.0,0.3424,0.3779
风电1-光伏3,1,3,45.0,5:00-6:00,6,1.6301999999999999,18.724,0.0,18.724,20.0,20.0,1.5,43.1302,24.406200000000002,0.0,1,1,1,1,280.0,320.0,3000.0,0.3424,0.3779
风电1-光伏3,1,3,45.0,6:00-7:00,7,2.5002,9.628,0.0,9.628,19.999999999999993,20.0,1.4999999999999998,44.00019999999999,34.37219999999999,0.0,1,1,1,1,279.9999999999999,320.0,2999.9999999999995,0.3424,0.3779
风电1-光伏3,1,3,45.0,7:00-8:00,8,3.3701999999999996,22.804000000000002,1.28,24.084000000000003,0.0,20.0,0.7999999999999999,24.1702,0.08619999999999806,0.0,0,1,1,1,0.0,320.0,1599.9999999999998,0.6074,0.3779
风电1-光伏3,1,3,45.0,8:00-9:00,9,4.0098,17.852,3.2,21.052,0.0,20.0,0.7999999999999999,24.8098,3.7577999999999996,0.0,0,1,1,1,0.0,320.0,1599.9999999999998,0.6074,0.3779
风电1-光伏3,1,3,45.0,9:00-10:00,10,4.199999999999999,14.328000000000001,5.12,19.448,0.0,20.0,0.7999999999999999,25.0,5.552,0.0,0,1,1,1,0.0,320.0,1599.9999999999998,0.6074,0.3779
风电1-光伏3,1,3,45.0,10:00-11:00,11,4.1202,11.904,7.68,19.584,0.0,14.86903846153846,0.5947615384615385,19.583999999999996,0.0,3.552713678800501e-15,0,1,1,0,0.0,237.90461538461537,1189.5230769230768,0.8024,0.3779
风电1-光伏3,1,3,45.0,11:00-12:00,12,3.9000000000000004,7.736,11.52,19.256,0.0,14.765384615384615,0.5906153846153847,19.256000000000004,3.552713678800501e-15,0.0,0,1,1,0,0.0,236.24615384615385,1181.2307692307693,0.8024,0.3779
风电1-光伏3,1,3,45.0,12:00-13:00,13,3.2598000000000003,8.556000000000001,14.08,22.636000000000003,0.0,18.630961538461545,0.7452384615384617,22.63600000000001,7.105427357601002e-15,0.0,0,1,1,0,0.0,298.0953846153847,1490.4769230769234,0.8024,0.3779
风电1-光伏3,1,3,45.0,13:00-14:00,14,2.6898,14.52,14.08,28.6,4.9373913043478295,20.0,0.972808695652174,28.6,0.0,0.0,1,1,1,0,69.12347826086962,320.0,1945.617391304348,0.8024,0.3779
风电1-光伏3,1,3,45.0,14:00-15:00,15,3.63,6.707999999999999,11.52,18.227999999999998,0.0,14.03653846153846,0.5614615384615385,18.227999999999998,0.0,0.0,0,1,1,0,0.0,224.58461538461535,1122.923076923077,0.8024,0.3779
风电1-光伏3,1,3,45.0,15:00-16:00,16,3.8202000000000003,11.175999999999998,7.04,18.215999999999998,0.0,20.0,0.7999999999999999,24.6202,6.404200000000003,0.0,0,1,1,1,0.0,320.0,1599.9999999999998,0.6074,0.3779
风电1-光伏3,1,3,45.0,16:00-17:00,17,3.75,10.107999999999999,5.12,15.227999999999998,0.0,20.0,0.7999999999999999,24.55,9.322000000000003,0.0,0,1,1,1,0.0,320.0,1599.9999999999998,0.6074,0.3779
风电1-光伏3,1,3,45.0,17:00-18:00,18,3.1398,6.3839999999999995,3.2,9.584,0.0,20.0,0.7999999999999999,23.9398,14.355800000000002,0.0,0,1,1,1,0.0,320.0,1599.9999999999998,0.6074,0.3779
风电1-光伏3,1,3,45.0,18:00-19:00,19,2.61,6.428000000000001,1.28,7.708000000000001,0.0,4.9019230769230795,0.19607692307692312,7.708000000000002,8.881784197001252e-16,0.0,0,1,1,0,0.0,78.43076923076927,392.15384615384625,0.8024,0.3779
风电1-光伏3,1,3,45.0,19:00-20:00,20,2.1198,5.736,0.0,5.736,0.0,3.7499999999999996,0.14999999999999997,6.0198,0.2838000000000003,0.0,0,1,1,1,0.0,59.99999999999999,299.99999999999994,0.8024,0.3779
风电1-光伏3,1,3,45.0,20:00-21:00,21,1.8599999999999999,3.752,0.0,3.752,0.0,3.75,0.15,5.76,2.008,0.0,0,1,1,1,0.0,60.0,300.0,0.8024,0.3779
风电1-光伏3,1,3,45.0,21:00-22:00,22,1.6301999999999999,3.6919999999999997,0.0,3.6919999999999997,0.0,20.0,0.7999999999999999,22.4302,18.7382,0.0,0,1,1,1,0.0,320.0,1599.9999999999998,0.6074,0.3779
风电1-光伏3,1,3,45.0,22:00-23:00,23,1.56,4.88,0.0,4.88,3.9724988055422172,20.000000000000004,0.9390374581939777,26.471536263736198,21.5915362637362,0.0,1,1,1,1,55.614983277591044,320.00000000000006,1878.0749163879552,0.6074,0.3779
风电1-光伏3,1,3,45.0,23:00-24:00,24,1.4802,3.1919999999999997,0.0,3.1919999999999997,19.999999999999993,20.0,1.4999999999999998,42.980199999999996,39.788199999999996,0.0,1,1,1,1,279.9999999999999,320.0,2999.9999999999995,0.3424,0.3779
风电1-光伏3,1,3,36.0,0:00-1:00,1,1.3698000000000001,9.776,0.0,9.776,20.0,20.0,1.5,42.8698,33.0938,0.0,1,1,1,1,280.0,320.0,3000.0,0.3424,0.3779
风电1-光伏3,1,3,36.0,1:00-2:00,2,1.0997999999999999,10.904,0.0,10.904,20.000000000000007,20.0,1.5000000000000002,42.5998,31.695800000000002,0.0,1,1,1,1,280.0000000000001,320.0,3000.0000000000005,0.3424,0.3779
风电1-光伏3,1,3,36.0,2:00-3:00,3,0.7998000000000001,15.152000000000001,0.0,15.152000000000001,20.0,20.0,1.5,42.299800000000005,27.147800000000004,0.0,1,1,1,1,280.0,320.0,3000.0,0.3424,0.3779
风电1-光伏3,1,3,36.0,3:00-4:00,4,0.99,13.312,0.0,13.312,20.0,19.999999999999993,1.4999999999999998,42.489999999999995,29.177999999999997,0.0,1,1,1,1,280.0,319.9999999999999,2999.9999999999995,0.3424,0.3779
风电1-光伏3,1,3,36.0,4:00-5:00,5,1.1802000000000001,15.072000000000001,0.0,15.072000000000001,20.0,20.0,1.5,42.6802,27.608199999999997,0.0,1,1,1,1,280.0,320.0,3000.0,0.3424,0.3779
风电1-光伏3,1,3,36.0,5:00-6:00,6,1.6301999999999999,18.724,0.0,18.724,19.999999356306922,20.000000000000004,1.4999999774707424,43.13019933377767,24.406199333777668,0.0,1,1,1,1,279.99999098829693,320.00000000000006,2999.9999549414847,0.3424,0.3779
风电1-光伏3,1,3,36.0,6:00-7:00,7,2.5002,9.628,0.0,9.628,20.0,20.0,1.5,44.0002,34.3722,0.0,1,1,1,1,280.0,320.0,3000.0,0.3424,0.3779
风电1-光伏3,1,3,36.0,7:00-8:00,8,3.3701999999999996,22.804000000000002,1.28,24.084000000000003,0.0,19.91711538461539,0.7966846153846155,24.084000000000007,3.552713678800501e-15,0.0,0,1,1,0,0.0,318.6738461538462,1593.369230769231,0.6074,0.3779
风电1-光伏3,1,3,36.0,8:00-9:00,9,4.0098,17.852,3.2,21.052,0.0,16.38673076923077,0.6554692307692308,21.052000000000003,3.552713678800501e-15,0.0,0,1,1,0,0.0,262.1876923076923,1310.9384615384615,0.6074,0.3779
风电1-光伏3,1,3,36.0,9:00-10:00,10,4.199999999999999,14.328000000000001,5.12,19.448,0.0,14.661538461538463,0.5864615384615385,19.448,0.0,0.0,0,1,1,0,0.0,234.5846153846154,1172.923076923077,0.6074,0.3779
风电1-光伏3,1,3,36.0,10:00-11:00,11,4.1202,11.904,7.68,19.584,0.0,14.86903846153846,0.5947615384615385,19.583999999999996,0.0,3.552713678800501e-15,0,1,1,0,0.0,237.90461538461537,1189.5230769230768,0.8024,0.3779
风电1-光伏3,1,3,36.0,11:00-12:00,12,3.9000000000000004,7.736,11.52,19.256,0.0,14.765384615384617,0.5906153846153847,19.256000000000004,3.552713678800501e-15,0.0,0,1,1,0,0.0,236.24615384615387,1181.2307692307693,0.8024,0.3779
风电1-光伏3,1,3,36.0,12:00-13:00,13,3.2598000000000003,8.556000000000001,14.08,22.636000000000003,0.0,18.63096153846154,0.7452384615384617,22.636000000000003,0.0,0.0,0,1,1,0,0.0,298.09538461538466,1490.4769230769234,0.8024,0.3779
风电1-光伏3,1,3,36.0,13:00-14:00,14,2.6898,14.52,14.08,28.6,0.0,20.0,0.8,23.4898,0.0,5.1102000000000025,0,1,1,0,0.0,320.0,1600.0,0.8024,0.3779
风电1-光伏3,1,3,36.0,14:00-15:00,15,3.63,6.707999999999999,11.52,18.227999999999998,0.0,14.036538461538461,0.5614615384615385,18.228,3.552713678800501e-15,0.0,0,1,1,0,0.0,224.58461538461538,1122.923076923077,0.8024,0.3779
风电1-光伏3,1,3,36.0,15:00-16:00,16,3.8202000000000003,11.175999999999998,7.04,18.215999999999998,0.0,5.6961544093852785,0.22784617637541113,9.74420058576069,0.0,8.471799414239307,0,1,1,0,0.0,91.13847055016446,455.69235275082224,0.6074,0.3779
风电1-光伏3,1,3,36.0,16:00-17:00,17,3.75,10.107999999999999,5.12,15.227999999999998,0.0,11.03653846153846,0.4414615384615384,15.227999999999998,0.0,0.0,0,1,1,0,0.0,176.58461538461535,882.9230769230768,0.6074,0.3779
风电1-光伏3,1,3,36.0,17:00-18:00,18,3.1398,6.3839999999999995,3.2,9.584,0.0,0.0,0.0,3.1398,0.0,6.4441999999999995,0,0,0,0,0.0,0.0,0.0,0.6074,0.3779
风电1-光伏3,1,3,36.0,18:00-19:00,19,2.61,6.428000000000001,1.28,7.708000000000001,0.0,0.0,0.0,2.61,0.0,5.098000000000001,0,0,0,0,0.0,0.0,0.0,0.8024,0.3779
风电1-光伏3,1,3,36.0,19:00-20:00,20,2.1198,5.736,0.0,5.736,0.0,0.0,0.0,2.1198,0.0,3.6161999999999996,0,0,0,0,0.0,0.0,0.0,0.8024,0.3779
风电1-光伏3,1,3,36.0,20:00-21:00,21,1.8599999999999999,3.752,0.0,3.752,0.0,0.0,0.0,1.8599999999999999,0.0,1.892,0,0,0,0,0.0,0.0,0.0,0.8024,0.3779
风电1-光伏3,1,3,36.0,21:00-22:00,22,1.6301999999999999,3.6919999999999997,0.0,3.6919999999999997,0.0,0.0,0.0,1.6301999999999999,0.0,2.0618,0,0,0,0,0.0,0.0,0.0,0.6074,0.3779
风电1-光伏3,1,3,36.0,22:00-23:00,23,1.56,4.88,0.0,4.88,0.0,0.0,0.0,1.56,0.0,3.32,0,0,0,0,0.0,0.0,0.0,0.6074,0.3779
风电1-光伏3,1,3,36.0,23:00-24:00,24,1.4802,3.1919999999999997,0.0,3.1919999999999997,20.000000000000007,20.0,1.5000000000000002,42.98020000000001,39.78820000000001,0.0,1,1,1,1,280.0000000000001,320.0,3000.0000000000005,0.3424,0.3779
风电1-光伏4,1,4,72.0,0:00-1:00,1,1.3698000000000001,9.776,0.0,9.776,20.0,20.0,1.5,42.8698,33.0938,0.0,1,1,1,1,280.0,320.0,3000.0,0.3424,0.3779
风电1-光伏4,1,4,72.0,1:00-2:00,2,1.0997999999999999,10.904,0.0,10.904,20.0,20.0,1.5,42.5998,31.695800000000002,0.0,1,1,1,1,280.0,320.0,3000.0,0.3424,0.3779
风电1-光伏4,1,4,72.0,2:00-3:00,3,0.7998000000000001,15.152000000000001,0.0,15.152000000000001,20.0,20.0,1.5,42.299800000000005,27.147800000000004,0.0,1,1,1,1,280.0,320.0,3000.0,0.3424,0.3779
风电1-光伏4,1,4,72.0,3:00-4:00,4,0.99,13.312,0.0,13.312,20.0,20.0,1.5,42.489999999999995,29.177999999999997,0.0,1,1,1,1,280.0,320.0,3000.0,0.3424,0.3779
风电1-光伏4,1,4,72.0,4:00-5:00,5,1.1802000000000001,15.072000000000001,0.0,15.072000000000001,20.0,20.0,1.5,42.6802,27.608199999999997,0.0,1,1,1,1,280.0,320.0,3000.0,0.3424,0.3779
风电1-光伏4,1,4,72.0,5:00-6:00,6,1.6301999999999999,18.724,0.0,18.724,20.0,20.0,1.5,43.1302,24.406200000000002,0.0,1,1,1,1,280.0,320.0,3000.0,0.3424,0.3779
风电1-光伏4,1,4,72.0,6:00-7:00,7,2.5002,9.628,0.0,9.628,20.0,20.0,1.5,44.0002,34.3722,0.0,1,1,1,1,280.0,320.0,3000.0,0.3424,0.3779
风电1-光伏4,1,4,72.0,7:00-8:00,8,3.3701999999999996,22.804000000000002,0.0,22.804000000000002,20.0,20.0,1.5,44.8702,22.066199999999995,0.0,1,1,1,1,280.0,320.0,3000.0,0.6074,0.3779
风电1-光伏4,1,4,72.0,8:00-9:00,9,4.0098,17.852,0.0,17.852,20.0,20.0,1.5,45.5098,27.657799999999998,0.0,1,1,1,1,280.0,320.0,3000.0,0.6074,0.3779
风电1-光伏4,1,4,72.0,9:00-10:00,10,4.199999999999999,14.328000000000001,0.0,14.328000000000001,20.0,20.0,1.5,45.7,31.372,0.0,1,1,1,1,280.0,320.0,3000.0,0.6074,0.3779
风电1-光伏4,1,4,72.0,10:00-11:00,11,4.1202,11.904,0.0,11.904,20.0,20.0,1.5,45.6202,33.7162,0.0,1,1,1,1,280.0,320.0,3000.0,0.8024,0.3779
风电1-光伏4,1,4,72.0,11:00-12:00,12,3.9000000000000004,7.736,1.28,9.016,20.0,20.0,1.5,45.4,36.384,0.0,1,1,1,1,280.0,320.0,3000.0,0.8024,0.3779
风电1-光伏4,1,4,72.0,12:00-13:00,13,3.2598000000000003,8.556000000000001,5.12,13.676000000000002,20.0,20.0,1.5,44.7598,31.083799999999997,0.0,1,1,1,1,280.0,320.0,3000.0,0.8024,0.3779
风电1-光伏4,1,4,72.0,13:00-14:00,14,2.6898,14.52,7.68,22.2,20.0,20.0,1.5,44.1898,21.9898,0.0,1,1,1,1,280.0,320.0,3000.0,0.8024,0.3779
风电1-光伏4,1,4,72.0,14:00-15:00,15,3.63,6.707999999999999,5.12,11.828,20.0,20.0,1.5,45.129999999999995,33.30199999999999,0.0,1,1,1,1,280.0,320.0,3000.0,0.8024,0.3779
风电1-光伏4,1,4,72.0,15:00-16:00,16,3.8202000000000003,11.175999999999998,1.28,12.455999999999998,20.0,20.0,1.5,45.3202,32.864200000000004,0.0,1,1,1,1,280.0,320.0,3000.0,0.6074,0.3779
风电1-光伏4,1,4,72.0,16:00-17:00,17,3.75,10.107999999999999,0.0,10.107999999999999,20.0,20.0,1.5,45.25,35.142,0.0,1,1,1,1,280.0,320.0,3000.0,0.6074,0.3779
风电1-光伏4,1,4,72.0,17:00-18:00,18,3.1398,6.3839999999999995,0.0,6.3839999999999995,20.0,20.0,1.5,44.6398,38.2558,0.0,1,1,1,1,280.0,320.0,3000.0,0.6074,0.3779
风电1-光伏4,1,4,72.0,18:00-19:00,19,2.61,6.428000000000001,0.0,6.428000000000001,20.0,20.0,1.5,44.11,37.682,0.0,1,1,1,1,280.0,320.0,3000.0,0.8024,0.3779
风电1-光伏4,1,4,72.0,19:00-20:00,20,2.1198,5.736,0.0,5.736,20.0,20.0,1.5,43.6198,37.8838,0.0,1,1,1,1,280.0,320.0,3000.0,0.8024,0.3779
风电1-光伏4,1,4,72.0,20:00-21:00,21,1.8599999999999999,3.752,0.0,3.752,20.0,20.0,1.5,43.36,39.608,0.0,1,1,1,1,280.0,320.0,3000.0,0.8024,0.3779
风电1-光伏4,1,4,72.0,21:00-22:00,22,1.6301999999999999,3.6919999999999997,0.0,3.6919999999999997,20.0,20.0,1.5,43.1302,39.4382,0.0,1,1,1,1,280.0,320.0,3000.0,0.6074,0.3779
风电1-光伏4,1,4,72.0,22:00-23:00,23,1.56,4.88,0.0,4.88,20.0,20.0,1.5,43.06,38.18,0.0,1,1,1,1,280.0,320.0,3000.0,0.6074,0.3779
风电1-光伏4,1,4,72.0,23:00-24:00,24,1.4802,3.1919999999999997,0.0,3.1919999999999997,20.0,20.0,1.5,42.980199999999996,39.788199999999996,0.0,1,1,1,1,280.0,320.0,3000.0,0.3424,0.3779
风电1-光伏4,1,4,63.0,0:00-1:00,1,1.3698000000000001,9.776,0.0,9.776,20.0,19.999999999999993,1.4999999999999998,42.8698,33.0938,0.0,1,1,1,1,280.0,319.9999999999999,2999.9999999999995,0.3424,0.3779
风电1-光伏4,1,4,63.0,1:00-2:00,2,1.0997999999999999,10.904,0.0,10.904,19.999999999999993,20.0,1.4999999999999998,42.59979999999999,31.695799999999988,0.0,1,1,1,1,279.9999999999999,320.0,2999.9999999999995,0.3424,0.3779
风电1-光伏4,1,4,63.0,2:00-3:00,3,0.7998000000000001,15.152000000000001,0.0,15.152000000000001,20.0,20.0,1.5,42.299800000000005,27.147800000000004,0.0,1,1,1,1,280.0,320.0,3000.0,0.3424,0.3779
风电1-光伏4,1,4,63.0,3:00-4:00,4,0.99,13.312,0.0,13.312,20.0,19.999999999999993,1.4999999999999998,42.489999999999995,29.177999999999997,0.0,1,1,1,1,280.0,319.9999999999999,2999.9999999999995,0.3424,0.3779
风电1-光伏4,1,4,63.0,4:00-5:00,5,1.1802000000000001,15.072000000000001,0.0,15.072000000000001,20.0,20.0,1.5,42.6802,27.608199999999997,0.0,1,1,1,1,280.0,320.0,3000.0,0.3424,0.3779
风电1-光伏4,1,4,63.0,5:00-6:00,6,1.6301999999999999,18.724,0.0,18.724,20.0,20.0,1.5,43.1302,24.406200000000002,0.0,1,1,1,1,280.0,320.0,3000.0,0.3424,0.3779
风电1-光伏4,1,4,63.0,6:00-7:00,7,2.5002,9.628,0.0,9.628,19.999999999999993,20.0,1.4999999999999998,44.00019999999999,34.37219999999999,0.0,1,1,1,1,279.9999999999999,320.0,2999.9999999999995,0.3424,0.3779
风电1-光伏4,1,4,63.0,7:00-8:00,8,3.3701999999999996,22.804000000000002,0.0,22.804000000000002,20.0,20.0,1.5,44.8702,22.066199999999995,0.0,1,1,1,1,280.0,320.0,3000.0,0.6074,0.3779
风电1-光伏4,1,4,63.0,8:00-9:00,9,4.0098,17.852,0.0,17.852,20.0,20.0,1.5,45.5098,27.657799999999998,0.0,1,1,1,1,280.0,320.0,3000.0,0.6074,0.3779
风电1-光伏4,1,4,63.0,9:00-10:00,10,4.199999999999999,14.328000000000001,0.0,14.328000000000001,19.999999999999993,20.0,1.4999999999999998,45.69999999999999,31.371999999999986,0.0,1,1,1,1,279.9999999999999,320.0,2999.9999999999995,0.6074,0.3779
风电1-光伏4,1,4,63.0,10:00-11:00,11,4.1202,11.904,0.0,11.904,2.0,19.999999411994242,0.8699999764797697,26.99019938847401,15.08619938847401,0.0,1,1,1,1,28.0,319.9999905919079,1739.9999529595393,0.8024,0.3779
风电1-光伏4,1,4,63.0,11:00-12:00,12,3.9000000000000004,7.736,1.28,9.016,1.999999999999996,20.0,0.8699999999999999,26.77,17.753999999999998,0.0,1,1,1,1,27.999999999999943,320.0,1739.9999999999998,0.8024,0.3779
风电1-光伏4,1,4,63.0,12:00-13:00,13,3.2598000000000003,8.556000000000001,5.12,13.676000000000002,2.0,20.0,0.87,26.1298,12.453799999999998,0.0,1,1,1,1,28.0,320.0,1740.0,0.8024,0.3779
风电1-光伏4,1,4,63.0,13:00-14:00,14,2.6898,14.52,7.68,22.2,2.0,20.0,0.87,25.5598,3.3598,0.0,1,1,1,1,28.0,320.0,1740.0,0.8024,0.3779
风电1-光伏4,1,4,63.0,14:00-15:00,15,3.63,6.707999999999999,5.12,11.828,1.999999999999996,20.0,0.8699999999999999,26.499999999999996,14.671999999999997,0.0,1,1,1,1,27.999999999999943,320.0,1739.9999999999998,0.8024,0.3779
风电1-光伏4,1,4,63.0,15:00-16:00,16,3.8202000000000003,11.175999999999998,1.28,12.455999999999998,20.0,20.0,1.5,45.3202,32.864200000000004,0.0,1,1,1,1,280.0,320.0,3000.0,0.6074,0.3779
风电1-光伏4,1,4,63.0,16:00-17:00,17,3.75,10.107999999999999,0.0,10.107999999999999,20.000000000000007,20.0,1.5000000000000002,45.25000000000001,35.14200000000001,0.0,1,1,1,1,280.0000000000001,320.0,3000.0000000000005,0.6074,0.3779
风电1-光伏4,1,4,63.0,17:00-18:00,18,3.1398,6.3839999999999995,0.0,6.3839999999999995,20.0,20.0,1.5,44.6398,38.2558,0.0,1,1,1,1,280.0,320.0,3000.0,0.6074,0.3779
风电1-光伏4,1,4,63.0,18:00-19:00,19,2.61,6.428000000000001,0.0,6.428000000000001,2.0,20.0,0.87,25.48,19.052,0.0,1,1,1,1,28.0,320.0,1740.0,0.8024,0.3779
风电1-光伏4,1,4,63.0,19:00-20:00,20,2.1198,5.736,0.0,5.736,2.0,20.0,0.87,24.9898,19.2538,0.0,1,1,1,1,28.0,320.0,1740.0,0.8024,0.3779
风电1-光伏4,1,4,63.0,20:00-21:00,21,1.8599999999999999,3.752,0.0,3.752,17.42857210057794,20.0,1.410000023520228,40.69857212409816,36.94657212409816,0.0,1,1,1,1,244.0000094080912,320.0,2820.0000470404557,0.8024,0.3779
风电1-光伏4,1,4,63.0,21:00-22:00,22,1.6301999999999999,3.6919999999999997,0.0,3.6919999999999997,20.000000000000007,20.0,1.5000000000000002,43.1302,39.4382,0.0,1,1,1,1,280.0000000000001,320.0,3000.0000000000005,0.6074,0.3779
风电1-光伏4,1,4,63.0,22:00-23:00,23,1.56,4.88,0.0,4.88,20.0,20.0,1.5,43.06,38.18,0.0,1,1,1,1,280.0,320.0,3000.0,0.6074,0.3779
风电1-光伏4,1,4,63.0,23:00-24:00,24,1.4802,3.1919999999999997,0.0,3.1919999999999997,20.000000000000007,20.0,1.5000000000000002,42.98020000000001,39.78820000000001,0.0,1,1,1,1,280.0000000000001,320.0,3000.0000000000005,0.3424,0.3779
风电1-光伏4,1,4,54.0,0:00-1:00,1,1.3698000000000001,9.776,0.0,9.776,20.0,20.0,1.5,42.8698,33.0938,0.0,1,1,1,1,280.0,320.0,3000.0,0.3424,0.3779
风电1-光伏4,1,4,54.0,1:00-2:00,2,1.0997999999999999,10.904,0.0,10.904,20.000000000000007,20.0,1.5000000000000002,42.5998,31.695800000000002,0.0,1,1,1,1,280.0000000000001,320.0,3000.0000000000005,0.3424,0.3779
风电1-光伏4,1,4,54.0,2:00-3:00,3,0.7998000000000001,15.152000000000001,0.0,15.152000000000001,20.0,20.0,1.5,42.299800000000005,27.147800000000004,0.0,1,1,1,1,280.0,320.0,3000.0,0.3424,0.3779
风电1-光伏4,1,4,54.0,3:00-4:00,4,0.99,13.312,0.0,13.312,20.0,19.999999999999993,1.4999999999999998,42.489999999999995,29.177999999999997,0.0,1,1,1,1,280.0,319.9999999999999,2999.9999999999995,0.3424,0.3779
风电1-光伏4,1,4,54.0,4:00-5:00,5,1.1802000000000001,15.072000000000001,0.0,15.072000000000001,20.0,20.0,1.5,42.6802,27.608199999999997,0.0,1,1,1,1,280.0,320.0,3000.0,0.3424,0.3779
风电1-光伏4,1,4,54.0,5:00-6:00,6,1.6301999999999999,18.724,0.0,18.724,20.0,20.0,1.5,43.1302,24.406200000000002,0.0,1,1,1,1,280.0,320.0,3000.0,0.3424,0.3779
风电1-光伏4,1,4,54.0,6:00-7:00,7,2.5002,9.628,0.0,9.628,20.0,20.0,1.5,44.0002,34.3722,0.0,1,1,1,1,280.0,320.0,3000.0,0.3424,0.3779
风电1-光伏4,1,4,54.0,7:00-8:00,8,3.3701999999999996,22.804000000000002,0.0,22.804000000000002,20.0,20.0,1.5,44.8702,22.066199999999995,0.0,1,1,1,1,280.0,320.0,3000.0,0.6074,0.3779
风电1-光伏4,1,4,54.0,8:00-9:00,9,4.0098,17.852,0.0,17.852,19.99999973557781,19.999999999999996,1.4999999907452233,45.509799726323024,27.657799726323024,0.0,1,1,1,1,279.99999629808934,319.99999999999994,2999.9999814904468,0.6074,0.3779
风电1-光伏4,1,4,54.0,9:00-10:00,10,4.199999999999999,14.328000000000001,0.0,14.328000000000001,19.999999999999993,20.0,1.4999999999999998,45.69999999999999,31.371999999999986,0.0,1,1,1,1,279.9999999999999,320.0,2999.9999999999995,0.6074,0.3779
风电1-光伏4,1,4,54.0,10:00-11:00,11,4.1202,11.904,0.0,11.904,0.0,7.484423076923077,0.2993769230769231,11.904,0.0,0.0,0,1,1,0,0.0,119.75076923076924,598.7538461538462,0.8024,0.3779
风电1-光伏4,1,4,54.0,11:00-12:00,12,3.9000000000000004,7.736,1.28,9.016,0.0,4.9192307692307695,0.19676923076923075,9.016000000000002,1.7763568394002505e-15,0.0,0,1,1,0,0.0,78.70769230769231,393.5384615384615,0.8024,0.3779
风电1-光伏4,1,4,54.0,12:00-13:00,13,3.2598000000000003,8.556000000000001,5.12,13.676000000000002,0.0,10.015576923076924,0.40062307692307697,13.676000000000002,0.0,0.0,0,1,1,0,0.0,160.2492307692308,801.2461538461539,0.8024,0.3779
风电1-光伏4,1,4,54.0,13:00-14:00,14,2.6898,14.52,7.68,22.2,0.0,18.75980769230769,0.7503923076923076,22.199999999999996,0.0,3.552713678800501e-15,0,1,1,0,0.0,300.156923076923,1500.784615384615,0.8024,0.3779
风电1-光伏4,1,4,54.0,14:00-15:00,15,3.63,6.707999999999999,5.12,11.828,0.0,7.8826923076923086,0.31530769230769234,11.828000000000001,1.7763568394002505e-15,0.0,0,1,1,0,0.0,126.12307692307694,630.6153846153846,0.8024,0.3779
风电1-光伏4,1,4,54.0,15:00-16:00,16,3.8202000000000003,11.175999999999998,1.28,12.455999999999998,19.999999999999975,20.00000000000002,1.5,45.3202,32.864200000000004,0.0,1,1,1,1,279.99999999999966,320.00000000000034,3000.0,0.6074,0.3779
风电1-光伏4,1,4,54.0,16:00-17:00,17,3.75,10.107999999999999,0.0,10.107999999999999,20.000000000000007,20.0,1.5000000000000002,45.25000000000001,35.14200000000001,0.0,1,1,1,1,280.0000000000001,320.0,3000.0000000000005,0.6074,0.3779
风电1-光伏4,1,4,54.0,17:00-18:00,18,3.1398,6.3839999999999995,0.0,6.3839999999999995,20.0,20.0,1.5,44.6398,38.2558,0.0,1,1,1,1,280.0,320.0,3000.0,0.6074,0.3779
风电1-光伏4,1,4,54.0,18:00-19:00,19,2.61,6.428000000000001,0.0,6.428000000000001,0.0,3.7500000000000004,0.15,6.510000000000001,0.08199999999999985,0.0,0,1,1,1,0.0,60.00000000000001,300.0,0.8024,0.3779
风电1-光伏4,1,4,54.0,19:00-20:00,20,2.1198,5.736,0.0,5.736,0.0,3.7499999999999987,0.14999999999999997,6.019799999999999,0.2837999999999994,0.0,0,1,1,1,0.0,59.99999999999998,299.99999999999994,0.8024,0.3779
风电1-光伏4,1,4,54.0,20:00-21:00,21,1.8599999999999999,3.752,0.0,3.752,0.0,18.438269462138486,0.7375307784855394,21.035800240624024,17.283800240624025,0.0,0,1,1,1,0.0,295.01231139421577,1475.0615569710787,0.8024,0.3779
风电1-光伏4,1,4,54.0,21:00-22:00,22,1.6301999999999999,3.6919999999999997,0.0,3.6919999999999997,20.000000000000007,20.0,1.5000000000000002,43.1302,39.4382,0.0,1,1,1,1,280.0000000000001,320.0,3000.0000000000005,0.6074,0.3779
风电1-光伏4,1,4,54.0,22:00-23:00,23,1.56,4.88,0.0,4.88,19.999999999999996,20.000000000000004,1.5,43.06,38.18,0.0,1,1,1,1,279.99999999999994,320.00000000000006,3000.0,0.6074,0.3779
风电1-光伏4,1,4,54.0,23:00-24:00,24,1.4802,3.1919999999999997,0.0,3.1919999999999997,20.000000000000007,20.0,1.5000000000000002,42.98020000000001,39.78820000000001,0.0,1,1,1,1,280.0000000000001,320.0,3000.0000000000005,0.3424,0.3779
风电1-光伏4,1,4,45.0,0:00-1:00,1,1.3698000000000001,9.776,0.0,9.776,20.0,20.0,1.5,42.8698,33.0938,0.0,1,1,1,1,280.0,320.0,3000.0,0.3424,0.3779
风电1-光伏4,1,4,45.0,1:00-2:00,2,1.0997999999999999,10.904,0.0,10.904,20.000000000000007,20.0,1.5000000000000002,42.5998,31.695800000000002,0.0,1,1,1,1,280.0000000000001,320.0,3000.0000000000005,0.3424,0.3779
风电1-光伏4,1,4,45.0,2:00-3:00,3,0.7998000000000001,15.152000000000001,0.0,15.152000000000001,20.0,20.0,1.5,42.299800000000005,27.147800000000004,0.0,1,1,1,1,280.0,320.0,3000.0,0.3424,0.3779
风电1-光伏4,1,4,45.0,3:00-4:00,4,0.99,13.312,0.0,13.312,20.0,19.999999999999993,1.4999999999999998,42.489999999999995,29.177999999999997,0.0,1,1,1,1,280.0,319.9999999999999,2999.9999999999995,0.3424,0.3779
风电1-光伏4,1,4,45.0,4:00-5:00,5,1.1802000000000001,15.072000000000001,0.0,15.072000000000001,20.0,20.0,1.5,42.6802,27.608199999999997,0.0,1,1,1,1,280.0,320.0,3000.0,0.3424,0.3779
风电1-光伏4,1,4,45.0,5:00-6:00,6,1.6301999999999999,18.724,0.0,18.724,20.0,20.0,1.5,43.1302,24.406200000000002,0.0,1,1,1,1,280.0,320.0,3000.0,0.3424,0.3779
风电1-光伏4,1,4,45.0,6:00-7:00,7,2.5002,9.628,0.0,9.628,20.0,20.0,1.5,44.0002,34.3722,0.0,1,1,1,1,280.0,320.0,3000.0,0.3424,0.3779
风电1-光伏4,1,4,45.0,7:00-8:00,8,3.3701999999999996,22.804000000000002,0.0,22.804000000000002,20.0,20.0,1.5,44.8702,22.066199999999995,0.0,1,1,1,1,280.0,320.0,3000.0,0.6074,0.3779
风电1-光伏4,1,4,45.0,8:00-9:00,9,4.0098,17.852,0.0,17.852,0.0,19.999999999999996,0.7999999999999998,24.8098,6.957799999999999,0.0,0,1,1,1,0.0,319.99999999999994,1599.9999999999995,0.6074,0.3779
风电1-光伏4,1,4,45.0,9:00-10:00,10,4.199999999999999,14.328000000000001,0.0,14.328000000000001,19.999999999999993,20.0,1.4999999999999998,45.69999999999999,31.371999999999986,0.0,1,1,1,1,279.9999999999999,320.0,2999.9999999999995,0.6074,0.3779
风电1-光伏4,1,4,45.0,10:00-11:00,11,4.1202,11.904,0.0,11.904,0.0,7.484423076923077,0.2993769230769231,11.904,0.0,0.0,0,1,1,0,0.0,119.75076923076924,598.7538461538462,0.8024,0.3779
风电1-光伏4,1,4,45.0,11:00-12:00,12,3.9000000000000004,7.736,1.28,9.016,0.0,4.9192307692307695,0.19676923076923075,9.016000000000002,1.7763568394002505e-15,0.0,0,1,1,0,0.0,78.70769230769231,393.5384615384615,0.8024,0.3779
风电1-光伏4,1,4,45.0,12:00-13:00,13,3.2598000000000003,8.556000000000001,5.12,13.676000000000002,0.0,10.015576923076924,0.40062307692307697,13.676000000000002,0.0,0.0,0,1,1,0,0.0,160.2492307692308,801.2461538461539,0.8024,0.3779
风电1-光伏4,1,4,45.0,13:00-14:00,14,2.6898,14.52,7.68,22.2,0.0,18.75980769230769,0.7503923076923076,22.199999999999996,0.0,3.552713678800501e-15,0,1,1,0,0.0,300.156923076923,1500.784615384615,0.8024,0.3779
风电1-光伏4,1,4,45.0,14:00-15:00,15,3.63,6.707999999999999,5.12,11.828,0.0,7.8826923076923086,0.31530769230769234,11.828000000000001,1.7763568394002505e-15,0.0,0,1,1,0,0.0,126.12307692307694,630.6153846153846,0.8024,0.3779
风电1-光伏4,1,4,45.0,15:00-16:00,16,3.8202000000000003,11.175999999999998,1.28,12.455999999999998,0.0,19.999999999999996,0.7999999999999998,24.620199999999997,12.1642,0.0,0,1,1,1,0.0,319.99999999999994,1599.9999999999995,0.6074,0.3779
风电1-光伏4,1,4,45.0,16:00-17:00,17,3.75,10.107999999999999,0.0,10.107999999999999,0.0,20.000000000000004,0.8,24.550000000000004,14.442000000000005,0.0,0,1,1,1,0.0,320.00000000000006,1600.0,0.6074,0.3779
风电1-光伏4,1,4,45.0,17:00-18:00,18,3.1398,6.3839999999999995,0.0,6.3839999999999995,8.215164642986982,19.999999999999996,1.0875307625045443,32.44249540549152,26.05849540549152,0.0,1,1,1,1,115.01230500181775,319.99999999999994,2175.0615250090887,0.6074,0.3779
风电1-光伏4,1,4,45.0,18:00-19:00,19,2.61,6.428000000000001,0.0,6.428000000000001,0.0,3.7500000000000004,0.15,6.510000000000001,0.08199999999999985,0.0,0,1,1,1,0.0,60.00000000000001,300.0,0.8024,0.3779
风电1-光伏4,1,4,45.0,19:00-20:00,20,2.1198,5.736,0.0,5.736,0.0,3.7499999999999987,0.14999999999999997,6.019799999999999,0.2837999999999994,0.0,0,1,1,1,0.0,59.99999999999998,299.99999999999994,0.8024,0.3779
风电1-光伏4,1,4,45.0,20:00-21:00,21,1.8599999999999999,3.752,0.0,3.752,0.0,3.7500001681553976,0.1500000067262159,5.760000174881613,2.008000174881613,0.0,0,1,1,1,0.0,60.00000269048636,300.0000134524318,0.8024,0.3779
风电1-光伏4,1,4,45.0,21:00-22:00,22,1.6301999999999999,3.6919999999999997,0.0,3.6919999999999997,0.0,20.0,0.7999999999999999,22.4302,18.7382,0.0,0,1,1,1,0.0,320.0,1599.9999999999998,0.6074,0.3779
风电1-光伏4,1,4,45.0,22:00-23:00,23,1.56,4.88,0.0,4.88,0.0,20.0,0.8,22.36,17.48,0.0,0,1,1,1,0.0,320.0,1600.0,0.6074,0.3779
风电1-光伏4,1,4,45.0,23:00-24:00,24,1.4802,3.1919999999999997,0.0,3.1919999999999997,20.000000000000007,20.0,1.5000000000000002,42.98020000000001,39.78820000000001,0.0,1,1,1,1,280.0000000000001,320.0,3000.0000000000005,0.3424,0.3779
风电1-光伏4,1,4,36.0,0:00-1:00,1,1.3698000000000001,9.776,0.0,9.776,20.0,20.0,1.5,42.8698,33.0938,0.0,1,1,1,1,280.0,320.0,3000.0,0.3424,0.3779
风电1-光伏4,1,4,36.0,1:00-2:00,2,1.0997999999999999,10.904,0.0,10.904,20.000000000000007,20.0,1.5000000000000002,42.5998,31.695800000000002,0.0,1,1,1,1,280.0000000000001,320.0,3000.0000000000005,0.3424,0.3779
风电1-光伏4,1,4,36.0,2:00-3:00,3,0.7998000000000001,15.152000000000001,0.0,15.152000000000001,20.0,20.0,1.5,42.299800000000005,27.147800000000004,0.0,1,1,1,1,280.0,320.0,3000.0,0.3424,0.3779
风电1-光伏4,1,4,36.0,3:00-4:00,4,0.99,13.312,0.0,13.312,20.0,19.999999999999993,1.4999999999999998,42.489999999999995,29.177999999999997,0.0,1,1,1,1,280.0,319.9999999999999,2999.9999999999995,0.3424,0.3779
风电1-光伏4,1,4,36.0,4:00-5:00,5,1.1802000000000001,15.072000000000001,0.0,15.072000000000001,20.000000000000007,20.0,1.5000000000000002,42.680200000000006,27.608200000000004,0.0,1,1,1,1,280.0000000000001,320.0,3000.0000000000005,0.3424,0.3779
风电1-光伏4,1,4,36.0,5:00-6:00,6,1.6301999999999999,18.724,0.0,18.724,20.0,20.0,1.5,43.1302,24.406200000000002,0.0,1,1,1,1,280.0,320.0,3000.0,0.3424,0.3779
风电1-光伏4,1,4,36.0,6:00-7:00,7,2.5002,9.628,0.0,9.628,20.0,20.0,1.5,44.0002,34.3722,0.0,1,1,1,1,280.0,320.0,3000.0,0.3424,0.3779
风电1-光伏4,1,4,36.0,7:00-8:00,8,3.3701999999999996,22.804000000000002,0.0,22.804000000000002,0.0,18.686346153846156,0.7474538461538462,22.804000000000002,0.0,0.0,0,1,1,0,0.0,298.9815384615385,1494.9076923076925,0.6074,0.3779
风电1-光伏4,1,4,36.0,8:00-9:00,9,4.0098,17.852,0.0,17.852,0.0,13.309807692307693,0.5323923076923077,17.852,0.0,0.0,0,1,1,0,0.0,212.9569230769231,1064.7846153846153,0.6074,0.3779
风电1-光伏4,1,4,36.0,9:00-10:00,10,4.199999999999999,14.328000000000001,0.0,14.328000000000001,0.0,9.738461538461541,0.3895384615384616,14.328000000000003,1.7763568394002505e-15,0.0,0,1,1,0,0.0,155.81538461538466,779.0769230769232,0.6074,0.3779
风电1-光伏4,1,4,36.0,10:00-11:00,11,4.1202,11.904,0.0,11.904,0.0,7.484423076923077,0.2993769230769231,11.904,0.0,0.0,0,1,1,0,0.0,119.75076923076924,598.7538461538462,0.8024,0.3779
风电1-光伏4,1,4,36.0,11:00-12:00,12,3.9000000000000004,7.736,1.28,9.016,0.0,4.9192307692307695,0.19676923076923075,9.016000000000002,1.7763568394002505e-15,0.0,0,1,1,0,0.0,78.70769230769231,393.5384615384615,0.8024,0.3779
风电1-光伏4,1,4,36.0,12:00-13:00,13,3.2598000000000003,8.556000000000001,5.12,13.676000000000002,0.0,10.015576923076924,0.40062307692307697,13.676000000000002,0.0,0.0,0,1,1,0,0.0,160.2492307692308,801.2461538461539,0.8024,0.3779
风电1-光伏4,1,4,36.0,13:00-14:00,14,2.6898,14.52,7.68,22.2,0.0,18.75980769230769,0.7503923076923076,22.199999999999996,0.0,3.552713678800501e-15,0,1,1,0,0.0,300.156923076923,1500.784615384615,0.8024,0.3779
风电1-光伏4,1,4,36.0,14:00-15:00,15,3.63,6.707999999999999,5.12,11.828,0.0,7.8826923076923086,0.31530769230769234,11.828000000000001,1.7763568394002505e-15,0.0,0,1,1,0,0.0,126.12307692307694,630.6153846153846,0.8024,0.3779
风电1-光伏4,1,4,36.0,15:00-16:00,16,3.8202000000000003,11.175999999999998,1.28,12.455999999999998,0.0,8.303653846153844,0.33214615384615376,12.455999999999998,0.0,0.0,0,1,1,0,0.0,132.8584615384615,664.2923076923075,0.6074,0.3779
风电1-光伏4,1,4,36.0,16:00-17:00,17,3.75,10.107999999999999,0.0,10.107999999999999,0.0,6.113461538461538,0.24453846153846148,10.107999999999999,0.0,0.0,0,1,1,0,0.0,97.8153846153846,489.076923076923,0.6074,0.3779
风电1-光伏4,1,4,36.0,17:00-18:00,18,3.1398,6.3839999999999995,0.0,6.3839999999999995,0.0,9.786538380148947,0.3914615352059579,13.317799915354906,6.933799915354906,0.0,0,1,1,1,0.0,156.58461408238315,782.9230704119158,0.6074,0.3779
风电1-光伏4,1,4,36.0,18:00-19:00,19,2.61,6.428000000000001,0.0,6.428000000000001,0.0,3.7500000000000004,0.15,6.510000000000001,0.08199999999999985,0.0,0,1,1,1,0.0,60.00000000000001,300.0,0.8024,0.3779
风电1-光伏4,1,4,36.0,19:00-20:00,20,2.1198,5.736,0.0,5.736,0.0,3.7499999999999987,0.14999999999999997,6.019799999999999,0.2837999999999994,0.0,0,1,1,1,0.0,59.99999999999998,299.99999999999994,0.8024,0.3779
风电1-光伏4,1,4,36.0,20:00-21:00,21,1.8599999999999999,3.752,0.0,3.752,0.0,3.750000081389525,0.150000003255581,5.760000084645106,2.008000084645106,0.0,0,1,1,1,0.0,60.0000013022324,300.000006511162,0.8024,0.3779
风电1-光伏4,1,4,36.0,21:00-22:00,22,1.6301999999999999,3.6919999999999997,0.0,3.6919999999999997,0.0,3.7500000000000004,0.15,5.530200000000001,1.838200000000001,0.0,0,1,1,1,0.0,60.00000000000001,300.0,0.6074,0.3779
风电1-光伏4,1,4,36.0,22:00-23:00,23,1.56,4.88,0.0,4.88,0.0,20.0,0.8,22.36,17.48,0.0,0,1,1,1,0.0,320.0,1600.0,0.6074,0.3779
风电1-光伏4,1,4,36.0,23:00-24:00,24,1.4802,3.1919999999999997,0.0,3.1919999999999997,20.000000000000007,20.0,1.5000000000000002,42.98020000000001,39.78820000000001,0.0,1,1,1,1,280.0000000000001,320.0,3000.0000000000005,0.3424,0.3779
风电2-光伏1,2,1,72.0,0:00-1:00,1,1.3698000000000001,5.312,0.0,5.312,20.0,20.0,1.5,42.8698,37.5578,0.0,1,1,1,1,280.0,320.0,3000.0,0.3424,0.3779
风电2-光伏1,2,1,72.0,1:00-2:00,2,1.0997999999999999,8.5,0.0,8.5,20.0,20.0,1.5,42.5998,34.0998,0.0,1,1,1,1,280.0,320.0,3000.0,0.3424,0.3779
风电2-光伏1,2,1,72.0,2:00-3:00,3,0.7998000000000001,9.379999999999999,0.0,9.379999999999999,20.0,20.0,1.5,42.299800000000005,32.91980000000001,0.0,1,1,1,1,280.0,320.0,3000.0,0.3424,0.3779
风电2-光伏1,2,1,72.0,3:00-4:00,4,0.99,10.304,0.0,10.304,20.0,20.0,1.5,42.489999999999995,32.18599999999999,0.0,1,1,1,1,280.0,320.0,3000.0,0.3424,0.3779
风电2-光伏1,2,1,72.0,4:00-5:00,5,1.1802000000000001,9.9,0.0,9.9,20.0,20.0,1.5,42.6802,32.7802,0.0,1,1,1,1,280.0,320.0,3000.0,0.3424,0.3779
风电2-光伏1,2,1,72.0,5:00-6:00,6,1.6301999999999999,9.62,0.0,9.62,20.0,20.0,1.5,43.1302,33.510200000000005,0.0,1,1,1,1,280.0,320.0,3000.0,0.3424,0.3779
风电2-光伏1,2,1,72.0,6:00-7:00,7,2.5002,9.14,14.08,23.22,20.0,20.0,1.5,44.0002,20.7802,0.0,1,1,1,1,280.0,320.0,3000.0,0.3424,0.3779
风电2-光伏1,2,1,72.0,7:00-8:00,8,3.3701999999999996,7.640000000000001,25.6,33.24,20.0,20.0,1.5,44.8702,11.630199999999995,0.0,1,1,1,1,280.0,320.0,3000.0,0.6074,0.3779
风电2-光伏1,2,1,72.0,8:00-9:00,9,4.0098,4.748,37.12,41.867999999999995,20.0,20.0,1.5,45.5098,3.6418000000000035,0.0,1,1,1,1,280.0,320.0,3000.0,0.6074,0.3779
风电2-光伏1,2,1,72.0,9:00-10:00,10,4.199999999999999,4.859999999999999,46.08,50.94,20.0,20.0,1.5,45.7,0.0,5.239999999999995,1,1,1,0,280.0,320.0,3000.0,0.6074,0.3779
风电2-光伏1,2,1,72.0,10:00-11:00,11,4.1202,5.335999999999999,52.48,57.815999999999995,20.0,20.0,1.5,45.6202,0.0,12.195799999999998,1,1,1,0,280.0,320.0,3000.0,0.8024,0.3779
风电2-光伏1,2,1,72.0,11:00-12:00,12,3.9000000000000004,4.292,55.04,59.332,20.0,20.0,1.5,45.4,0.0,13.932000000000002,1,1,1,0,280.0,320.0,3000.0,0.8024,0.3779
风电2-光伏1,2,1,72.0,12:00-13:00,13,3.2598000000000003,4.168,56.32,60.488,20.0,20.0,1.5,44.7598,0.0,15.728200000000001,1,1,1,0,280.0,320.0,3000.0,0.8024,0.3779
风电2-光伏1,2,1,72.0,13:00-14:00,14,2.6898,6.787999999999999,56.32,63.108,20.0,20.0,1.5,44.1898,0.0,18.9182,1,1,1,0,280.0,320.0,3000.0,0.8024,0.3779
风电2-光伏1,2,1,72.0,14:00-15:00,15,3.63,8.364,52.48,60.843999999999994,20.0,20.0,1.5,45.129999999999995,0.0,15.713999999999999,1,1,1,0,280.0,320.0,3000.0,0.8024,0.3779
风电2-光伏1,2,1,72.0,15:00-16:00,16,3.8202000000000003,8.404,44.8,53.20399999999999,20.0,20.0,1.5,45.3202,0.0,7.883799999999994,1,1,1,0,280.0,320.0,3000.0,0.6074,0.3779
风电2-光伏1,2,1,72.0,16:00-17:00,17,3.75,5.896,33.28,39.176,20.0,20.0,1.5,45.25,6.073999999999998,0.0,1,1,1,1,280.0,320.0,3000.0,0.6074,0.3779
风电2-光伏1,2,1,72.0,17:00-18:00,18,3.1398,6.6080000000000005,24.32,30.928,20.0,20.0,1.5,44.6398,13.7118,0.0,1,1,1,1,280.0,320.0,3000.0,0.6074,0.3779
风电2-光伏1,2,1,72.0,18:00-19:00,19,2.61,6.252,11.52,17.772,20.0,20.0,1.5,44.11,26.338,0.0,1,1,1,1,280.0,320.0,3000.0,0.8024,0.3779
风电2-光伏1,2,1,72.0,19:00-20:00,20,2.1198,4.312,0.0,4.312,20.0,20.0,1.5,43.6198,39.3078,0.0,1,1,1,1,280.0,320.0,3000.0,0.8024,0.3779
风电2-光伏1,2,1,72.0,20:00-21:00,21,1.8599999999999999,2.3280000000000003,0.0,2.3280000000000003,20.0,20.0,1.5,43.36,41.032,0.0,1,1,1,1,280.0,320.0,3000.0,0.8024,0.3779
风电2-光伏1,2,1,72.0,21:00-22:00,22,1.6301999999999999,1.492,0.0,1.492,20.0,20.0,1.5,43.1302,41.638200000000005,0.0,1,1,1,1,280.0,320.0,3000.0,0.6074,0.3779
风电2-光伏1,2,1,72.0,22:00-23:00,23,1.56,2.124,0.0,2.124,20.0,20.0,1.5,43.06,40.936,0.0,1,1,1,1,280.0,320.0,3000.0,0.6074,0.3779
风电2-光伏1,2,1,72.0,23:00-24:00,24,1.4802,3.6959999999999997,0.0,3.6959999999999997,20.0,20.0,1.5,42.980199999999996,39.2842,0.0,1,1,1,1,280.0,320.0,3000.0,0.3424,0.3779
风电2-光伏1,2,1,63.0,0:00-1:00,1,1.3698000000000001,5.312,0.0,5.312,20.0,19.999999999999993,1.4999999999999998,42.8698,37.5578,0.0,1,1,1,1,280.0,319.9999999999999,2999.9999999999995,0.3424,0.3779
风电2-光伏1,2,1,63.0,1:00-2:00,2,1.0997999999999999,8.5,0.0,8.5,20.000000000000007,20.0,1.5000000000000002,42.5998,34.0998,0.0,1,1,1,1,280.0000000000001,320.0,3000.0000000000005,0.3424,0.3779
风电2-光伏1,2,1,63.0,2:00-3:00,3,0.7998000000000001,9.379999999999999,0.0,9.379999999999999,20.000000000000007,20.0,1.5000000000000002,42.299800000000005,32.91980000000001,0.0,1,1,1,1,280.0000000000001,320.0,3000.0000000000005,0.3424,0.3779
风电2-光伏1,2,1,63.0,3:00-4:00,4,0.99,10.304,0.0,10.304,20.000000000000004,19.999999999999996,1.5,42.489999999999995,32.18599999999999,0.0,1,1,1,1,280.00000000000006,319.99999999999994,3000.0,0.3424,0.3779
风电2-光伏1,2,1,63.0,4:00-5:00,5,1.1802000000000001,9.9,0.0,9.9,20.0,20.0,1.5,42.6802,32.7802,0.0,1,1,1,1,280.0,320.0,3000.0,0.3424,0.3779
风电2-光伏1,2,1,63.0,5:00-6:00,6,1.6301999999999999,9.62,0.0,9.62,20.00000000000002,19.999999999999982,1.5,43.1302,33.510200000000005,0.0,1,1,1,1,280.0000000000003,319.9999999999997,3000.0,0.3424,0.3779
风电2-光伏1,2,1,63.0,6:00-7:00,7,2.5002,9.14,14.08,23.22,20.0,20.0,1.5,44.0002,20.7802,0.0,1,1,1,1,280.0,320.0,3000.0,0.3424,0.3779
风电2-光伏1,2,1,63.0,7:00-8:00,8,3.3701999999999996,7.640000000000001,25.6,33.24,8.763091787439619,20.0,1.1067082125603867,33.24,0.0,0.0,1,1,1,0,122.68328502415466,320.0,2213.4164251207735,0.6074,0.3779
风电2-光伏1,2,1,63.0,8:00-9:00,9,4.0098,4.748,37.12,41.867999999999995,16.48135265700483,19.999999999999996,1.3768473429951689,41.868,7.105427357601002e-15,0.0,1,1,1,0,230.73893719806762,319.99999999999994,2753.694685990338,0.6074,0.3779
风电2-光伏1,2,1,63.0,9:00-10:00,10,4.199999999999999,4.859999999999999,46.08,50.94,20.0,20.0,1.5,45.7,0.0,5.239999999999995,1,1,1,0,280.0,320.0,3000.0,0.6074,0.3779
风电2-光伏1,2,1,63.0,10:00-11:00,11,4.1202,5.335999999999999,52.48,57.815999999999995,20.0,20.0,1.5,45.6202,0.0,12.195799999999998,1,1,1,0,280.0,320.0,3000.0,0.8024,0.3779
风电2-光伏1,2,1,63.0,11:00-12:00,12,3.9000000000000004,4.292,55.04,59.332,20.0,20.0,1.5,45.4,0.0,13.932000000000002,1,1,1,0,280.0,320.0,3000.0,0.8024,0.3779
风电2-光伏1,2,1,63.0,12:00-13:00,13,3.2598000000000003,4.168,56.32,60.488,20.0,20.0,1.5,44.7598,0.0,15.728200000000001,1,1,1,0,280.0,320.0,3000.0,0.8024,0.3779
风电2-光伏1,2,1,63.0,13:00-14:00,14,2.6898,6.787999999999999,56.32,63.108,20.0,20.0,1.5,44.1898,0.0,18.9182,1,1,1,0,280.0,320.0,3000.0,0.8024,0.3779
风电2-光伏1,2,1,63.0,14:00-15:00,15,3.63,8.364,52.48,60.843999999999994,20.0,20.0,1.5,45.129999999999995,0.0,15.713999999999999,1,1,1,0,280.0,320.0,3000.0,0.8024,0.3779
风电2-光伏1,2,1,63.0,15:00-16:00,16,3.8202000000000003,8.404,44.8,53.20399999999999,20.0,20.0,1.5,45.3202,0.0,7.883799999999994,1,1,1,0,280.0,320.0,3000.0,0.6074,0.3779
风电2-光伏1,2,1,63.0,16:00-17:00,17,3.75,5.896,33.28,39.176,20.0,20.0,1.5,45.25,6.073999999999998,0.0,1,1,1,1,280.0,320.0,3000.0,0.6074,0.3779
风电2-光伏1,2,1,63.0,17:00-18:00,18,3.1398,6.6080000000000005,24.32,30.928,20.0,19.999999999999993,1.4999999999999998,44.639799999999994,13.711799999999993,0.0,1,1,1,1,280.0,319.9999999999999,2999.9999999999995,0.6074,0.3779
风电2-光伏1,2,1,63.0,18:00-19:00,19,2.61,6.252,11.52,17.772,0.0,14.578846153846154,0.5831538461538461,17.772,0.0,0.0,0,1,1,0,0.0,233.26153846153846,1166.3076923076924,0.8024,0.3779
风电2-光伏1,2,1,63.0,19:00-20:00,20,2.1198,4.312,0.0,4.312,0.0,3.750000145918721,0.15000000583674883,6.0198001517554705,1.7078001517554702,0.0,0,1,1,1,0.0,60.00000233469954,300.0000116734977,0.8024,0.3779
风电2-光伏1,2,1,63.0,20:00-21:00,21,1.8599999999999999,2.3280000000000003,0.0,2.3280000000000003,0.0,0.0,0.0,1.8599999999999999,0.0,0.4680000000000004,0,0,0,0,0.0,0.0,0.0,0.8024,0.3779
风电2-光伏1,2,1,63.0,21:00-22:00,22,1.6301999999999999,1.492,0.0,1.492,20.0,20.0,1.5,43.1302,41.638200000000005,0.0,1,1,1,1,280.0,320.0,3000.0,0.6074,0.3779
风电2-光伏1,2,1,63.0,22:00-23:00,23,1.56,2.124,0.0,2.124,13.808302641538441,20.0,1.2832905924538454,36.65159323399229,34.527593233992285,0.0,1,1,1,1,193.31623698153817,320.0,2566.581184907691,0.6074,0.3779
风电2-光伏1,2,1,63.0,23:00-24:00,24,1.4802,3.6959999999999997,0.0,3.6959999999999997,20.0,20.0,1.5,42.980199999999996,39.2842,0.0,1,1,1,1,280.0,320.0,3000.0,0.3424,0.3779
风电2-光伏1,2,1,54.0,0:00-1:00,1,1.3698000000000001,5.312,0.0,5.312,20.0,19.999999999999993,1.4999999999999998,42.8698,37.5578,0.0,1,1,1,1,280.0,319.9999999999999,2999.9999999999995,0.3424,0.3779
风电2-光伏1,2,1,54.0,1:00-2:00,2,1.0997999999999999,8.5,0.0,8.5,20.000000000000007,20.0,1.5000000000000002,42.5998,34.0998,0.0,1,1,1,1,280.0000000000001,320.0,3000.0000000000005,0.3424,0.3779
风电2-光伏1,2,1,54.0,2:00-3:00,3,0.7998000000000001,9.379999999999999,0.0,9.379999999999999,20.000000000000007,20.0,1.5000000000000002,42.299800000000005,32.91980000000001,0.0,1,1,1,1,280.0000000000001,320.0,3000.0000000000005,0.3424,0.3779
风电2-光伏1,2,1,54.0,3:00-4:00,4,0.99,10.304,0.0,10.304,20.000000000000004,19.999999999999996,1.5,42.489999999999995,32.18599999999999,0.0,1,1,1,1,280.00000000000006,319.99999999999994,3000.0,0.3424,0.3779
风电2-光伏1,2,1,54.0,4:00-5:00,5,1.1802000000000001,9.9,0.0,9.9,20.0,20.0,1.5,42.6802,32.7802,0.0,1,1,1,1,280.0,320.0,3000.0,0.3424,0.3779
风电2-光伏1,2,1,54.0,5:00-6:00,6,1.6301999999999999,9.62,0.0,9.62,19.99999962890028,20.0,1.49999998701151,43.13019961591179,33.510199615911795,0.0,1,1,1,1,279.99999480460394,320.0,2999.99997402302,0.3424,0.3779
风电2-光伏1,2,1,54.0,6:00-7:00,7,2.5002,9.14,14.08,23.22,20.0,20.0,1.5,44.0002,20.7802,0.0,1,1,1,1,280.0,320.0,3000.0,0.3424,0.3779
风电2-光伏1,2,1,54.0,7:00-8:00,8,3.3701999999999996,7.640000000000001,25.6,33.24,8.763091787439619,20.0,1.1067082125603867,33.24,0.0,0.0,1,1,1,0,122.68328502415466,320.0,2213.4164251207735,0.6074,0.3779
风电2-光伏1,2,1,54.0,8:00-9:00,9,4.0098,4.748,37.12,41.867999999999995,16.48135265700483,19.999999999999996,1.3768473429951689,41.868,7.105427357601002e-15,0.0,1,1,1,0,230.73893719806762,319.99999999999994,2753.694685990338,0.6074,0.3779
风电2-光伏1,2,1,54.0,9:00-10:00,10,4.199999999999999,4.859999999999999,46.08,50.94,20.0,20.0,1.5,45.7,0.0,5.239999999999995,1,1,1,0,280.0,320.0,3000.0,0.6074,0.3779
风电2-光伏1,2,1,54.0,10:00-11:00,11,4.1202,5.335999999999999,52.48,57.815999999999995,20.0,20.0,1.5,45.6202,0.0,12.195799999999998,1,1,1,0,280.0,320.0,3000.0,0.8024,0.3779
风电2-光伏1,2,1,54.0,11:00-12:00,12,3.9000000000000004,4.292,55.04,59.332,20.0,20.0,1.5,45.4,0.0,13.932000000000002,1,1,1,0,280.0,320.0,3000.0,0.8024,0.3779
风电2-光伏1,2,1,54.0,12:00-13:00,13,3.2598000000000003,4.168,56.32,60.488,20.0,20.0,1.5,44.7598,0.0,15.728200000000001,1,1,1,0,280.0,320.0,3000.0,0.8024,0.3779
风电2-光伏1,2,1,54.0,13:00-14:00,14,2.6898,6.787999999999999,56.32,63.108,20.0,20.0,1.5,44.1898,0.0,18.9182,1,1,1,0,280.0,320.0,3000.0,0.8024,0.3779
风电2-光伏1,2,1,54.0,14:00-15:00,15,3.63,8.364,52.48,60.843999999999994,20.0,20.0,1.5,45.129999999999995,0.0,15.713999999999999,1,1,1,0,280.0,320.0,3000.0,0.8024,0.3779
风电2-光伏1,2,1,54.0,15:00-16:00,16,3.8202000000000003,8.404,44.8,53.20399999999999,0.0,20.0,0.8,24.6202,0.0,28.583799999999993,0,1,1,0,0.0,320.0,1600.0,0.6074,0.3779
风电2-光伏1,2,1,54.0,16:00-17:00,17,3.75,5.896,33.28,39.176,8.48499055000279,20.0,1.0969746692500977,33.331965219252886,0.0,5.844034780747116,1,1,1,0,118.78986770003905,320.0,2193.949338500195,0.6074,0.3779
风电2-光伏1,2,1,54.0,17:00-18:00,18,3.1398,6.6080000000000005,24.32,30.928,6.751884057971016,20.0,1.0363159420289856,30.928,0.0,0.0,1,1,1,0,94.52637681159422,320.0,2072.631884057971,0.6074,0.3779
风电2-光伏1,2,1,54.0,18:00-19:00,19,2.61,6.252,11.52,17.772,0.0,14.578846153846154,0.5831538461538461,17.772,0.0,0.0,0,1,1,0,0.0,233.26153846153846,1166.3076923076924,0.8024,0.3779
风电2-光伏1,2,1,54.0,19:00-20:00,20,2.1198,4.312,0.0,4.312,0.0,0.0,0.0,2.1198,0.0,2.1922,0,0,0,0,0.0,0.0,0.0,0.8024,0.3779
风电2-光伏1,2,1,54.0,20:00-21:00,21,1.8599999999999999,2.3280000000000003,0.0,2.3280000000000003,0.0,0.0,0.0,1.8599999999999999,0.0,0.4680000000000004,0,0,0,0,0.0,0.0,0.0,0.8024,0.3779
风电2-光伏1,2,1,54.0,21:00-22:00,22,1.6301999999999999,1.492,0.0,1.492,0.0,0.0,0.0,1.6301999999999999,0.13819999999999988,0.0,0,0,0,1,0.0,0.0,0.0,0.6074,0.3779
风电2-光伏1,2,1,54.0,22:00-23:00,23,1.56,2.124,0.0,2.124,0.0,0.0,0.0,1.56,0.0,0.5640000000000001,0,0,0,0,0.0,0.0,0.0,0.6074,0.3779
风电2-光伏1,2,1,54.0,23:00-24:00,24,1.4802,3.6959999999999997,0.0,3.6959999999999997,20.0,20.0,1.5,42.980199999999996,39.2842,0.0,1,1,1,1,280.0,320.0,3000.0,0.3424,0.3779
风电2-光伏1,2,1,45.0,0:00-1:00,1,1.3698000000000001,5.312,0.0,5.312,19.99999972783659,20.0,1.499999990474281,42.86979971831087,37.557799718310875,0.0,1,1,1,1,279.9999961897123,320.0,2999.9999809485616,0.3424,0.3779
风电2-光伏1,2,1,45.0,1:00-2:00,2,1.0997999999999999,8.5,0.0,8.5,20.000000000000007,20.0,1.5000000000000002,42.5998,34.0998,0.0,1,1,1,1,280.0000000000001,320.0,3000.0000000000005,0.3424,0.3779
风电2-光伏1,2,1,45.0,2:00-3:00,3,0.7998000000000001,9.379999999999999,0.0,9.379999999999999,20.000000000000007,20.0,1.5000000000000002,42.299800000000005,32.91980000000001,0.0,1,1,1,1,280.0000000000001,320.0,3000.0000000000005,0.3424,0.3779
风电2-光伏1,2,1,45.0,3:00-4:00,4,0.99,10.304,0.0,10.304,19.999999999999975,20.00000000000003,1.5000000000000002,42.49,32.186,0.0,1,1,1,1,279.99999999999966,320.00000000000045,3000.0000000000005,0.3424,0.3779
风电2-光伏1,2,1,45.0,4:00-5:00,5,1.1802000000000001,9.9,0.0,9.9,20.0,20.0,1.5,42.6802,32.7802,0.0,1,1,1,1,280.0,320.0,3000.0,0.3424,0.3779
风电2-光伏1,2,1,45.0,5:00-6:00,6,1.6301999999999999,9.62,0.0,9.62,20.00000000000002,19.999999999999982,1.5,43.1302,33.510200000000005,0.0,1,1,1,1,280.0000000000003,319.9999999999997,3000.0,0.3424,0.3779
风电2-光伏1,2,1,45.0,6:00-7:00,7,2.5002,9.14,14.08,23.22,20.0,20.0,1.5,44.0002,20.7802,0.0,1,1,1,1,280.0,320.0,3000.0,0.3424,0.3779
风电2-光伏1,2,1,45.0,7:00-8:00,8,3.3701999999999996,7.640000000000001,25.6,33.24,0.0,20.0,0.7999999999999999,24.1702,0.0,9.0698,0,1,1,0,0.0,320.0,1599.9999999999998,0.6074,0.3779
风电2-光伏1,2,1,45.0,8:00-9:00,9,4.0098,4.748,37.12,41.867999999999995,16.48135265700483,19.999999999999996,1.3768473429951689,41.868,7.105427357601002e-15,0.0,1,1,1,0,230.73893719806762,319.99999999999994,2753.694685990338,0.6074,0.3779
风电2-光伏1,2,1,45.0,9:00-10:00,10,4.199999999999999,4.859999999999999,46.08,50.94,0.0,20.0,0.7999999999999999,25.0,0.0,25.939999999999998,0,1,1,0,0.0,320.0,1599.9999999999998,0.6074,0.3779
风电2-光伏1,2,1,45.0,10:00-11:00,11,4.1202,5.335999999999999,52.48,57.815999999999995,0.0,20.0,0.8,24.9202,0.0,32.895799999999994,0,1,1,0,0.0,320.0,1600.0,0.8024,0.3779
风电2-光伏1,2,1,45.0,11:00-12:00,12,3.9000000000000004,4.292,55.04,59.332,0.0,20.0,0.7999999999999999,24.7,0.0,34.632000000000005,0,1,1,0,0.0,320.0,1599.9999999999998,0.8024,0.3779
风电2-光伏1,2,1,45.0,12:00-13:00,13,3.2598000000000003,4.168,56.32,60.488,0.0,20.0,0.7999999999999999,24.0598,0.0,36.428200000000004,0,1,1,0,0.0,320.0,1599.9999999999998,0.8024,0.3779
风电2-光伏1,2,1,45.0,13:00-14:00,14,2.6898,6.787999999999999,56.32,63.108,0.0,20.0,0.8,23.4898,0.0,39.6182,0,1,1,0,0.0,320.0,1600.0,0.8024,0.3779
风电2-光伏1,2,1,45.0,14:00-15:00,15,3.63,8.364,52.48,60.843999999999994,0.0,20.0,0.7999999999999999,24.43,0.0,36.413999999999994,0,1,1,0,0.0,320.0,1599.9999999999998,0.8024,0.3779
风电2-光伏1,2,1,45.0,15:00-16:00,16,3.8202000000000003,8.404,44.8,53.20399999999999,15.428537725048516,20.0,1.3399988203766982,40.58873654542521,0.0,12.61526345457478,1,1,1,0,215.99952815067923,320.0,2679.9976407533964,0.6074,0.3779
风电2-光伏1,2,1,45.0,16:00-17:00,17,3.75,5.896,33.28,39.176,0.0,20.0,0.7999999999999999,24.55,0.0,14.626000000000001,0,1,1,0,0.0,320.0,1599.9999999999998,0.6074,0.3779
风电2-光伏1,2,1,45.0,17:00-18:00,18,3.1398,6.6080000000000005,24.32,30.928,0.0,20.0,0.7999999999999999,23.9398,0.0,6.988199999999999,0,1,1,0,0.0,320.0,1599.9999999999998,0.6074,0.3779
风电2-光伏1,2,1,45.0,18:00-19:00,19,2.61,6.252,11.52,17.772,0.0,14.578846153846154,0.5831538461538461,17.772,0.0,0.0,0,1,1,0,0.0,233.26153846153846,1166.3076923076924,0.8024,0.3779
风电2-光伏1,2,1,45.0,19:00-20:00,20,2.1198,4.312,0.0,4.312,0.0,0.0,0.0,2.1198,0.0,2.1922,0,0,0,0,0.0,0.0,0.0,0.8024,0.3779
风电2-光伏1,2,1,45.0,20:00-21:00,21,1.8599999999999999,2.3280000000000003,0.0,2.3280000000000003,0.0,0.0,0.0,1.8599999999999999,0.0,0.4680000000000004,0,0,0,0,0.0,0.0,0.0,0.8024,0.3779
风电2-光伏1,2,1,45.0,21:00-22:00,22,1.6301999999999999,1.492,0.0,1.492,0.0,0.0,0.0,1.6301999999999999,0.13819999999999988,0.0,0,0,0,1,0.0,0.0,0.0,0.6074,0.3779
风电2-光伏1,2,1,45.0,22:00-23:00,23,1.56,2.124,0.0,2.124,0.0,0.0,0.0,1.56,0.0,0.5640000000000001,0,0,0,0,0.0,0.0,0.0,0.6074,0.3779
风电2-光伏1,2,1,45.0,23:00-24:00,24,1.4802,3.6959999999999997,0.0,3.6959999999999997,20.0,20.0,1.5,42.980199999999996,39.2842,0.0,1,1,1,1,280.0,320.0,3000.0,0.3424,0.3779
风电2-光伏1,2,1,36.0,0:00-1:00,1,1.3698000000000001,5.312,0.0,5.312,20.0,19.999999999999993,1.4999999999999998,42.8698,37.5578,0.0,1,1,1,1,280.0,319.9999999999999,2999.9999999999995,0.3424,0.3779
风电2-光伏1,2,1,36.0,1:00-2:00,2,1.0997999999999999,8.5,0.0,8.5,19.99999951818855,20.0,1.499999983136599,42.599799501325144,34.099799501325144,0.0,1,1,1,1,279.99999325463966,320.0,2999.9999662731984,0.3424,0.3779
风电2-光伏1,2,1,36.0,2:00-3:00,3,0.7998000000000001,9.379999999999999,0.0,9.379999999999999,20.000000000000007,20.0,1.5000000000000002,42.299800000000005,32.91980000000001,0.0,1,1,1,1,280.0000000000001,320.0,3000.0000000000005,0.3424,0.3779
风电2-光伏1,2,1,36.0,3:00-4:00,4,0.99,10.304,0.0,10.304,20.000000000000004,19.999999999999996,1.5,42.489999999999995,32.18599999999999,0.0,1,1,1,1,280.00000000000006,319.99999999999994,3000.0,0.3424,0.3779
风电2-光伏1,2,1,36.0,4:00-5:00,5,1.1802000000000001,9.9,0.0,9.9,20.0,20.0,1.5,42.6802,32.7802,0.0,1,1,1,1,280.0,320.0,3000.0,0.3424,0.3779
风电2-光伏1,2,1,36.0,5:00-6:00,6,1.6301999999999999,9.62,0.0,9.62,20.00000000000002,19.999999999999982,1.5,43.1302,33.510200000000005,0.0,1,1,1,1,280.0000000000003,319.9999999999997,3000.0,0.3424,0.3779
风电2-光伏1,2,1,36.0,6:00-7:00,7,2.5002,9.14,14.08,23.22,20.0,20.0,1.5,44.0002,20.7802,0.0,1,1,1,1,280.0,320.0,3000.0,0.3424,0.3779
风电2-光伏1,2,1,36.0,7:00-8:00,8,3.3701999999999996,7.640000000000001,25.6,33.24,0.0,20.0,0.7999999999999999,24.1702,0.0,9.0698,0,1,1,0,0.0,320.0,1599.9999999999998,0.6074,0.3779
风电2-光伏1,2,1,36.0,8:00-9:00,9,4.0098,4.748,37.12,41.867999999999995,0.0,19.999999999999993,0.7999999999999997,24.809799999999992,0.0,17.058200000000003,0,1,1,0,0.0,319.9999999999999,1599.9999999999993,0.6074,0.3779
风电2-光伏1,2,1,36.0,9:00-10:00,10,4.199999999999999,4.859999999999999,46.08,50.94,0.0,3.75,0.15,8.1,0.0,42.839999999999996,0,1,1,0,0.0,60.0,300.0,0.6074,0.3779
风电2-光伏1,2,1,36.0,10:00-11:00,11,4.1202,5.335999999999999,52.48,57.815999999999995,0.0,4.1711542677389,0.166846170709556,8.458200438448456,0.0,49.35779956155154,0,1,1,0,0.0,66.7384682838224,333.69234141911204,0.8024,0.3779
风电2-光伏1,2,1,36.0,11:00-12:00,12,3.9000000000000004,4.292,55.04,59.332,0.0,0.0,0.0,3.9000000000000004,0.0,55.432,0,0,0,0,0.0,0.0,0.0,0.8024,0.3779
风电2-光伏1,2,1,36.0,12:00-13:00,13,3.2598000000000003,4.168,56.32,60.488,0.0,3.75,0.15,7.159800000000001,0.0,53.328199999999995,0,1,1,0,0.0,60.0,300.0,0.8024,0.3779
风电2-光伏1,2,1,36.0,13:00-14:00,14,2.6898,6.787999999999999,56.32,63.108,0.0,20.0,0.8,23.4898,0.0,39.6182,0,1,1,0,0.0,320.0,1600.0,0.8024,0.3779
风电2-光伏1,2,1,36.0,14:00-15:00,15,3.63,8.364,52.48,60.843999999999994,0.0,3.75,0.15,7.53,0.0,53.31399999999999,0,1,1,0,0.0,60.0,300.0,0.8024,0.3779
风电2-光伏1,2,1,36.0,15:00-16:00,16,3.8202000000000003,8.404,44.8,53.20399999999999,0.0,20.0,0.8,24.6202,0.0,28.583799999999993,0,1,1,0,0.0,320.0,1600.0,0.6074,0.3779
风电2-光伏1,2,1,36.0,16:00-17:00,17,3.75,5.896,33.28,39.176,0.0,20.0,0.7999999999999999,24.55,0.0,14.626000000000001,0,1,1,0,0.0,320.0,1599.9999999999998,0.6074,0.3779
风电2-光伏1,2,1,36.0,17:00-18:00,18,3.1398,6.6080000000000005,24.32,30.928,0.0,20.0,0.7999999999999999,23.9398,0.0,6.988199999999999,0,1,1,0,0.0,320.0,1599.9999999999998,0.6074,0.3779
风电2-光伏1,2,1,36.0,18:00-19:00,19,2.61,6.252,11.52,17.772,0.0,14.578846153846154,0.5831538461538461,17.772,0.0,0.0,0,1,1,0,0.0,233.26153846153846,1166.3076923076924,0.8024,0.3779
风电2-光伏1,2,1,36.0,19:00-20:00,20,2.1198,4.312,0.0,4.312,0.0,0.0,0.0,2.1198,0.0,2.1922,0,0,0,0,0.0,0.0,0.0,0.8024,0.3779
风电2-光伏1,2,1,36.0,20:00-21:00,21,1.8599999999999999,2.3280000000000003,0.0,2.3280000000000003,0.0,0.0,0.0,1.8599999999999999,0.0,0.4680000000000004,0,0,0,0,0.0,0.0,0.0,0.8024,0.3779
风电2-光伏1,2,1,36.0,21:00-22:00,22,1.6301999999999999,1.492,0.0,1.492,0.0,0.0,0.0,1.6301999999999999,0.13819999999999988,0.0,0,0,0,1,0.0,0.0,0.0,0.6074,0.3779
风电2-光伏1,2,1,36.0,22:00-23:00,23,1.56,2.124,0.0,2.124,0.0,0.0,0.0,1.56,0.0,0.5640000000000001,0,0,0,0,0.0,0.0,0.0,0.6074,0.3779
风电2-光伏1,2,1,36.0,23:00-24:00,24,1.4802,3.6959999999999997,0.0,3.6959999999999997,20.0,20.0,1.5,42.980199999999996,39.2842,0.0,1,1,1,1,280.0,320.0,3000.0,0.3424,0.3779
风电2-光伏2,2,2,72.0,0:00-1:00,1,1.3698000000000001,5.312,0.0,5.312,20.0,20.0,1.5,42.8698,37.5578,0.0,1,1,1,1,280.0,320.0,3000.0,0.3424,0.3779
风电2-光伏2,2,2,72.0,1:00-2:00,2,1.0997999999999999,8.5,0.0,8.5,20.0,20.0,1.5,42.5998,34.0998,0.0,1,1,1,1,280.0,320.0,3000.0,0.3424,0.3779
风电2-光伏2,2,2,72.0,2:00-3:00,3,0.7998000000000001,9.379999999999999,0.0,9.379999999999999,20.0,20.0,1.5,42.299800000000005,32.91980000000001,0.0,1,1,1,1,280.0,320.0,3000.0,0.3424,0.3779
风电2-光伏2,2,2,72.0,3:00-4:00,4,0.99,10.304,0.0,10.304,20.0,20.0,1.5,42.489999999999995,32.18599999999999,0.0,1,1,1,1,280.0,320.0,3000.0,0.3424,0.3779
风电2-光伏2,2,2,72.0,4:00-5:00,5,1.1802000000000001,9.9,0.0,9.9,20.0,20.0,1.5,42.6802,32.7802,0.0,1,1,1,1,280.0,320.0,3000.0,0.3424,0.3779
风电2-光伏2,2,2,72.0,5:00-6:00,6,1.6301999999999999,9.62,0.0,9.62,20.0,20.0,1.5,43.1302,33.510200000000005,0.0,1,1,1,1,280.0,320.0,3000.0,0.3424,0.3779
风电2-光伏2,2,2,72.0,6:00-7:00,7,2.5002,9.14,0.0,9.14,20.0,20.0,1.5,44.0002,34.8602,0.0,1,1,1,1,280.0,320.0,3000.0,0.3424,0.3779
风电2-光伏2,2,2,72.0,7:00-8:00,8,3.3701999999999996,7.640000000000001,3.2,10.84,20.0,20.0,1.5,44.8702,34.030199999999994,0.0,1,1,1,1,280.0,320.0,3000.0,0.6074,0.3779
风电2-光伏2,2,2,72.0,8:00-9:00,9,4.0098,4.748,10.88,15.628,20.0,20.0,1.5,45.5098,29.8818,0.0,1,1,1,1,280.0,320.0,3000.0,0.6074,0.3779
风电2-光伏2,2,2,72.0,9:00-10:00,10,4.199999999999999,4.859999999999999,17.92,22.78,20.0,20.0,1.5,45.7,22.92,0.0,1,1,1,1,280.0,320.0,3000.0,0.6074,0.3779
风电2-光伏2,2,2,72.0,10:00-11:00,11,4.1202,5.335999999999999,24.96,30.296,20.0,20.0,1.5,45.6202,15.324199999999998,0.0,1,1,1,1,280.0,320.0,3000.0,0.8024,0.3779
风电2-光伏2,2,2,72.0,11:00-12:00,12,3.9000000000000004,4.292,31.36,35.652,20.0,20.0,1.5,45.4,9.747999999999998,0.0,1,1,1,1,280.0,320.0,3000.0,0.8024,0.3779
风电2-光伏2,2,2,72.0,12:00-13:00,13,3.2598000000000003,4.168,35.84,40.008,20.0,20.0,1.5,44.7598,4.751799999999996,0.0,1,1,1,1,280.0,320.0,3000.0,0.8024,0.3779
风电2-光伏2,2,2,72.0,13:00-14:00,14,2.6898,6.787999999999999,37.12,43.907999999999994,20.0,20.0,1.5,44.1898,0.28180000000000405,0.0,1,1,1,1,280.0,320.0,3000.0,0.8024,0.3779
风电2-光伏2,2,2,72.0,14:00-15:00,15,3.63,8.364,32.0,40.364000000000004,20.0,20.0,1.5,45.129999999999995,4.765999999999991,0.0,1,1,1,1,280.0,320.0,3000.0,0.8024,0.3779
风电2-光伏2,2,2,72.0,15:00-16:00,16,3.8202000000000003,8.404,25.6,34.004000000000005,20.0,20.0,1.5,45.3202,11.316199999999995,0.0,1,1,1,1,280.0,320.0,3000.0,0.6074,0.3779
风电2-光伏2,2,2,72.0,16:00-17:00,17,3.75,5.896,19.2,25.096,20.0,20.0,1.5,45.25,20.154,0.0,1,1,1,1,280.0,320.0,3000.0,0.6074,0.3779
风电2-光伏2,2,2,72.0,17:00-18:00,18,3.1398,6.6080000000000005,9.6,16.208,20.0,20.0,1.5,44.6398,28.431800000000003,0.0,1,1,1,1,280.0,320.0,3000.0,0.6074,0.3779
风电2-光伏2,2,2,72.0,18:00-19:00,19,2.61,6.252,3.2,9.452,20.0,20.0,1.5,44.11,34.658,0.0,1,1,1,1,280.0,320.0,3000.0,0.8024,0.3779
风电2-光伏2,2,2,72.0,19:00-20:00,20,2.1198,4.312,0.0,4.312,20.0,20.0,1.5,43.6198,39.3078,0.0,1,1,1,1,280.0,320.0,3000.0,0.8024,0.3779
风电2-光伏2,2,2,72.0,20:00-21:00,21,1.8599999999999999,2.3280000000000003,0.0,2.3280000000000003,20.0,20.0,1.5,43.36,41.032,0.0,1,1,1,1,280.0,320.0,3000.0,0.8024,0.3779
风电2-光伏2,2,2,72.0,21:00-22:00,22,1.6301999999999999,1.492,0.0,1.492,20.0,20.0,1.5,43.1302,41.638200000000005,0.0,1,1,1,1,280.0,320.0,3000.0,0.6074,0.3779
风电2-光伏2,2,2,72.0,22:00-23:00,23,1.56,2.124,0.0,2.124,20.0,20.0,1.5,43.06,40.936,0.0,1,1,1,1,280.0,320.0,3000.0,0.6074,0.3779
风电2-光伏2,2,2,72.0,23:00-24:00,24,1.4802,3.6959999999999997,0.0,3.6959999999999997,20.0,20.0,1.5,42.980199999999996,39.2842,0.0,1,1,1,1,280.0,320.0,3000.0,0.3424,0.3779
风电2-光伏2,2,2,63.0,0:00-1:00,1,1.3698000000000001,5.312,0.0,5.312,20.0,19.999999999999993,1.4999999999999998,42.8698,37.5578,0.0,1,1,1,1,280.0,319.9999999999999,2999.9999999999995,0.3424,0.3779
风电2-光伏2,2,2,63.0,1:00-2:00,2,1.0997999999999999,8.5,0.0,8.5,20.000000000000007,20.0,1.5000000000000002,42.5998,34.0998,0.0,1,1,1,1,280.0000000000001,320.0,3000.0000000000005,0.3424,0.3779
风电2-光伏2,2,2,63.0,2:00-3:00,3,0.7998000000000001,9.379999999999999,0.0,9.379999999999999,20.000000000000007,20.0,1.5000000000000002,42.299800000000005,32.91980000000001,0.0,1,1,1,1,280.0000000000001,320.0,3000.0000000000005,0.3424,0.3779
风电2-光伏2,2,2,63.0,3:00-4:00,4,0.99,10.304,0.0,10.304,20.000000000000004,19.999999999999996,1.5,42.489999999999995,32.18599999999999,0.0,1,1,1,1,280.00000000000006,319.99999999999994,3000.0,0.3424,0.3779
风电2-光伏2,2,2,63.0,4:00-5:00,5,1.1802000000000001,9.9,0.0,9.9,20.0,20.0,1.5,42.6802,32.7802,0.0,1,1,1,1,280.0,320.0,3000.0,0.3424,0.3779
风电2-光伏2,2,2,63.0,5:00-6:00,6,1.6301999999999999,9.62,0.0,9.62,20.00000000000002,19.999999999999982,1.5,43.1302,33.510200000000005,0.0,1,1,1,1,280.0000000000003,319.9999999999997,3000.0,0.3424,0.3779
风电2-光伏2,2,2,63.0,6:00-7:00,7,2.5002,9.14,0.0,9.14,20.000000000000007,20.0,1.5000000000000002,44.00020000000001,34.860200000000006,0.0,1,1,1,1,280.0000000000001,320.0,3000.0000000000005,0.3424,0.3779
风电2-光伏2,2,2,63.0,7:00-8:00,8,3.3701999999999996,7.640000000000001,3.2,10.84,20.0,20.0,1.5,44.8702,34.030199999999994,0.0,1,1,1,1,280.0,320.0,3000.0,0.6074,0.3779
风电2-光伏2,2,2,63.0,8:00-9:00,9,4.0098,4.748,10.88,15.628,20.0,20.0,1.5,45.5098,29.8818,0.0,1,1,1,1,280.0,320.0,3000.0,0.6074,0.3779
风电2-光伏2,2,2,63.0,9:00-10:00,10,4.199999999999999,4.859999999999999,17.92,22.78,20.0,20.0,1.5,45.7,22.92,0.0,1,1,1,1,280.0,320.0,3000.0,0.6074,0.3779
风电2-光伏2,2,2,63.0,10:00-11:00,11,4.1202,5.335999999999999,24.96,30.296,5.1940096618357465,20.0,0.9817903381642512,30.296,0.0,0.0,1,1,1,0,72.71613526570044,320.0,1963.5806763285025,0.8024,0.3779
风电2-光伏2,2,2,63.0,11:00-12:00,12,3.9000000000000004,4.292,31.36,35.652,10.581642512077297,20.0,1.1703574879227054,35.65200000000001,7.105427357601002e-15,0.0,1,1,1,0,148.14299516908216,320.0,2340.7149758454107,0.8024,0.3779
风电2-光伏2,2,2,63.0,12:00-13:00,13,3.2598000000000003,4.168,35.84,40.008,15.408888888888896,20.0,1.3393111111111113,40.008,0.0,0.0,1,1,1,0,215.72444444444454,320.0,2678.6222222222227,0.8024,0.3779
风电2-光伏2,2,2,63.0,13:00-14:00,14,2.6898,6.787999999999999,37.12,43.907999999999994,19.72772946859903,20.0,1.490470531400966,43.907999999999994,0.0,0.0,1,1,1,0,276.18821256038643,320.0,2980.9410628019323,0.8024,0.3779
风电2-光伏2,2,2,63.0,14:00-15:00,15,3.63,8.364,32.0,40.364000000000004,15.395169082125603,20.0,1.3388309178743962,40.364,0.0,7.105427357601002e-15,1,1,1,0,215.53236714975844,320.0,2677.6618357487923,0.8024,0.3779
风电2-光伏2,2,2,63.0,15:00-16:00,16,3.8202000000000003,8.404,25.6,34.004000000000005,20.000000000000004,19.999999999999996,1.5,45.3202,11.316199999999995,0.0,1,1,1,1,280.00000000000006,319.99999999999994,3000.0,0.6074,0.3779
风电2-光伏2,2,2,63.0,16:00-17:00,17,3.75,5.896,19.2,25.096,20.0,20.0,1.5,45.25,20.154,0.0,1,1,1,1,280.0,320.0,3000.0,0.6074,0.3779
风电2-光伏2,2,2,63.0,17:00-18:00,18,3.1398,6.6080000000000005,9.6,16.208,20.0,19.999999999999993,1.4999999999999998,44.639799999999994,28.431799999999996,0.0,1,1,1,1,280.0,319.9999999999999,2999.9999999999995,0.6074,0.3779
风电2-光伏2,2,2,63.0,18:00-19:00,19,2.61,6.252,3.2,9.452,0.0,6.578846153846155,0.2631538461538462,9.452000000000002,1.7763568394002505e-15,0.0,0,1,1,0,0.0,105.26153846153848,526.3076923076924,0.8024,0.3779
风电2-光伏2,2,2,63.0,19:00-20:00,20,2.1198,4.312,0.0,4.312,0.0,3.7499999999999987,0.14999999999999997,6.019799999999999,1.7077999999999989,0.0,0,1,1,1,0.0,59.99999999999998,299.99999999999994,0.8024,0.3779
风电2-光伏2,2,2,63.0,20:00-21:00,21,1.8599999999999999,2.3280000000000003,0.0,2.3280000000000003,0.0,19.152144419774444,0.7660857767909778,21.77823019656542,19.45023019656542,0.0,0,1,1,1,0.0,306.4343107163911,1532.1715535819555,0.8024,0.3779
风电2-光伏2,2,2,63.0,21:00-22:00,22,1.6301999999999999,1.492,0.0,1.492,20.0,20.0,1.5,43.1302,41.638200000000005,0.0,1,1,1,1,280.0,320.0,3000.0,0.6074,0.3779
风电2-光伏2,2,2,63.0,22:00-23:00,23,1.56,2.124,0.0,2.124,19.99999973090692,20.000000000000004,1.4999999905817423,43.059999721488666,40.93599972148866,0.0,1,1,1,1,279.9999962326969,320.00000000000006,2999.9999811634843,0.6074,0.3779
风电2-光伏2,2,2,63.0,23:00-24:00,24,1.4802,3.6959999999999997,0.0,3.6959999999999997,20.0,20.0,1.5,42.980199999999996,39.2842,0.0,1,1,1,1,280.0,320.0,3000.0,0.3424,0.3779
风电2-光伏2,2,2,54.0,0:00-1:00,1,1.3698000000000001,5.312,0.0,5.312,20.000000000000004,19.999999999999996,1.5,42.8698,37.5578,0.0,1,1,1,1,280.00000000000006,319.99999999999994,3000.0,0.3424,0.3779
风电2-光伏2,2,2,54.0,1:00-2:00,2,1.0997999999999999,8.5,0.0,8.5,20.000000000000007,20.0,1.5000000000000002,42.5998,34.0998,0.0,1,1,1,1,280.0000000000001,320.0,3000.0000000000005,0.3424,0.3779
风电2-光伏2,2,2,54.0,2:00-3:00,3,0.7998000000000001,9.379999999999999,0.0,9.379999999999999,20.000000000000007,20.0,1.5000000000000002,42.299800000000005,32.91980000000001,0.0,1,1,1,1,280.0000000000001,320.0,3000.0000000000005,0.3424,0.3779
风电2-光伏2,2,2,54.0,3:00-4:00,4,0.99,10.304,0.0,10.304,19.999999999999975,20.00000000000003,1.5000000000000002,42.49,32.186,0.0,1,1,1,1,279.99999999999966,320.00000000000045,3000.0000000000005,0.3424,0.3779
风电2-光伏2,2,2,54.0,4:00-5:00,5,1.1802000000000001,9.9,0.0,9.9,20.0,20.0,1.5,42.6802,32.7802,0.0,1,1,1,1,280.0,320.0,3000.0,0.3424,0.3779
风电2-光伏2,2,2,54.0,5:00-6:00,6,1.6301999999999999,9.62,0.0,9.62,20.00000000000002,19.999999999999982,1.5,43.1302,33.510200000000005,0.0,1,1,1,1,280.0000000000003,319.9999999999997,3000.0,0.3424,0.3779
风电2-光伏2,2,2,54.0,6:00-7:00,7,2.5002,9.14,0.0,9.14,20.000000000000007,20.0,1.5000000000000002,44.00020000000001,34.860200000000006,0.0,1,1,1,1,280.0000000000001,320.0,3000.0000000000005,0.3424,0.3779
风电2-光伏2,2,2,54.0,7:00-8:00,8,3.3701999999999996,7.640000000000001,3.2,10.84,0.0,20.0,0.7999999999999999,24.1702,13.330200000000001,0.0,0,1,1,1,0.0,320.0,1599.9999999999998,0.6074,0.3779
风电2-光伏2,2,2,54.0,8:00-9:00,9,4.0098,4.748,10.88,15.628,20.0,20.0,1.5,45.5098,29.8818,0.0,1,1,1,1,280.0,320.0,3000.0,0.6074,0.3779
风电2-光伏2,2,2,54.0,9:00-10:00,10,4.199999999999999,4.859999999999999,17.92,22.78,0.0,20.0,0.8,25.0,2.219999999999999,0.0,0,1,1,1,0.0,320.0,1600.0,0.6074,0.3779
风电2-光伏2,2,2,54.0,10:00-11:00,11,4.1202,5.335999999999999,24.96,30.296,5.1940096618357465,20.0,0.9817903381642512,30.296,0.0,0.0,1,1,1,0,72.71613526570044,320.0,1963.5806763285025,0.8024,0.3779
风电2-光伏2,2,2,54.0,11:00-12:00,12,3.9000000000000004,4.292,31.36,35.652,10.581642512077297,20.0,1.1703574879227054,35.65200000000001,7.105427357601002e-15,0.0,1,1,1,0,148.14299516908216,320.0,2340.7149758454107,0.8024,0.3779
风电2-光伏2,2,2,54.0,12:00-13:00,13,3.2598000000000003,4.168,35.84,40.008,15.408888888888896,20.0,1.3393111111111113,40.008,0.0,0.0,1,1,1,0,215.72444444444454,320.0,2678.6222222222227,0.8024,0.3779
风电2-光伏2,2,2,54.0,13:00-14:00,14,2.6898,6.787999999999999,37.12,43.907999999999994,19.72772946859903,20.0,1.490470531400966,43.907999999999994,0.0,0.0,1,1,1,0,276.18821256038643,320.0,2980.9410628019323,0.8024,0.3779
风电2-光伏2,2,2,54.0,14:00-15:00,15,3.63,8.364,32.0,40.364000000000004,15.395169082125603,20.0,1.3388309178743962,40.364,0.0,7.105427357601002e-15,1,1,1,0,215.53236714975844,320.0,2677.6618357487923,0.8024,0.3779
风电2-光伏2,2,2,54.0,15:00-16:00,16,3.8202000000000003,8.404,25.6,34.004000000000005,9.066473429951698,19.999999999999996,1.1173265700483093,34.004000000000005,0.0,0.0,1,1,1,0,126.93062801932376,319.99999999999994,2234.6531400966187,0.6074,0.3779
风电2-光伏2,2,2,54.0,16:00-17:00,17,3.75,5.896,19.2,25.096,20.0,20.0,1.5,45.25,20.154,0.0,1,1,1,1,280.0,320.0,3000.0,0.6074,0.3779
风电2-光伏2,2,2,54.0,17:00-18:00,18,3.1398,6.6080000000000005,9.6,16.208,4.2502625842103114,20.0,0.9487591904473609,28.338821774657674,12.130821774657676,0.0,1,1,1,1,59.50367617894436,320.0,1897.5183808947218,0.6074,0.3779
风电2-光伏2,2,2,54.0,18:00-19:00,19,2.61,6.252,3.2,9.452,0.0,6.578846153846155,0.2631538461538462,9.452000000000002,1.7763568394002505e-15,0.0,0,1,1,0,0.0,105.26153846153848,526.3076923076924,0.8024,0.3779
风电2-光伏2,2,2,54.0,19:00-20:00,20,2.1198,4.312,0.0,4.312,0.0,3.7500001719261427,0.1500000068770457,6.019800178803188,1.707800178803188,0.0,0,1,1,1,0.0,60.00000275081828,300.0000137540914,0.8024,0.3779
风电2-光伏2,2,2,54.0,20:00-21:00,21,1.8599999999999999,2.3280000000000003,0.0,2.3280000000000003,0.0,0.0,0.0,1.8599999999999999,0.0,0.4680000000000004,0,0,0,0,0.0,0.0,0.0,0.8024,0.3779
风电2-光伏2,2,2,54.0,21:00-22:00,22,1.6301999999999999,1.492,0.0,1.492,0.0,19.999999999999996,0.7999999999999999,22.430199999999996,20.938199999999995,0.0,0,1,1,1,0.0,319.99999999999994,1599.9999999999998,0.6074,0.3779
风电2-光伏2,2,2,54.0,22:00-23:00,23,1.56,2.124,0.0,2.124,0.0,20.0,0.7999999999999999,22.36,20.236,0.0,0,1,1,1,0.0,320.0,1599.9999999999998,0.6074,0.3779
风电2-光伏2,2,2,54.0,23:00-24:00,24,1.4802,3.6959999999999997,0.0,3.6959999999999997,20.0,20.0,1.5,42.980199999999996,39.2842,0.0,1,1,1,1,280.0,320.0,3000.0,0.3424,0.3779
风电2-光伏2,2,2,45.0,0:00-1:00,1,1.3698000000000001,5.312,0.0,5.312,20.000000000000004,19.999999999999996,1.5,42.8698,37.5578,0.0,1,1,1,1,280.00000000000006,319.99999999999994,3000.0,0.3424,0.3779
风电2-光伏2,2,2,45.0,1:00-2:00,2,1.0997999999999999,8.5,0.0,8.5,19.999999999999993,20.0,1.4999999999999998,42.59979999999999,34.09979999999999,0.0,1,1,1,1,279.9999999999999,320.0,2999.9999999999995,0.3424,0.3779
风电2-光伏2,2,2,45.0,2:00-3:00,3,0.7998000000000001,9.379999999999999,0.0,9.379999999999999,19.999999999999993,20.0,1.4999999999999998,42.29979999999999,32.919799999999995,0.0,1,1,1,1,279.9999999999999,320.0,2999.9999999999995,0.3424,0.3779
风电2-光伏2,2,2,45.0,3:00-4:00,4,0.99,10.304,0.0,10.304,20.0,20.0,1.5,42.489999999999995,32.18599999999999,0.0,1,1,1,1,280.0,320.0,3000.0,0.3424,0.3779
风电2-光伏2,2,2,45.0,4:00-5:00,5,1.1802000000000001,9.9,0.0,9.9,20.0,20.0,1.5,42.6802,32.7802,0.0,1,1,1,1,280.0,320.0,3000.0,0.3424,0.3779
风电2-光伏2,2,2,45.0,5:00-6:00,6,1.6301999999999999,9.62,0.0,9.62,20.0,19.999999999999993,1.4999999999999998,43.13019999999999,33.51019999999999,0.0,1,1,1,1,280.0,319.9999999999999,2999.9999999999995,0.3424,0.3779
风电2-光伏2,2,2,45.0,6:00-7:00,7,2.5002,9.14,0.0,9.14,20.0,20.0,1.5,44.0002,34.8602,0.0,1,1,1,1,280.0,320.0,3000.0,0.3424,0.3779
风电2-光伏2,2,2,45.0,7:00-8:00,8,3.3701999999999996,7.640000000000001,3.2,10.84,0.0,7.182500000000001,0.2873,10.840000000000002,1.7763568394002505e-15,0.0,0,1,1,0,0.0,114.92000000000002,574.6,0.6074,0.3779
风电2-光伏2,2,2,45.0,8:00-9:00,9,4.0098,4.748,10.88,15.628,0.0,11.171346153846153,0.44685384615384616,15.628,0.0,0.0,0,1,1,0,0.0,178.74153846153845,893.7076923076924,0.6074,0.3779
风电2-光伏2,2,2,45.0,9:00-10:00,10,4.199999999999999,4.859999999999999,17.92,22.78,0.0,17.865384615384617,0.7146153846153847,22.78,0.0,0.0,0,1,1,0,0.0,285.84615384615387,1429.2307692307693,0.6074,0.3779
风电2-光伏2,2,2,45.0,10:00-11:00,11,4.1202,5.335999999999999,24.96,30.296,5.19400966183575,20.0,0.9817903381642512,30.296000000000003,3.552713678800501e-15,0.0,1,1,1,0,72.7161352657005,320.0,1963.5806763285025,0.8024,0.3779
风电2-光伏2,2,2,45.0,11:00-12:00,12,3.9000000000000004,4.292,31.36,35.652,10.581642512077297,20.0,1.1703574879227054,35.65200000000001,7.105427357601002e-15,0.0,1,1,1,1,148.14299516908216,320.0,2340.7149758454107,0.8024,0.3779
风电2-光伏2,2,2,45.0,12:00-13:00,13,3.2598000000000003,4.168,35.84,40.008,15.408888888888896,20.0,1.3393111111111113,40.008,0.0,0.0,1,1,1,1,215.72444444444454,320.0,2678.6222222222227,0.8024,0.3779
风电2-光伏2,2,2,45.0,13:00-14:00,14,2.6898,6.787999999999999,37.12,43.907999999999994,19.727729468599026,20.000000000000004,1.490470531400966,43.907999999999994,0.0,0.0,1,1,1,0,276.1882125603864,320.00000000000006,2980.9410628019323,0.8024,0.3779
风电2-光伏2,2,2,45.0,14:00-15:00,15,3.63,8.364,32.0,40.364000000000004,15.395169082125603,20.0,1.3388309178743962,40.364,0.0,7.105427357601002e-15,1,1,1,1,215.53236714975844,320.0,2677.6618357487923,0.8024,0.3779
风电2-光伏2,2,2,45.0,15:00-16:00,16,3.8202000000000003,8.404,25.6,34.004000000000005,9.066473813495142,19.99999999999999,1.1173265834723296,34.004000396967456,3.96967450910779e-07,0.0,1,1,1,1,126.93063338893198,319.99999999999983,2234.653166944659,0.6074,0.3779
风电2-光伏2,2,2,45.0,16:00-17:00,17,3.75,5.896,19.2,25.096,2.0,19.434171905202067,0.8473668762080827,26.03153878141015,0.9355387814101483,0.0,1,1,1,1,28.0,310.9467504832331,1694.7337524161653,0.6074,0.3779
风电2-光伏2,2,2,45.0,17:00-18:00,18,3.1398,6.6080000000000005,9.6,16.208,0.0,12.565576923076922,0.5026230769230768,16.208,0.0,0.0,0,1,1,0,0.0,201.04923076923075,1005.2461538461537,0.6074,0.3779
风电2-光伏2,2,2,45.0,18:00-19:00,19,2.61,6.252,3.2,9.452,0.0,6.578846153846155,0.2631538461538462,9.452000000000002,1.7763568394002505e-15,0.0,0,1,1,0,0.0,105.26153846153848,526.3076923076924,0.8024,0.3779
风电2-光伏2,2,2,45.0,19:00-20:00,20,2.1198,4.312,0.0,4.312,0.0,0.0,0.0,2.1198,0.0,2.1922,0,0,0,0,0.0,0.0,0.0,0.8024,0.3779
风电2-光伏2,2,2,45.0,20:00-21:00,21,1.8599999999999999,2.3280000000000003,0.0,2.3280000000000003,0.0,0.0,0.0,1.8599999999999999,0.0,0.4680000000000004,0,0,0,0,0.0,0.0,0.0,0.8024,0.3779
风电2-光伏2,2,2,45.0,21:00-22:00,22,1.6301999999999999,1.492,0.0,1.492,0.0,0.0,0.0,1.6301999999999999,0.13819999999999988,0.0,0,0,0,1,0.0,0.0,0.0,0.6074,0.3779
风电2-光伏2,2,2,45.0,22:00-23:00,23,1.56,2.124,0.0,2.124,0.0,0.0,0.0,1.56,0.0,0.5640000000000001,0,0,0,0,0.0,0.0,0.0,0.6074,0.3779
风电2-光伏2,2,2,45.0,23:00-24:00,24,1.4802,3.6959999999999997,0.0,3.6959999999999997,20.0,20.0,1.5,42.980199999999996,39.2842,0.0,1,1,1,1,280.0,320.0,3000.0,0.3424,0.3779
风电2-光伏2,2,2,36.0,0:00-1:00,1,1.3698000000000001,5.312,0.0,5.312,20.0,19.999999999999993,1.4999999999999998,42.8698,37.5578,0.0,1,1,1,1,280.0,319.9999999999999,2999.9999999999995,0.3424,0.3779
风电2-光伏2,2,2,36.0,1:00-2:00,2,1.0997999999999999,8.5,0.0,8.5,20.000000000000007,20.0,1.5000000000000002,42.5998,34.0998,0.0,1,1,1,1,280.0000000000001,320.0,3000.0000000000005,0.3424,0.3779
风电2-光伏2,2,2,36.0,2:00-3:00,3,0.7998000000000001,9.379999999999999,0.0,9.379999999999999,20.000000000000007,20.0,1.5000000000000002,42.299800000000005,32.91980000000001,0.0,1,1,1,1,280.0000000000001,320.0,3000.0000000000005,0.3424,0.3779
风电2-光伏2,2,2,36.0,3:00-4:00,4,0.99,10.304,0.0,10.304,20.000000000000004,19.999999999999996,1.5,42.489999999999995,32.18599999999999,0.0,1,1,1,1,280.00000000000006,319.99999999999994,3000.0,0.3424,0.3779
风电2-光伏2,2,2,36.0,4:00-5:00,5,1.1802000000000001,9.9,0.0,9.9,20.0,20.0,1.5,42.6802,32.7802,0.0,1,1,1,1,280.0,320.0,3000.0,0.3424,0.3779
风电2-光伏2,2,2,36.0,5:00-6:00,6,1.6301999999999999,9.62,0.0,9.62,19.999999475794628,20.0,1.499999981652812,43.13019945744744,33.51019945744744,0.0,1,1,1,1,279.9999926611248,320.0,2999.999963305624,0.3424,0.3779
风电2-光伏2,2,2,36.0,6:00-7:00,7,2.5002,9.14,0.0,9.14,20.000000000000007,20.0,1.5000000000000002,44.00020000000001,34.860200000000006,0.0,1,1,1,1,280.0000000000001,320.0,3000.0000000000005,0.3424,0.3779
风电2-光伏2,2,2,36.0,7:00-8:00,8,3.3701999999999996,7.640000000000001,3.2,10.84,0.0,0.0,0.0,3.3701999999999996,0.0,7.4698,0,0,0,0,0.0,0.0,0.0,0.6074,0.3779
风电2-光伏2,2,2,36.0,8:00-9:00,9,4.0098,4.748,10.88,15.628,0.0,0.0,0.0,4.0098,0.0,11.6182,0,0,0,0,0.0,0.0,0.0,0.6074,0.3779
风电2-光伏2,2,2,36.0,9:00-10:00,10,4.199999999999999,4.859999999999999,17.92,22.78,0.0,17.865384615384617,0.7146153846153847,22.78,0.0,0.0,0,1,1,0,0.0,285.84615384615387,1429.2307692307693,0.6074,0.3779
风电2-光伏2,2,2,36.0,10:00-11:00,11,4.1202,5.335999999999999,24.96,30.296,0.0,20.0,0.8,24.9202,0.0,5.375799999999998,0,1,1,0,0.0,320.0,1600.0,0.8024,0.3779
风电2-光伏2,2,2,36.0,11:00-12:00,12,3.9000000000000004,4.292,31.36,35.652,0.0,20.0,0.7999999999999999,24.7,0.0,10.952000000000002,0,1,1,0,0.0,320.0,1599.9999999999998,0.8024,0.3779
风电2-光伏2,2,2,36.0,12:00-13:00,13,3.2598000000000003,4.168,35.84,40.008,0.0,0.0,0.0,3.2598000000000003,0.0,36.748200000000004,0,0,0,0,0.0,0.0,0.0,0.8024,0.3779
风电2-光伏2,2,2,36.0,13:00-14:00,14,2.6898,6.787999999999999,37.12,43.907999999999994,0.0,20.0,0.8,23.4898,0.0,20.418199999999995,0,1,1,0,0.0,320.0,1600.0,0.8024,0.3779
风电2-光伏2,2,2,36.0,14:00-15:00,15,3.63,8.364,32.0,40.364000000000004,0.0,20.0,0.7999999999999999,24.43,0.0,15.934000000000005,0,1,1,0,0.0,320.0,1599.9999999999998,0.8024,0.3779
风电2-光伏2,2,2,36.0,15:00-16:00,16,3.8202000000000003,8.404,25.6,34.004000000000005,0.0,20.0,0.7999999999999999,24.6202,0.0,9.383800000000004,0,1,1,0,0.0,320.0,1599.9999999999998,0.6074,0.3779
风电2-光伏2,2,2,36.0,16:00-17:00,17,3.75,5.896,19.2,25.096,0.0,19.569038920218116,0.7827615568087245,24.101800477026842,0.0,0.9941995229731582,0,1,1,0,0.0,313.10462272348985,1565.523113617449,0.6074,0.3779
风电2-光伏2,2,2,36.0,17:00-18:00,18,3.1398,6.6080000000000005,9.6,16.208,0.0,12.565576923076922,0.5026230769230768,16.208,0.0,0.0,0,1,1,0,0.0,201.04923076923075,1005.2461538461537,0.6074,0.3779
风电2-光伏2,2,2,36.0,18:00-19:00,19,2.61,6.252,3.2,9.452,0.0,0.0,0.0,2.61,0.0,6.8420000000000005,0,0,0,0,0.0,0.0,0.0,0.8024,0.3779
风电2-光伏2,2,2,36.0,19:00-20:00,20,2.1198,4.312,0.0,4.312,0.0,0.0,0.0,2.1198,0.0,2.1922,0,0,0,0,0.0,0.0,0.0,0.8024,0.3779
风电2-光伏2,2,2,36.0,20:00-21:00,21,1.8599999999999999,2.3280000000000003,0.0,2.3280000000000003,0.0,0.0,0.0,1.8599999999999999,0.0,0.4680000000000004,0,0,0,0,0.0,0.0,0.0,0.8024,0.3779
风电2-光伏2,2,2,36.0,21:00-22:00,22,1.6301999999999999,1.492,0.0,1.492,0.0,0.0,0.0,1.6301999999999999,0.13819999999999988,0.0,0,0,0,1,0.0,0.0,0.0,0.6074,0.3779
风电2-光伏2,2,2,36.0,22:00-23:00,23,1.56,2.124,0.0,2.124,0.0,0.0,0.0,1.56,0.0,0.5640000000000001,0,0,0,0,0.0,0.0,0.0,0.6074,0.3779
风电2-光伏2,2,2,36.0,23:00-24:00,24,1.4802,3.6959999999999997,0.0,3.6959999999999997,20.0,20.0,1.5,42.980199999999996,39.2842,0.0,1,1,1,1,280.0,320.0,3000.0,0.3424,0.3779
风电2-光伏3,2,3,72.0,0:00-1:00,1,1.3698000000000001,5.312,0.0,5.312,20.0,20.0,1.5,42.8698,37.5578,0.0,1,1,1,1,280.0,320.0,3000.0,0.3424,0.3779
风电2-光伏3,2,3,72.0,1:00-2:00,2,1.0997999999999999,8.5,0.0,8.5,20.0,20.0,1.5,42.5998,34.0998,0.0,1,1,1,1,280.0,320.0,3000.0,0.3424,0.3779
风电2-光伏3,2,3,72.0,2:00-3:00,3,0.7998000000000001,9.379999999999999,0.0,9.379999999999999,20.0,20.0,1.5,42.299800000000005,32.91980000000001,0.0,1,1,1,1,280.0,320.0,3000.0,0.3424,0.3779
风电2-光伏3,2,3,72.0,3:00-4:00,4,0.99,10.304,0.0,10.304,20.0,20.0,1.5,42.489999999999995,32.18599999999999,0.0,1,1,1,1,280.0,320.0,3000.0,0.3424,0.3779
风电2-光伏3,2,3,72.0,4:00-5:00,5,1.1802000000000001,9.9,0.0,9.9,20.0,20.0,1.5,42.6802,32.7802,0.0,1,1,1,1,280.0,320.0,3000.0,0.3424,0.3779
风电2-光伏3,2,3,72.0,5:00-6:00,6,1.6301999999999999,9.62,0.0,9.62,20.0,20.0,1.5,43.1302,33.510200000000005,0.0,1,1,1,1,280.0,320.0,3000.0,0.3424,0.3779
风电2-光伏3,2,3,72.0,6:00-7:00,7,2.5002,9.14,0.0,9.14,20.0,20.0,1.5,44.0002,34.8602,0.0,1,1,1,1,280.0,320.0,3000.0,0.3424,0.3779
风电2-光伏3,2,3,72.0,7:00-8:00,8,3.3701999999999996,7.640000000000001,1.28,8.92,20.0,20.0,1.5,44.8702,35.950199999999995,0.0,1,1,1,1,280.0,320.0,3000.0,0.6074,0.3779
风电2-光伏3,2,3,72.0,8:00-9:00,9,4.0098,4.748,3.2,7.948,20.0,20.0,1.5,45.5098,37.5618,0.0,1,1,1,1,280.0,320.0,3000.0,0.6074,0.3779
风电2-光伏3,2,3,72.0,9:00-10:00,10,4.199999999999999,4.859999999999999,5.12,9.98,20.0,20.0,1.5,45.7,35.72,0.0,1,1,1,1,280.0,320.0,3000.0,0.6074,0.3779
风电2-光伏3,2,3,72.0,10:00-11:00,11,4.1202,5.335999999999999,7.68,13.015999999999998,20.0,20.0,1.5,45.6202,32.6042,0.0,1,1,1,1,280.0,320.0,3000.0,0.8024,0.3779
风电2-光伏3,2,3,72.0,11:00-12:00,12,3.9000000000000004,4.292,11.52,15.812,20.0,20.0,1.5,45.4,29.588,0.0,1,1,1,1,280.0,320.0,3000.0,0.8024,0.3779
风电2-光伏3,2,3,72.0,12:00-13:00,13,3.2598000000000003,4.168,14.08,18.248,20.0,20.0,1.5,44.7598,26.511799999999997,0.0,1,1,1,1,280.0,320.0,3000.0,0.8024,0.3779
风电2-光伏3,2,3,72.0,13:00-14:00,14,2.6898,6.787999999999999,14.08,20.868,20.0,20.0,1.5,44.1898,23.3218,0.0,1,1,1,1,280.0,320.0,3000.0,0.8024,0.3779
风电2-光伏3,2,3,72.0,14:00-15:00,15,3.63,8.364,11.52,19.884,20.0,20.0,1.5,45.129999999999995,25.245999999999995,0.0,1,1,1,1,280.0,320.0,3000.0,0.8024,0.3779
风电2-光伏3,2,3,72.0,15:00-16:00,16,3.8202000000000003,8.404,7.04,15.443999999999999,20.0,20.0,1.5,45.3202,29.8762,0.0,1,1,1,1,280.0,320.0,3000.0,0.6074,0.3779
风电2-光伏3,2,3,72.0,16:00-17:00,17,3.75,5.896,5.12,11.016,20.0,20.0,1.5,45.25,34.234,0.0,1,1,1,1,280.0,320.0,3000.0,0.6074,0.3779
风电2-光伏3,2,3,72.0,17:00-18:00,18,3.1398,6.6080000000000005,3.2,9.808,20.0,20.0,1.5,44.6398,34.8318,0.0,1,1,1,1,280.0,320.0,3000.0,0.6074,0.3779
风电2-光伏3,2,3,72.0,18:00-19:00,19,2.61,6.252,1.28,7.532,20.0,20.0,1.5,44.11,36.578,0.0,1,1,1,1,280.0,320.0,3000.0,0.8024,0.3779
风电2-光伏3,2,3,72.0,19:00-20:00,20,2.1198,4.312,0.0,4.312,20.0,20.0,1.5,43.6198,39.3078,0.0,1,1,1,1,280.0,320.0,3000.0,0.8024,0.3779
风电2-光伏3,2,3,72.0,20:00-21:00,21,1.8599999999999999,2.3280000000000003,0.0,2.3280000000000003,20.0,20.0,1.5,43.36,41.032,0.0,1,1,1,1,280.0,320.0,3000.0,0.8024,0.3779
风电2-光伏3,2,3,72.0,21:00-22:00,22,1.6301999999999999,1.492,0.0,1.492,20.0,20.0,1.5,43.1302,41.638200000000005,0.0,1,1,1,1,280.0,320.0,3000.0,0.6074,0.3779
风电2-光伏3,2,3,72.0,22:00-23:00,23,1.56,2.124,0.0,2.124,20.0,20.0,1.5,43.06,40.936,0.0,1,1,1,1,280.0,320.0,3000.0,0.6074,0.3779
风电2-光伏3,2,3,72.0,23:00-24:00,24,1.4802,3.6959999999999997,0.0,3.6959999999999997,20.0,20.0,1.5,42.980199999999996,39.2842,0.0,1,1,1,1,280.0,320.0,3000.0,0.3424,0.3779
风电2-光伏3,2,3,63.0,0:00-1:00,1,1.3698000000000001,5.312,0.0,5.312,20.000000000000004,19.999999999999996,1.5,42.8698,37.5578,0.0,1,1,1,1,280.00000000000006,319.99999999999994,3000.0,0.3424,0.3779
风电2-光伏3,2,3,63.0,1:00-2:00,2,1.0997999999999999,8.5,0.0,8.5,20.000000000000007,20.0,1.5000000000000002,42.5998,34.0998,0.0,1,1,1,1,280.0000000000001,320.0,3000.0000000000005,0.3424,0.3779
风电2-光伏3,2,3,63.0,2:00-3:00,3,0.7998000000000001,9.379999999999999,0.0,9.379999999999999,20.000000000000007,20.0,1.5000000000000002,42.299800000000005,32.91980000000001,0.0,1,1,1,1,280.0000000000001,320.0,3000.0000000000005,0.3424,0.3779
风电2-光伏3,2,3,63.0,3:00-4:00,4,0.99,10.304,0.0,10.304,19.999999999999975,20.00000000000003,1.5000000000000002,42.49,32.186,0.0,1,1,1,1,279.99999999999966,320.00000000000045,3000.0000000000005,0.3424,0.3779
风电2-光伏3,2,3,63.0,4:00-5:00,5,1.1802000000000001,9.9,0.0,9.9,20.0,20.0,1.5,42.6802,32.7802,0.0,1,1,1,1,280.0,320.0,3000.0,0.3424,0.3779
风电2-光伏3,2,3,63.0,5:00-6:00,6,1.6301999999999999,9.62,0.0,9.62,20.00000000000002,19.999999999999982,1.5,43.1302,33.510200000000005,0.0,1,1,1,1,280.0000000000003,319.9999999999997,3000.0,0.3424,0.3779
风电2-光伏3,2,3,63.0,6:00-7:00,7,2.5002,9.14,0.0,9.14,20.000000000000007,20.0,1.5000000000000002,44.00020000000001,34.860200000000006,0.0,1,1,1,1,280.0000000000001,320.0,3000.0000000000005,0.3424,0.3779
风电2-光伏3,2,3,63.0,7:00-8:00,8,3.3701999999999996,7.640000000000001,1.28,8.92,20.000000000000007,20.0,1.5000000000000002,44.87020000000001,35.95020000000001,0.0,1,1,1,1,280.0000000000001,320.0,3000.0000000000005,0.6074,0.3779
风电2-光伏3,2,3,63.0,8:00-9:00,9,4.0098,4.748,3.2,7.948,19.999999999999975,20.00000000000002,1.5,45.5098,37.5618,0.0,1,1,1,1,279.99999999999966,320.00000000000034,3000.0,0.6074,0.3779
风电2-光伏3,2,3,63.0,9:00-10:00,10,4.199999999999999,4.859999999999999,5.12,9.98,20.0,20.0,1.5,45.7,35.72,0.0,1,1,1,1,280.0,320.0,3000.0,0.6074,0.3779
风电2-光伏3,2,3,63.0,10:00-11:00,11,4.1202,5.335999999999999,7.68,13.015999999999998,0.0,20.0,0.7999999999999999,24.9202,11.904200000000003,0.0,0,1,1,1,0.0,320.0,1599.9999999999998,0.8024,0.3779
风电2-光伏3,2,3,63.0,11:00-12:00,12,3.9000000000000004,4.292,11.52,15.812,0.0,20.0,0.7999999999999999,24.7,8.888,0.0,0,1,1,1,0.0,320.0,1599.9999999999998,0.8024,0.3779
风电2-光伏3,2,3,63.0,12:00-13:00,13,3.2598000000000003,4.168,14.08,18.248,19.999999999999996,20.000000000000004,1.5,44.7598,26.511799999999997,0.0,1,1,1,1,279.99999999999994,320.00000000000006,3000.0,0.8024,0.3779
风电2-光伏3,2,3,63.0,13:00-14:00,14,2.6898,6.787999999999999,14.08,20.868,0.0,20.0,0.8,23.4898,2.6218000000000004,0.0,0,1,1,1,0.0,320.0,1600.0,0.8024,0.3779
风电2-光伏3,2,3,63.0,14:00-15:00,15,3.63,8.364,11.52,19.884,11.428572117789182,19.999999396934477,1.2000000000000004,36.25857151472366,16.374571514723662,0.0,1,1,1,1,160.00000964904854,319.99999035095163,2400.000000000001,0.8024,0.3779
风电2-光伏3,2,3,63.0,15:00-16:00,16,3.8202000000000003,8.404,7.04,15.443999999999999,20.0,19.999999999999993,1.4999999999999998,45.32019999999999,29.876199999999994,0.0,1,1,1,1,280.0,319.9999999999999,2999.9999999999995,0.6074,0.3779
风电2-光伏3,2,3,63.0,16:00-17:00,17,3.75,5.896,5.12,11.016,20.000000000000007,20.0,1.5000000000000002,45.25000000000001,34.23400000000001,0.0,1,1,1,1,280.0000000000001,320.0,3000.0000000000005,0.6074,0.3779
风电2-光伏3,2,3,63.0,17:00-18:00,18,3.1398,6.6080000000000005,3.2,9.808,19.999999999999975,20.000000000000014,1.4999999999999998,44.639799999999994,34.831799999999994,0.0,1,1,1,1,279.99999999999966,320.0000000000002,2999.9999999999995,0.6074,0.3779
风电2-光伏3,2,3,63.0,18:00-19:00,19,2.61,6.252,1.28,7.532,0.0,20.0,0.7999999999999999,23.41,15.878,0.0,0,1,1,1,0.0,320.0,1599.9999999999998,0.8024,0.3779
风电2-光伏3,2,3,63.0,19:00-20:00,20,2.1198,4.312,0.0,4.312,0.0,20.0,0.7999999999999999,22.919800000000002,18.6078,0.0,0,1,1,1,0.0,320.0,1599.9999999999998,0.8024,0.3779
风电2-光伏3,2,3,63.0,20:00-21:00,21,1.8599999999999999,2.3280000000000003,0.0,2.3280000000000003,0.0,20.0,0.7999999999999999,22.66,20.332,0.0,0,1,1,1,0.0,320.0,1599.9999999999998,0.8024,0.3779
风电2-光伏3,2,3,63.0,21:00-22:00,22,1.6301999999999999,1.492,0.0,1.492,20.0,20.0,1.5,43.1302,41.638200000000005,0.0,1,1,1,1,280.0,320.0,3000.0,0.6074,0.3779
风电2-光伏3,2,3,63.0,22:00-23:00,23,1.56,2.124,0.0,2.124,20.000000000000004,19.999999999999996,1.5,43.06,40.936,0.0,1,1,1,1,280.00000000000006,319.99999999999994,3000.0,0.6074,0.3779
风电2-光伏3,2,3,63.0,23:00-24:00,24,1.4802,3.6959999999999997,0.0,3.6959999999999997,20.0,20.0,1.5,42.980199999999996,39.2842,0.0,1,1,1,1,280.0,320.0,3000.0,0.3424,0.3779
风电2-光伏3,2,3,54.0,0:00-1:00,1,1.3698000000000001,5.312,0.0,5.312,20.0,19.999999999999993,1.4999999999999998,42.8698,37.5578,0.0,1,1,1,1,280.0,319.9999999999999,2999.9999999999995,0.3424,0.3779
风电2-光伏3,2,3,54.0,1:00-2:00,2,1.0997999999999999,8.5,0.0,8.5,20.000000000000007,20.0,1.5000000000000002,42.5998,34.0998,0.0,1,1,1,1,280.0000000000001,320.0,3000.0000000000005,0.3424,0.3779
风电2-光伏3,2,3,54.0,2:00-3:00,3,0.7998000000000001,9.379999999999999,0.0,9.379999999999999,20.000000000000007,20.0,1.5000000000000002,42.299800000000005,32.91980000000001,0.0,1,1,1,1,280.0000000000001,320.0,3000.0000000000005,0.3424,0.3779
风电2-光伏3,2,3,54.0,3:00-4:00,4,0.99,10.304,0.0,10.304,20.000000000000004,19.999999999999996,1.5,42.489999999999995,32.18599999999999,0.0,1,1,1,1,280.00000000000006,319.99999999999994,3000.0,0.3424,0.3779
风电2-光伏3,2,3,54.0,4:00-5:00,5,1.1802000000000001,9.9,0.0,9.9,20.0,20.0,1.5,42.6802,32.7802,0.0,1,1,1,1,280.0,320.0,3000.0,0.3424,0.3779
风电2-光伏3,2,3,54.0,5:00-6:00,6,1.6301999999999999,9.62,0.0,9.62,20.00000000000002,19.999999999999982,1.5,43.1302,33.510200000000005,0.0,1,1,1,1,280.0000000000003,319.9999999999997,3000.0,0.3424,0.3779
风电2-光伏3,2,3,54.0,6:00-7:00,7,2.5002,9.14,0.0,9.14,20.000000000000007,20.0,1.5000000000000002,44.00020000000001,34.860200000000006,0.0,1,1,1,1,280.0000000000001,320.0,3000.0000000000005,0.3424,0.3779
风电2-光伏3,2,3,54.0,7:00-8:00,8,3.3701999999999996,7.640000000000001,1.28,8.92,20.000000000000007,20.0,1.5000000000000002,44.87020000000001,35.95020000000001,0.0,1,1,1,1,280.0000000000001,320.0,3000.0000000000005,0.6074,0.3779
风电2-光伏3,2,3,54.0,8:00-9:00,9,4.0098,4.748,3.2,7.948,18.84593379229831,20.0,1.459607682730441,44.31534147502875,36.36734147502875,0.0,1,1,1,1,263.8430730921764,320.0,2919.215365460882,0.6074,0.3779
风电2-光伏3,2,3,54.0,9:00-10:00,10,4.199999999999999,4.859999999999999,5.12,9.98,20.0,20.0,1.5,45.7,35.72,0.0,1,1,1,1,280.0,320.0,3000.0,0.6074,0.3779
风电2-光伏3,2,3,54.0,10:00-11:00,11,4.1202,5.335999999999999,7.68,13.015999999999998,0.0,8.553653846153844,0.34214615384615377,13.015999999999996,0.0,1.7763568394002505e-15,0,1,1,0,0.0,136.8584615384615,684.2923076923075,0.8024,0.3779
风电2-光伏3,2,3,54.0,11:00-12:00,12,3.9000000000000004,4.292,11.52,15.812,0.0,11.453846153846154,0.45815384615384613,15.812000000000001,1.7763568394002505e-15,0.0,0,1,1,0,0.0,183.26153846153846,916.3076923076923,0.8024,0.3779
风电2-光伏3,2,3,54.0,12:00-13:00,13,3.2598000000000003,4.168,14.08,18.248,0.0,14.41173076923077,0.5764692307692308,18.248,0.0,0.0,0,1,1,0,0.0,230.58769230769232,1152.9384615384618,0.8024,0.3779
风电2-光伏3,2,3,54.0,13:00-14:00,14,2.6898,6.787999999999999,14.08,20.868,0.0,17.479038461538458,0.6991615384615384,20.867999999999995,0.0,3.552713678800501e-15,0,1,1,0,0.0,279.66461538461533,1398.3230769230768,0.8024,0.3779
风电2-光伏3,2,3,54.0,14:00-15:00,15,3.63,8.364,11.52,19.884,0.0,15.628846153846156,0.6251538461538462,19.884000000000004,3.552713678800501e-15,0.0,0,1,1,0,0.0,250.0615384615385,1250.3076923076924,0.8024,0.3779
风电2-光伏3,2,3,54.0,15:00-16:00,16,3.8202000000000003,8.404,7.04,15.443999999999999,20.0,19.999999999999993,1.4999999999999998,45.32019999999999,29.876199999999994,0.0,1,1,1,1,280.0,319.9999999999999,2999.9999999999995,0.6074,0.3779
风电2-光伏3,2,3,54.0,16:00-17:00,17,3.75,5.896,5.12,11.016,20.000000000000007,20.0,1.5000000000000002,45.25000000000001,34.23400000000001,0.0,1,1,1,1,280.0000000000001,320.0,3000.0000000000005,0.6074,0.3779
风电2-光伏3,2,3,54.0,17:00-18:00,18,3.1398,6.6080000000000005,3.2,9.808,19.999999999999975,20.000000000000014,1.4999999999999998,44.639799999999994,34.831799999999994,0.0,1,1,1,1,279.99999999999966,320.0000000000002,2999.9999999999995,0.6074,0.3779
风电2-光伏3,2,3,54.0,18:00-19:00,19,2.61,6.252,1.28,7.532,0.0,4.732692307692308,0.18930769230769234,7.532000000000001,8.881784197001252e-16,0.0,0,1,1,0,0.0,75.72307692307693,378.6153846153847,0.8024,0.3779
风电2-光伏3,2,3,54.0,19:00-20:00,20,2.1198,4.312,0.0,4.312,0.0,3.7500002394313703,0.15000000957725482,6.019800249008625,1.707800249008625,0.0,0,1,1,1,0.0,60.000003830901925,300.00001915450963,0.8024,0.3779
风电2-光伏3,2,3,54.0,20:00-21:00,21,1.8599999999999999,2.3280000000000003,0.0,2.3280000000000003,0.0,0.0,0.0,1.8599999999999999,0.0,0.4680000000000004,0,0,0,0,0.0,0.0,0.0,0.8024,0.3779
风电2-光伏3,2,3,54.0,21:00-22:00,22,1.6301999999999999,1.492,0.0,1.492,20.0,20.0,1.5,43.1302,41.638200000000005,0.0,1,1,1,1,280.0,320.0,3000.0,0.6074,0.3779
风电2-光伏3,2,3,54.0,22:00-23:00,23,1.56,2.124,0.0,2.124,20.000000000000004,19.999999999999996,1.5,43.06,40.936,0.0,1,1,1,1,280.00000000000006,319.99999999999994,3000.0,0.6074,0.3779
风电2-光伏3,2,3,54.0,23:00-24:00,24,1.4802,3.6959999999999997,0.0,3.6959999999999997,20.0,20.0,1.5,42.980199999999996,39.2842,0.0,1,1,1,1,280.0,320.0,3000.0,0.3424,0.3779
风电2-光伏3,2,3,45.0,0:00-1:00,1,1.3698000000000001,5.312,0.0,5.312,20.0,19.999999999999993,1.4999999999999998,42.8698,37.5578,0.0,1,1,1,1,280.0,319.9999999999999,2999.9999999999995,0.3424,0.3779
风电2-光伏3,2,3,45.0,1:00-2:00,2,1.0997999999999999,8.5,0.0,8.5,20.000000000000007,20.0,1.5000000000000002,42.5998,34.0998,0.0,1,1,1,1,280.0000000000001,320.0,3000.0000000000005,0.3424,0.3779
风电2-光伏3,2,3,45.0,2:00-3:00,3,0.7998000000000001,9.379999999999999,0.0,9.379999999999999,20.000000000000007,20.0,1.5000000000000002,42.299800000000005,32.91980000000001,0.0,1,1,1,1,280.0000000000001,320.0,3000.0000000000005,0.3424,0.3779
风电2-光伏3,2,3,45.0,3:00-4:00,4,0.99,10.304,0.0,10.304,20.000000000000004,19.999999999999996,1.5,42.489999999999995,32.18599999999999,0.0,1,1,1,1,280.00000000000006,319.99999999999994,3000.0,0.3424,0.3779
风电2-光伏3,2,3,45.0,4:00-5:00,5,1.1802000000000001,9.9,0.0,9.9,20.0,20.0,1.5,42.6802,32.7802,0.0,1,1,1,1,280.0,320.0,3000.0,0.3424,0.3779
风电2-光伏3,2,3,45.0,5:00-6:00,6,1.6301999999999999,9.62,0.0,9.62,20.00000000000002,19.999999999999982,1.5,43.1302,33.510200000000005,0.0,1,1,1,1,280.0000000000003,319.9999999999997,3000.0,0.3424,0.3779
风电2-光伏3,2,3,45.0,6:00-7:00,7,2.5002,9.14,0.0,9.14,20.000000000000007,20.0,1.5000000000000002,44.00020000000001,34.860200000000006,0.0,1,1,1,1,280.0000000000001,320.0,3000.0000000000005,0.3424,0.3779
风电2-光伏3,2,3,45.0,7:00-8:00,8,3.3701999999999996,7.640000000000001,1.28,8.92,10.274505291436517,20.0,1.1596076852002781,34.804312976636794,25.884312976636792,0.0,1,1,1,1,143.84307408011125,320.0,2319.2153704005564,0.6074,0.3779
风电2-光伏3,2,3,45.0,8:00-9:00,9,4.0098,4.748,3.2,7.948,0.0,20.0,0.7999999999999999,24.8098,16.8618,0.0,0,1,1,1,0.0,320.0,1599.9999999999998,0.6074,0.3779
风电2-光伏3,2,3,45.0,9:00-10:00,10,4.199999999999999,4.859999999999999,5.12,9.98,20.0,20.0,1.5,45.7,35.72,0.0,1,1,1,1,280.0,320.0,3000.0,0.6074,0.3779
风电2-光伏3,2,3,45.0,10:00-11:00,11,4.1202,5.335999999999999,7.68,13.015999999999998,0.0,8.553653846153844,0.34214615384615377,13.015999999999996,0.0,1.7763568394002505e-15,0,1,1,0,0.0,136.8584615384615,684.2923076923075,0.8024,0.3779
风电2-光伏3,2,3,45.0,11:00-12:00,12,3.9000000000000004,4.292,11.52,15.812,0.0,11.453846153846154,0.45815384615384613,15.812000000000001,1.7763568394002505e-15,0.0,0,1,1,0,0.0,183.26153846153846,916.3076923076923,0.8024,0.3779
风电2-光伏3,2,3,45.0,12:00-13:00,13,3.2598000000000003,4.168,14.08,18.248,0.0,14.41173076923077,0.5764692307692308,18.248,0.0,0.0,0,1,1,0,0.0,230.58769230769232,1152.9384615384618,0.8024,0.3779
风电2-光伏3,2,3,45.0,13:00-14:00,14,2.6898,6.787999999999999,14.08,20.868,0.0,17.479038461538458,0.6991615384615384,20.867999999999995,0.0,3.552713678800501e-15,0,1,1,0,0.0,279.66461538461533,1398.3230769230768,0.8024,0.3779
风电2-光伏3,2,3,45.0,14:00-15:00,15,3.63,8.364,11.52,19.884,0.0,15.628846153846156,0.6251538461538462,19.884000000000004,3.552713678800501e-15,0.0,0,1,1,0,0.0,250.0615384615385,1250.3076923076924,0.8024,0.3779
风电2-光伏3,2,3,45.0,15:00-16:00,16,3.8202000000000003,8.404,7.04,15.443999999999999,0.0,20.0,0.7999999999999999,24.6202,9.176200000000001,0.0,0,1,1,1,0.0,320.0,1599.9999999999998,0.6074,0.3779
风电2-光伏3,2,3,45.0,16:00-17:00,17,3.75,5.896,5.12,11.016,0.0,20.0,0.7999999999999999,24.55,13.534,0.0,0,1,1,1,0.0,320.0,1599.9999999999998,0.6074,0.3779
风电2-光伏3,2,3,45.0,17:00-18:00,18,3.1398,6.6080000000000005,3.2,9.808,0.0,20.0,0.8,23.9398,14.131800000000002,0.0,0,1,1,1,0.0,320.0,1600.0,0.6074,0.3779
风电2-光伏3,2,3,45.0,18:00-19:00,19,2.61,6.252,1.28,7.532,0.0,4.732692307692308,0.18930769230769234,7.532000000000001,8.881784197001252e-16,0.0,0,1,1,0,0.0,75.72307692307693,378.6153846153847,0.8024,0.3779
风电2-光伏3,2,3,45.0,19:00-20:00,20,2.1198,4.312,0.0,4.312,0.0,3.7500001776854313,0.15000000710741723,6.019800184792849,1.7078001847928483,0.0,0,1,1,1,0.0,60.0000028429669,300.00001421483444,0.8024,0.3779
风电2-光伏3,2,3,45.0,20:00-21:00,21,1.8599999999999999,2.3280000000000003,0.0,2.3280000000000003,0.0,0.0,0.0,1.8599999999999999,0.0,0.4680000000000004,0,0,0,0,0.0,0.0,0.0,0.8024,0.3779
风电2-光伏3,2,3,45.0,21:00-22:00,22,1.6301999999999999,1.492,0.0,1.492,0.0,19.999999999999996,0.7999999999999999,22.430199999999996,20.938199999999995,0.0,0,1,1,1,0.0,319.99999999999994,1599.9999999999998,0.6074,0.3779
风电2-光伏3,2,3,45.0,22:00-23:00,23,1.56,2.124,0.0,2.124,0.0,20.0,0.7999999999999999,22.36,20.236,0.0,0,1,1,1,0.0,320.0,1599.9999999999998,0.6074,0.3779
风电2-光伏3,2,3,45.0,23:00-24:00,24,1.4802,3.6959999999999997,0.0,3.6959999999999997,20.0,20.0,1.5,42.980199999999996,39.2842,0.0,1,1,1,1,280.0,320.0,3000.0,0.3424,0.3779
风电2-光伏3,2,3,36.0,0:00-1:00,1,1.3698000000000001,5.312,0.0,5.312,20.0,19.999999999999993,1.4999999999999998,42.8698,37.5578,0.0,1,1,1,1,280.0,319.9999999999999,2999.9999999999995,0.3424,0.3779
风电2-光伏3,2,3,36.0,1:00-2:00,2,1.0997999999999999,8.5,0.0,8.5,19.99999992146174,20.0,1.4999999972511608,42.5997999187129,34.0997999187129,0.0,1,1,1,1,279.99999890046433,320.0,2999.999994502322,0.3424,0.3779
风电2-光伏3,2,3,36.0,2:00-3:00,3,0.7998000000000001,9.379999999999999,0.0,9.379999999999999,19.999999999999993,20.0,1.4999999999999998,42.29979999999999,32.919799999999995,0.0,1,1,1,1,279.9999999999999,320.0,2999.9999999999995,0.3424,0.3779
风电2-光伏3,2,3,36.0,3:00-4:00,4,0.99,10.304,0.0,10.304,20.0,20.0,1.5,42.489999999999995,32.18599999999999,0.0,1,1,1,1,280.0,320.0,3000.0,0.3424,0.3779
风电2-光伏3,2,3,36.0,4:00-5:00,5,1.1802000000000001,9.9,0.0,9.9,19.999999999999993,20.0,1.4999999999999998,42.68019999999999,32.780199999999994,0.0,1,1,1,1,279.9999999999999,320.0,2999.9999999999995,0.3424,0.3779
风电2-光伏3,2,3,36.0,5:00-6:00,6,1.6301999999999999,9.62,0.0,9.62,20.0,19.999999999999993,1.4999999999999998,43.13019999999999,33.51019999999999,0.0,1,1,1,1,280.0,319.9999999999999,2999.9999999999995,0.3424,0.3779
风电2-光伏3,2,3,36.0,6:00-7:00,7,2.5002,9.14,0.0,9.14,19.999999999999993,20.0,1.4999999999999998,44.00019999999999,34.86019999999999,0.0,1,1,1,1,279.9999999999999,320.0,2999.9999999999995,0.3424,0.3779
风电2-光伏3,2,3,36.0,7:00-8:00,8,3.3701999999999996,7.640000000000001,1.28,8.92,0.0,5.336346153846154,0.21345384615384616,8.920000000000002,1.7763568394002505e-15,0.0,0,1,1,0,0.0,85.38153846153847,426.90769230769234,0.6074,0.3779
风电2-光伏3,2,3,36.0,8:00-9:00,9,4.0098,4.748,3.2,7.948,0.0,18.521153914874905,0.7408461565949962,23.271800071469904,15.323800071469904,0.0,0,1,1,1,0.0,296.3384626379985,1481.6923131899923,0.6074,0.3779
风电2-光伏3,2,3,36.0,9:00-10:00,10,4.199999999999999,4.859999999999999,5.12,9.98,0.0,5.557692307692311,0.22230769230769237,9.980000000000002,1.7763568394002505e-15,0.0,0,1,1,0,0.0,88.92307692307698,444.61538461538476,0.6074,0.3779
风电2-光伏3,2,3,36.0,10:00-11:00,11,4.1202,5.335999999999999,7.68,13.015999999999998,0.0,8.553653846153844,0.34214615384615377,13.015999999999996,0.0,1.7763568394002505e-15,0,1,1,0,0.0,136.8584615384615,684.2923076923075,0.8024,0.3779
风电2-光伏3,2,3,36.0,11:00-12:00,12,3.9000000000000004,4.292,11.52,15.812,0.0,11.453846153846154,0.45815384615384613,15.812000000000001,1.7763568394002505e-15,0.0,0,1,1,0,0.0,183.26153846153846,916.3076923076923,0.8024,0.3779
风电2-光伏3,2,3,36.0,12:00-13:00,13,3.2598000000000003,4.168,14.08,18.248,0.0,14.411730769230772,0.5764692307692308,18.248,0.0,0.0,0,1,1,0,0.0,230.58769230769235,1152.9384615384618,0.8024,0.3779
风电2-光伏3,2,3,36.0,13:00-14:00,14,2.6898,6.787999999999999,14.08,20.868,0.0,17.479038461538458,0.6991615384615384,20.867999999999995,0.0,3.552713678800501e-15,0,1,1,0,0.0,279.66461538461533,1398.3230769230768,0.8024,0.3779
风电2-光伏3,2,3,36.0,14:00-15:00,15,3.63,8.364,11.52,19.884,0.0,15.628846153846156,0.6251538461538462,19.884000000000004,3.552713678800501e-15,0.0,0,1,1,0,0.0,250.0615384615385,1250.3076923076924,0.8024,0.3779
风电2-光伏3,2,3,36.0,15:00-16:00,16,3.8202000000000003,8.404,7.04,15.443999999999999,0.0,11.176730769230767,0.4470692307692307,15.443999999999997,0.0,1.7763568394002505e-15,0,1,1,0,0.0,178.82769230769227,894.1384615384615,0.6074,0.3779
风电2-光伏3,2,3,36.0,16:00-17:00,17,3.75,5.896,5.12,11.016,0.0,6.986538461538462,0.2794615384615385,11.016,0.0,0.0,0,1,1,0,0.0,111.78461538461539,558.923076923077,0.6074,0.3779
风电2-光伏3,2,3,36.0,17:00-18:00,18,3.1398,6.6080000000000005,3.2,9.808,0.0,6.411730769230769,0.2564692307692308,9.808,0.0,0.0,0,1,1,0,0.0,102.58769230769231,512.9384615384615,0.6074,0.3779
风电2-光伏3,2,3,36.0,18:00-19:00,19,2.61,6.252,1.28,7.532,0.0,4.732692307692309,0.18930769230769234,7.532000000000001,8.881784197001252e-16,0.0,0,1,1,0,0.0,75.72307692307695,378.6153846153847,0.8024,0.3779
风电2-光伏3,2,3,36.0,19:00-20:00,20,2.1198,4.312,0.0,4.312,0.0,3.749999999999999,0.14999999999999997,6.0198,1.7077999999999998,0.0,0,1,1,1,0.0,59.999999999999986,299.99999999999994,0.8024,0.3779
风电2-光伏3,2,3,36.0,20:00-21:00,21,1.8599999999999999,2.3280000000000003,0.0,2.3280000000000003,0.0,0.0,0.0,1.8599999999999999,0.0,0.4680000000000004,0,0,0,0,0.0,0.0,0.0,0.8024,0.3779
风电2-光伏3,2,3,36.0,21:00-22:00,22,1.6301999999999999,1.492,0.0,1.492,0.0,0.0,0.0,1.6301999999999999,0.13819999999999988,0.0,0,0,0,1,0.0,0.0,0.0,0.6074,0.3779
风电2-光伏3,2,3,36.0,22:00-23:00,23,1.56,2.124,0.0,2.124,0.0,20.0,0.7999999999999999,22.36,20.236,0.0,0,1,1,1,0.0,320.0,1599.9999999999998,0.6074,0.3779
风电2-光伏3,2,3,36.0,23:00-24:00,24,1.4802,3.6959999999999997,0.0,3.6959999999999997,20.0,20.0,1.5,42.980199999999996,39.2842,0.0,1,1,1,1,280.0,320.0,3000.0,0.3424,0.3779
风电2-光伏4,2,4,72.0,0:00-1:00,1,1.3698000000000001,5.312,0.0,5.312,20.0,20.0,1.5,42.8698,37.5578,0.0,1,1,1,1,280.0,320.0,3000.0,0.3424,0.3779
风电2-光伏4,2,4,72.0,1:00-2:00,2,1.0997999999999999,8.5,0.0,8.5,20.0,20.0,1.5,42.5998,34.0998,0.0,1,1,1,1,280.0,320.0,3000.0,0.3424,0.3779
风电2-光伏4,2,4,72.0,2:00-3:00,3,0.7998000000000001,9.379999999999999,0.0,9.379999999999999,20.0,20.0,1.5,42.299800000000005,32.91980000000001,0.0,1,1,1,1,280.0,320.0,3000.0,0.3424,0.3779
风电2-光伏4,2,4,72.0,3:00-4:00,4,0.99,10.304,0.0,10.304,20.0,20.0,1.5,42.489999999999995,32.18599999999999,0.0,1,1,1,1,280.0,320.0,3000.0,0.3424,0.3779
风电2-光伏4,2,4,72.0,4:00-5:00,5,1.1802000000000001,9.9,0.0,9.9,20.0,20.0,1.5,42.6802,32.7802,0.0,1,1,1,1,280.0,320.0,3000.0,0.3424,0.3779
风电2-光伏4,2,4,72.0,5:00-6:00,6,1.6301999999999999,9.62,0.0,9.62,20.0,20.0,1.5,43.1302,33.510200000000005,0.0,1,1,1,1,280.0,320.0,3000.0,0.3424,0.3779
风电2-光伏4,2,4,72.0,6:00-7:00,7,2.5002,9.14,0.0,9.14,20.0,20.0,1.5,44.0002,34.8602,0.0,1,1,1,1,280.0,320.0,3000.0,0.3424,0.3779
风电2-光伏4,2,4,72.0,7:00-8:00,8,3.3701999999999996,7.640000000000001,0.0,7.640000000000001,20.0,20.0,1.5,44.8702,37.230199999999996,0.0,1,1,1,1,280.0,320.0,3000.0,0.6074,0.3779
风电2-光伏4,2,4,72.0,8:00-9:00,9,4.0098,4.748,0.0,4.748,20.0,20.0,1.5,45.5098,40.7618,0.0,1,1,1,1,280.0,320.0,3000.0,0.6074,0.3779
风电2-光伏4,2,4,72.0,9:00-10:00,10,4.199999999999999,4.859999999999999,0.0,4.859999999999999,20.0,20.0,1.5,45.7,40.84,0.0,1,1,1,1,280.0,320.0,3000.0,0.6074,0.3779
风电2-光伏4,2,4,72.0,10:00-11:00,11,4.1202,5.335999999999999,0.0,5.335999999999999,20.0,20.0,1.5,45.6202,40.2842,0.0,1,1,1,1,280.0,320.0,3000.0,0.8024,0.3779
风电2-光伏4,2,4,72.0,11:00-12:00,12,3.9000000000000004,4.292,1.28,5.572,20.0,20.0,1.5,45.4,39.827999999999996,0.0,1,1,1,1,280.0,320.0,3000.0,0.8024,0.3779
风电2-光伏4,2,4,72.0,12:00-13:00,13,3.2598000000000003,4.168,5.12,9.288,20.0,20.0,1.5,44.7598,35.4718,0.0,1,1,1,1,280.0,320.0,3000.0,0.8024,0.3779
风电2-光伏4,2,4,72.0,13:00-14:00,14,2.6898,6.787999999999999,7.68,14.468,20.0,20.0,1.5,44.1898,29.721799999999998,0.0,1,1,1,1,280.0,320.0,3000.0,0.8024,0.3779
风电2-光伏4,2,4,72.0,14:00-15:00,15,3.63,8.364,5.12,13.484000000000002,20.0,20.0,1.5,45.129999999999995,31.645999999999994,0.0,1,1,1,1,280.0,320.0,3000.0,0.8024,0.3779
风电2-光伏4,2,4,72.0,15:00-16:00,16,3.8202000000000003,8.404,1.28,9.684,20.0,20.0,1.5,45.3202,35.6362,0.0,1,1,1,1,280.0,320.0,3000.0,0.6074,0.3779
风电2-光伏4,2,4,72.0,16:00-17:00,17,3.75,5.896,0.0,5.896,20.0,20.0,1.5,45.25,39.354,0.0,1,1,1,1,280.0,320.0,3000.0,0.6074,0.3779
风电2-光伏4,2,4,72.0,17:00-18:00,18,3.1398,6.6080000000000005,0.0,6.6080000000000005,20.0,20.0,1.5,44.6398,38.031800000000004,0.0,1,1,1,1,280.0,320.0,3000.0,0.6074,0.3779
风电2-光伏4,2,4,72.0,18:00-19:00,19,2.61,6.252,0.0,6.252,20.0,20.0,1.5,44.11,37.858,0.0,1,1,1,1,280.0,320.0,3000.0,0.8024,0.3779
风电2-光伏4,2,4,72.0,19:00-20:00,20,2.1198,4.312,0.0,4.312,20.0,20.0,1.5,43.6198,39.3078,0.0,1,1,1,1,280.0,320.0,3000.0,0.8024,0.3779
风电2-光伏4,2,4,72.0,20:00-21:00,21,1.8599999999999999,2.3280000000000003,0.0,2.3280000000000003,20.0,20.0,1.5,43.36,41.032,0.0,1,1,1,1,280.0,320.0,3000.0,0.8024,0.3779
风电2-光伏4,2,4,72.0,21:00-22:00,22,1.6301999999999999,1.492,0.0,1.492,20.0,20.0,1.5,43.1302,41.638200000000005,0.0,1,1,1,1,280.0,320.0,3000.0,0.6074,0.3779
风电2-光伏4,2,4,72.0,22:00-23:00,23,1.56,2.124,0.0,2.124,20.0,20.0,1.5,43.06,40.936,0.0,1,1,1,1,280.0,320.0,3000.0,0.6074,0.3779
风电2-光伏4,2,4,72.0,23:00-24:00,24,1.4802,3.6959999999999997,0.0,3.6959999999999997,20.0,20.0,1.5,42.980199999999996,39.2842,0.0,1,1,1,1,280.0,320.0,3000.0,0.3424,0.3779
风电2-光伏4,2,4,63.0,0:00-1:00,1,1.3698000000000001,5.312,0.0,5.312,20.000000000000004,19.999999999999996,1.5,42.8698,37.5578,0.0,1,1,1,1,280.00000000000006,319.99999999999994,3000.0,0.3424,0.3779
风电2-光伏4,2,4,63.0,1:00-2:00,2,1.0997999999999999,8.5,0.0,8.5,20.000000000000007,20.0,1.5000000000000002,42.5998,34.0998,0.0,1,1,1,1,280.0000000000001,320.0,3000.0000000000005,0.3424,0.3779
风电2-光伏4,2,4,63.0,2:00-3:00,3,0.7998000000000001,9.379999999999999,0.0,9.379999999999999,20.000000000000007,20.0,1.5000000000000002,42.299800000000005,32.91980000000001,0.0,1,1,1,1,280.0000000000001,320.0,3000.0000000000005,0.3424,0.3779
风电2-光伏4,2,4,63.0,3:00-4:00,4,0.99,10.304,0.0,10.304,19.999999999999975,20.00000000000003,1.5000000000000002,42.49,32.186,0.0,1,1,1,1,279.99999999999966,320.00000000000045,3000.0000000000005,0.3424,0.3779
风电2-光伏4,2,4,63.0,4:00-5:00,5,1.1802000000000001,9.9,0.0,9.9,20.0,20.0,1.5,42.6802,32.7802,0.0,1,1,1,1,280.0,320.0,3000.0,0.3424,0.3779
风电2-光伏4,2,4,63.0,5:00-6:00,6,1.6301999999999999,9.62,0.0,9.62,20.00000000000002,19.999999999999982,1.5,43.1302,33.510200000000005,0.0,1,1,1,1,280.0000000000003,319.9999999999997,3000.0,0.3424,0.3779
风电2-光伏4,2,4,63.0,6:00-7:00,7,2.5002,9.14,0.0,9.14,20.000000000000007,20.0,1.5000000000000002,44.00020000000001,34.860200000000006,0.0,1,1,1,1,280.0000000000001,320.0,3000.0000000000005,0.3424,0.3779
风电2-光伏4,2,4,63.0,7:00-8:00,8,3.3701999999999996,7.640000000000001,0.0,7.640000000000001,20.000000000000007,20.0,1.5000000000000002,44.87020000000001,37.23020000000001,0.0,1,1,1,1,280.0000000000001,320.0,3000.0000000000005,0.6074,0.3779
风电2-光伏4,2,4,63.0,8:00-9:00,9,4.0098,4.748,0.0,4.748,20.0,20.0,1.5,45.5098,40.7618,0.0,1,1,1,1,280.0,320.0,3000.0,0.6074,0.3779
风电2-光伏4,2,4,63.0,9:00-10:00,10,4.199999999999999,4.859999999999999,0.0,4.859999999999999,20.000000000000007,20.0,1.5000000000000002,45.7,40.84,0.0,1,1,1,1,280.0000000000001,320.0,3000.0000000000005,0.6074,0.3779
风电2-光伏4,2,4,63.0,10:00-11:00,11,4.1202,5.335999999999999,0.0,5.335999999999999,0.0,20.0,0.7999999999999999,24.9202,19.584200000000003,0.0,0,1,1,1,0.0,320.0,1599.9999999999998,0.8024,0.3779
风电2-光伏4,2,4,63.0,11:00-12:00,12,3.9000000000000004,4.292,1.28,5.572,0.0,20.0,0.8,24.7,19.128,0.0,0,1,1,1,0.0,320.0,1600.0,0.8024,0.3779
风电2-光伏4,2,4,63.0,12:00-13:00,13,3.2598000000000003,4.168,5.12,9.288,11.428572186213731,19.999999337062896,1.1999999999999964,35.888371523276625,26.600371523276625,0.0,1,1,1,1,160.00001060699225,319.99998939300633,2399.9999999999927,0.8024,0.3779
风电2-光伏4,2,4,63.0,13:00-14:00,14,2.6898,6.787999999999999,7.68,14.468,20.0,20.0,1.5,44.1898,29.721799999999998,0.0,1,1,1,1,280.0,320.0,3000.0,0.8024,0.3779
风电2-光伏4,2,4,63.0,14:00-15:00,15,3.63,8.364,5.12,13.484000000000002,0.0,20.0,0.7999999999999999,24.43,10.945999999999998,0.0,0,1,1,1,0.0,320.0,1599.9999999999998,0.8024,0.3779
风电2-光伏4,2,4,63.0,15:00-16:00,16,3.8202000000000003,8.404,1.28,9.684,19.999999999999975,20.00000000000002,1.5,45.3202,35.6362,0.0,1,1,1,1,279.99999999999966,320.00000000000034,3000.0,0.6074,0.3779
风电2-光伏4,2,4,63.0,16:00-17:00,17,3.75,5.896,0.0,5.896,20.000000000000007,20.0,1.5000000000000002,45.25000000000001,39.354000000000006,0.0,1,1,1,1,280.0000000000001,320.0,3000.0000000000005,0.6074,0.3779
风电2-光伏4,2,4,63.0,17:00-18:00,18,3.1398,6.6080000000000005,0.0,6.6080000000000005,20.0,20.0,1.5,44.6398,38.031800000000004,0.0,1,1,1,1,280.0,320.0,3000.0,0.6074,0.3779
风电2-光伏4,2,4,63.0,18:00-19:00,19,2.61,6.252,0.0,6.252,0.0,19.999999999999996,0.7999999999999999,23.409999999999997,17.157999999999998,0.0,0,1,1,1,0.0,319.99999999999994,1599.9999999999998,0.8024,0.3779
风电2-光伏4,2,4,63.0,19:00-20:00,20,2.1198,4.312,0.0,4.312,0.0,20.0,0.7999999999999999,22.919800000000002,18.6078,0.0,0,1,1,1,0.0,320.0,1599.9999999999998,0.8024,0.3779
风电2-光伏4,2,4,63.0,20:00-21:00,21,1.8599999999999999,2.3280000000000003,0.0,2.3280000000000003,0.0,20.0,0.7999999999999999,22.66,20.332,0.0,0,1,1,1,0.0,320.0,1599.9999999999998,0.8024,0.3779
风电2-光伏4,2,4,63.0,21:00-22:00,22,1.6301999999999999,1.492,0.0,1.492,20.0,20.0,1.5,43.1302,41.638200000000005,0.0,1,1,1,1,280.0,320.0,3000.0,0.6074,0.3779
风电2-光伏4,2,4,63.0,22:00-23:00,23,1.56,2.124,0.0,2.124,20.000000000000004,19.999999999999996,1.5,43.06,40.936,0.0,1,1,1,1,280.00000000000006,319.99999999999994,3000.0,0.6074,0.3779
风电2-光伏4,2,4,63.0,23:00-24:00,24,1.4802,3.6959999999999997,0.0,3.6959999999999997,20.0,20.0,1.5,42.980199999999996,39.2842,0.0,1,1,1,1,280.0,320.0,3000.0,0.3424,0.3779
风电2-光伏4,2,4,54.0,0:00-1:00,1,1.3698000000000001,5.312,0.0,5.312,20.0,19.999999999999993,1.4999999999999998,42.8698,37.5578,0.0,1,1,1,1,280.0,319.9999999999999,2999.9999999999995,0.3424,0.3779
风电2-光伏4,2,4,54.0,1:00-2:00,2,1.0997999999999999,8.5,0.0,8.5,20.000000000000007,20.0,1.5000000000000002,42.5998,34.0998,0.0,1,1,1,1,280.0000000000001,320.0,3000.0000000000005,0.3424,0.3779
风电2-光伏4,2,4,54.0,2:00-3:00,3,0.7998000000000001,9.379999999999999,0.0,9.379999999999999,20.000000000000007,20.0,1.5000000000000002,42.299800000000005,32.91980000000001,0.0,1,1,1,1,280.0000000000001,320.0,3000.0000000000005,0.3424,0.3779
风电2-光伏4,2,4,54.0,3:00-4:00,4,0.99,10.304,0.0,10.304,20.000000000000004,19.999999999999996,1.5,42.489999999999995,32.18599999999999,0.0,1,1,1,1,280.00000000000006,319.99999999999994,3000.0,0.3424,0.3779
风电2-光伏4,2,4,54.0,4:00-5:00,5,1.1802000000000001,9.9,0.0,9.9,20.0,20.0,1.5,42.6802,32.7802,0.0,1,1,1,1,280.0,320.0,3000.0,0.3424,0.3779
风电2-光伏4,2,4,54.0,5:00-6:00,6,1.6301999999999999,9.62,0.0,9.62,20.00000000000002,19.999999999999982,1.5,43.1302,33.510200000000005,0.0,1,1,1,1,280.0000000000003,319.9999999999997,3000.0,0.3424,0.3779
风电2-光伏4,2,4,54.0,6:00-7:00,7,2.5002,9.14,0.0,9.14,20.000000000000007,20.0,1.5000000000000002,44.00020000000001,34.860200000000006,0.0,1,1,1,1,280.0000000000001,320.0,3000.0000000000005,0.3424,0.3779
风电2-光伏4,2,4,54.0,7:00-8:00,8,3.3701999999999996,7.640000000000001,0.0,7.640000000000001,20.000000000000007,20.0,1.5000000000000002,44.87020000000001,37.23020000000001,0.0,1,1,1,1,280.0000000000001,320.0,3000.0000000000005,0.6074,0.3779
风电2-光伏4,2,4,54.0,8:00-9:00,9,4.0098,4.748,0.0,4.748,19.999999691042312,20.0,1.4999999891864808,45.50979968022879,40.76179968022879,0.0,1,1,1,1,279.99999567459236,320.0,2999.999978372962,0.6074,0.3779
风电2-光伏4,2,4,54.0,9:00-10:00,10,4.199999999999999,4.859999999999999,0.0,4.859999999999999,20.000000000000007,20.0,1.5000000000000002,45.7,40.84,0.0,1,1,1,1,280.0000000000001,320.0,3000.0000000000005,0.6074,0.3779
风电2-光伏4,2,4,54.0,10:00-11:00,11,4.1202,5.335999999999999,0.0,5.335999999999999,0.0,3.749999999999999,0.14999999999999997,8.020199999999999,2.6841999999999997,0.0,0,1,1,1,0.0,59.999999999999986,299.99999999999994,0.8024,0.3779
风电2-光伏4,2,4,54.0,11:00-12:00,12,3.9000000000000004,4.292,1.28,5.572,0.0,20.0,0.8,24.7,19.128,0.0,0,1,1,1,0.0,320.0,1600.0,0.8024,0.3779
风电2-光伏4,2,4,54.0,12:00-13:00,13,3.2598000000000003,4.168,5.12,9.288,0.0,5.796346153846153,0.23185384615384616,9.288,0.0,0.0,0,1,1,0,0.0,92.74153846153845,463.7076923076923,0.8024,0.3779
风电2-光伏4,2,4,54.0,13:00-14:00,14,2.6898,6.787999999999999,7.68,14.468,0.0,11.325192307692308,0.45300769230769233,14.468,0.0,0.0,0,1,1,0,0.0,181.20307692307694,906.0153846153846,0.8024,0.3779
风电2-光伏4,2,4,54.0,14:00-15:00,15,3.63,8.364,5.12,13.484000000000002,0.0,9.475000000000003,0.3790000000000001,13.484000000000004,1.7763568394002505e-15,0.0,0,1,1,0,0.0,151.60000000000005,758.0000000000002,0.8024,0.3779
风电2-光伏4,2,4,54.0,15:00-16:00,16,3.8202000000000003,8.404,1.28,9.684,19.999999999999975,20.00000000000002,1.5,45.3202,35.6362,0.0,1,1,1,1,279.99999999999966,320.00000000000034,3000.0,0.6074,0.3779
风电2-光伏4,2,4,54.0,16:00-17:00,17,3.75,5.896,0.0,5.896,20.000000000000007,20.0,1.5000000000000002,45.25000000000001,39.354000000000006,0.0,1,1,1,1,280.0000000000001,320.0,3000.0000000000005,0.6074,0.3779
风电2-光伏4,2,4,54.0,17:00-18:00,18,3.1398,6.6080000000000005,0.0,6.6080000000000005,20.0,20.0,1.5,44.6398,38.031800000000004,0.0,1,1,1,1,280.0,320.0,3000.0,0.6074,0.3779
风电2-光伏4,2,4,54.0,18:00-19:00,19,2.61,6.252,0.0,6.252,0.0,3.7500000000000004,0.15,6.510000000000001,0.2580000000000009,0.0,0,1,1,1,0.0,60.00000000000001,300.0,0.8024,0.3779
风电2-光伏4,2,4,54.0,19:00-20:00,20,2.1198,4.312,0.0,4.312,0.0,17.153461808799477,0.686138472351979,19.959400281151456,15.647400281151455,0.0,0,1,1,1,0.0,274.45538894079164,1372.276944703958,0.8024,0.3779
风电2-光伏4,2,4,54.0,20:00-21:00,21,1.8599999999999999,2.3280000000000003,0.0,2.3280000000000003,0.0,3.749999999999999,0.14999999999999997,5.76,3.4319999999999995,0.0,0,1,1,1,0.0,59.999999999999986,299.99999999999994,0.8024,0.3779
风电2-光伏4,2,4,54.0,21:00-22:00,22,1.6301999999999999,1.492,0.0,1.492,20.0,20.0,1.5,43.1302,41.638200000000005,0.0,1,1,1,1,280.0,320.0,3000.0,0.6074,0.3779
风电2-光伏4,2,4,54.0,22:00-23:00,23,1.56,2.124,0.0,2.124,20.000000000000004,19.999999999999996,1.5,43.06,40.936,0.0,1,1,1,1,280.00000000000006,319.99999999999994,3000.0,0.6074,0.3779
风电2-光伏4,2,4,54.0,23:00-24:00,24,1.4802,3.6959999999999997,0.0,3.6959999999999997,20.0,20.0,1.5,42.980199999999996,39.2842,0.0,1,1,1,1,280.0,320.0,3000.0,0.3424,0.3779
风电2-光伏4,2,4,45.0,0:00-1:00,1,1.3698000000000001,5.312,0.0,5.312,20.0,19.999999999999993,1.4999999999999998,42.8698,37.5578,0.0,1,1,1,1,280.0,319.9999999999999,2999.9999999999995,0.3424,0.3779
风电2-光伏4,2,4,45.0,1:00-2:00,2,1.0997999999999999,8.5,0.0,8.5,20.000000000000007,20.0,1.5000000000000002,42.5998,34.0998,0.0,1,1,1,1,280.0000000000001,320.0,3000.0000000000005,0.3424,0.3779
风电2-光伏4,2,4,45.0,2:00-3:00,3,0.7998000000000001,9.379999999999999,0.0,9.379999999999999,20.000000000000007,20.0,1.5000000000000002,42.299800000000005,32.91980000000001,0.0,1,1,1,1,280.0000000000001,320.0,3000.0000000000005,0.3424,0.3779
风电2-光伏4,2,4,45.0,3:00-4:00,4,0.99,10.304,0.0,10.304,19.999999886390803,20.0,1.499999996023678,42.48999988241448,32.18599988241448,0.0,1,1,1,1,279.99999840947123,320.0,2999.999992047356,0.3424,0.3779
风电2-光伏4,2,4,45.0,4:00-5:00,5,1.1802000000000001,9.9,0.0,9.9,20.0,20.0,1.5,42.6802,32.7802,0.0,1,1,1,1,280.0,320.0,3000.0,0.3424,0.3779
风电2-光伏4,2,4,45.0,5:00-6:00,6,1.6301999999999999,9.62,0.0,9.62,20.00000000000002,19.999999999999982,1.5,43.1302,33.510200000000005,0.0,1,1,1,1,280.0000000000003,319.9999999999997,3000.0,0.3424,0.3779
风电2-光伏4,2,4,45.0,6:00-7:00,7,2.5002,9.14,0.0,9.14,20.000000000000007,20.0,1.5000000000000002,44.00020000000001,34.860200000000006,0.0,1,1,1,1,280.0000000000001,320.0,3000.0000000000005,0.3424,0.3779
风电2-光伏4,2,4,45.0,7:00-8:00,8,3.3701999999999996,7.640000000000001,0.0,7.640000000000001,20.000000000000007,20.0,1.5000000000000002,44.87020000000001,37.23020000000001,0.0,1,1,1,1,280.0000000000001,320.0,3000.0000000000005,0.6074,0.3779
风电2-光伏4,2,4,45.0,8:00-9:00,9,4.0098,4.748,0.0,4.748,0.0,20.0,0.7999999999999999,24.8098,20.061799999999998,0.0,0,1,1,1,0.0,320.0,1599.9999999999998,0.6074,0.3779
风电2-光伏4,2,4,45.0,9:00-10:00,10,4.199999999999999,4.859999999999999,0.0,4.859999999999999,0.0,20.0,0.7999999999999999,25.0,20.14,0.0,0,1,1,1,0.0,320.0,1599.9999999999998,0.6074,0.3779
风电2-光伏4,2,4,45.0,10:00-11:00,11,4.1202,5.335999999999999,0.0,5.335999999999999,0.0,0.0,0.0,4.1202,0.0,1.2157999999999998,0,0,0,0,0.0,0.0,0.0,0.8024,0.3779
风电2-光伏4,2,4,45.0,11:00-12:00,12,3.9000000000000004,4.292,1.28,5.572,0.0,3.7500000000000004,0.15,7.800000000000001,2.2280000000000006,0.0,0,1,1,1,0.0,60.00000000000001,300.0,0.8024,0.3779
风电2-光伏4,2,4,45.0,12:00-13:00,13,3.2598000000000003,4.168,5.12,9.288,0.0,5.796346153846153,0.23185384615384616,9.288,0.0,0.0,0,1,1,0,0.0,92.74153846153845,463.7076923076923,0.8024,0.3779
风电2-光伏4,2,4,45.0,13:00-14:00,14,2.6898,6.787999999999999,7.68,14.468,0.0,11.325192307692308,0.45300769230769233,14.468,0.0,0.0,0,1,1,0,0.0,181.20307692307694,906.0153846153846,0.8024,0.3779
风电2-光伏4,2,4,45.0,14:00-15:00,15,3.63,8.364,5.12,13.484000000000002,0.0,9.475000000000003,0.3790000000000001,13.484000000000004,1.7763568394002505e-15,0.0,0,1,1,0,0.0,151.60000000000005,758.0000000000002,0.8024,0.3779
风电2-光伏4,2,4,45.0,15:00-16:00,16,3.8202000000000003,8.404,1.28,9.684,0.0,20.0,0.7999999999999999,24.6202,14.936200000000001,0.0,0,1,1,1,0.0,320.0,1599.9999999999998,0.6074,0.3779
风电2-光伏4,2,4,45.0,16:00-17:00,17,3.75,5.896,0.0,5.896,20.000000000000007,20.0,1.5000000000000002,45.25000000000001,39.354000000000006,0.0,1,1,1,1,280.0000000000001,320.0,3000.0000000000005,0.6074,0.3779
风电2-光伏4,2,4,45.0,17:00-18:00,18,3.1398,6.6080000000000005,0.0,6.6080000000000005,13.889670443279462,19.999999999999996,1.2861384655147812,38.31560890879424,31.70760890879424,0.0,1,1,1,1,194.45538620591248,319.99999999999994,2572.2769310295625,0.6074,0.3779
风电2-光伏4,2,4,45.0,18:00-19:00,19,2.61,6.252,0.0,6.252,0.0,3.7500000000000004,0.15,6.510000000000001,0.2580000000000009,0.0,0,1,1,1,0.0,60.00000000000001,300.0,0.8024,0.3779
风电2-光伏4,2,4,45.0,19:00-20:00,20,2.1198,4.312,0.0,4.312,0.0,3.7499999999999987,0.14999999999999997,6.019799999999999,1.7077999999999989,0.0,0,1,1,1,0.0,59.99999999999998,299.99999999999994,0.8024,0.3779
风电2-光伏4,2,4,45.0,20:00-21:00,21,1.8599999999999999,2.3280000000000003,0.0,2.3280000000000003,0.0,0.0,0.0,1.8599999999999999,0.0,0.4680000000000004,0,0,0,0,0.0,0.0,0.0,0.8024,0.3779
风电2-光伏4,2,4,45.0,21:00-22:00,22,1.6301999999999999,1.492,0.0,1.492,20.000000000000007,20.0,1.5000000000000002,43.1302,41.638200000000005,0.0,1,1,1,1,280.0000000000001,320.0,3000.0000000000005,0.6074,0.3779
风电2-光伏4,2,4,45.0,22:00-23:00,23,1.56,2.124,0.0,2.124,0.0,20.0,0.7999999999999999,22.36,20.236,0.0,0,1,1,1,0.0,320.0,1599.9999999999998,0.6074,0.3779
风电2-光伏4,2,4,45.0,23:00-24:00,24,1.4802,3.6959999999999997,0.0,3.6959999999999997,20.0,20.0,1.5,42.980199999999996,39.2842,0.0,1,1,1,1,280.0,320.0,3000.0,0.3424,0.3779
风电2-光伏4,2,4,36.0,0:00-1:00,1,1.3698000000000001,5.312,0.0,5.312,20.000000000000004,19.999999999999996,1.5,42.8698,37.5578,0.0,1,1,1,1,280.00000000000006,319.99999999999994,3000.0,0.3424,0.3779
风电2-光伏4,2,4,36.0,1:00-2:00,2,1.0997999999999999,8.5,0.0,8.5,19.999999999999993,20.0,1.4999999999999998,42.59979999999999,34.09979999999999,0.0,1,1,1,1,279.9999999999999,320.0,2999.9999999999995,0.3424,0.3779
风电2-光伏4,2,4,36.0,2:00-3:00,3,0.7998000000000001,9.379999999999999,0.0,9.379999999999999,19.999999999999993,20.0,1.4999999999999998,42.29979999999999,32.919799999999995,0.0,1,1,1,1,279.9999999999999,320.0,2999.9999999999995,0.3424,0.3779
风电2-光伏4,2,4,36.0,3:00-4:00,4,0.99,10.304,0.0,10.304,20.000000000000004,19.999999999999996,1.5,42.489999999999995,32.18599999999999,0.0,1,1,1,1,280.00000000000006,319.99999999999994,3000.0,0.3424,0.3779
风电2-光伏4,2,4,36.0,4:00-5:00,5,1.1802000000000001,9.9,0.0,9.9,20.0,20.0,1.5,42.6802,32.7802,0.0,1,1,1,1,280.0,320.0,3000.0,0.3424,0.3779
风电2-光伏4,2,4,36.0,5:00-6:00,6,1.6301999999999999,9.62,0.0,9.62,20.0,19.999999999999993,1.4999999999999998,43.13019999999999,33.51019999999999,0.0,1,1,1,1,280.0,319.9999999999999,2999.9999999999995,0.3424,0.3779
风电2-光伏4,2,4,36.0,6:00-7:00,7,2.5002,9.14,0.0,9.14,20.0,20.0,1.5,44.0002,34.8602,0.0,1,1,1,1,280.0,320.0,3000.0,0.3424,0.3779
风电2-光伏4,2,4,36.0,7:00-8:00,8,3.3701999999999996,7.640000000000001,0.0,7.640000000000001,0.0,4.105576923076924,0.16422307692307697,7.640000000000001,0.0,0.0,0,1,1,0,0.0,65.68923076923079,328.44615384615395,0.6074,0.3779
风电2-光伏4,2,4,36.0,8:00-9:00,9,4.0098,4.748,0.0,4.748,0.0,11.797884615384604,0.4719153846153841,16.279599999999988,11.531599999999987,0.0,0,1,1,1,0.0,188.76615384615366,943.8307692307683,0.6074,0.3779
风电2-光伏4,2,4,36.0,9:00-10:00,10,4.199999999999999,4.859999999999999,0.0,4.859999999999999,0.0,19.999999999999996,0.7999999999999999,24.999999999999996,20.139999999999997,0.0,0,1,1,1,0.0,319.99999999999994,1599.9999999999998,0.6074,0.3779
风电2-光伏4,2,4,36.0,10:00-11:00,11,4.1202,5.335999999999999,0.0,5.335999999999999,0.0,0.0,0.0,4.1202,0.0,1.2157999999999998,0,0,0,0,0.0,0.0,0.0,0.8024,0.3779
风电2-光伏4,2,4,36.0,11:00-12:00,12,3.9000000000000004,4.292,1.28,5.572,0.0,0.0,0.0,3.9000000000000004,0.0,1.6719999999999997,0,0,0,0,0.0,0.0,0.0,0.8024,0.3779
风电2-光伏4,2,4,36.0,12:00-13:00,13,3.2598000000000003,4.168,5.12,9.288,0.0,5.796346153846153,0.23185384615384616,9.288,0.0,0.0,0,1,1,0,0.0,92.74153846153845,463.7076923076923,0.8024,0.3779
风电2-光伏4,2,4,36.0,13:00-14:00,14,2.6898,6.787999999999999,7.68,14.468,0.0,11.325192307692308,0.45300769230769233,14.468,0.0,0.0,0,1,1,0,0.0,181.20307692307694,906.0153846153846,0.8024,0.3779
风电2-光伏4,2,4,36.0,14:00-15:00,15,3.63,8.364,5.12,13.484000000000002,0.0,9.475000000000003,0.3790000000000001,13.484000000000004,1.7763568394002505e-15,0.0,0,1,1,0,0.0,151.60000000000005,758.0000000000002,0.8024,0.3779
风电2-光伏4,2,4,36.0,15:00-16:00,16,3.8202000000000003,8.404,1.28,9.684,0.0,20.0,0.7999999999999999,24.6202,14.936200000000001,0.0,0,1,1,1,0.0,320.0,1599.9999999999998,0.6074,0.3779
风电2-光伏4,2,4,36.0,16:00-17:00,17,3.75,5.896,0.0,5.896,0.0,20.000000000000004,0.8,24.550000000000004,18.654000000000003,0.0,0,1,1,1,0.0,320.00000000000006,1600.0,0.6074,0.3779
风电2-光伏4,2,4,36.0,17:00-18:00,18,3.1398,6.6080000000000005,0.0,6.6080000000000005,0.0,20.0,0.7999999999999999,23.9398,17.3318,0.0,0,1,1,1,0.0,320.0,1599.9999999999998,0.6074,0.3779
风电2-光伏4,2,4,36.0,18:00-19:00,19,2.61,6.252,0.0,6.252,0.0,3.75,0.14999999999999997,6.51,0.258,0.0,0,1,1,1,0.0,60.0,299.99999999999994,0.8024,0.3779
风电2-光伏4,2,4,36.0,19:00-20:00,20,2.1198,4.312,0.0,4.312,0.0,3.749999999999999,0.14999999999999997,6.0198,1.7077999999999998,0.0,0,1,1,1,0.0,59.999999999999986,299.99999999999994,0.8024,0.3779
风电2-光伏4,2,4,36.0,20:00-21:00,21,1.8599999999999999,2.3280000000000003,0.0,2.3280000000000003,0.0,0.0,0.0,1.8599999999999999,0.0,0.4680000000000004,0,0,0,0,0.0,0.0,0.0,0.8024,0.3779
风电2-光伏4,2,4,36.0,21:00-22:00,22,1.6301999999999999,1.492,0.0,1.492,0.0,0.0,0.0,1.6301999999999999,0.13819999999999988,0.0,0,0,0,1,0.0,0.0,0.0,0.6074,0.3779
风电2-光伏4,2,4,36.0,22:00-23:00,23,1.56,2.124,0.0,2.124,0.0,20.0,0.7999999999999999,22.36,20.236,0.0,0,1,1,1,0.0,320.0,1599.9999999999998,0.6074,0.3779
风电2-光伏4,2,4,36.0,23:00-24:00,24,1.4802,3.6959999999999997,0.0,3.6959999999999997,20.0,20.0,1.5,42.980199999999996,39.2842,0.0,1,1,1,1,280.0,320.0,3000.0,0.3424,0.3779
风电3-光伏1,3,1,72.0,0:00-1:00,1,1.3698000000000001,11.904,0.0,11.904,20.0,20.0,1.5,42.8698,30.965799999999998,0.0,1,1,1,1,280.0,320.0,3000.0,0.3424,0.3779
风电3-光伏1,3,1,72.0,1:00-2:00,2,1.0997999999999999,13.384,0.0,13.384,20.0,20.0,1.5,42.5998,29.2158,0.0,1,1,1,1,280.0,320.0,3000.0,0.3424,0.3779
风电3-光伏1,3,1,72.0,2:00-3:00,3,0.7998000000000001,14.268,0.0,14.268,20.0,20.0,1.5,42.299800000000005,28.031800000000004,0.0,1,1,1,1,280.0,320.0,3000.0,0.3424,0.3779
风电3-光伏1,3,1,72.0,3:00-4:00,4,0.99,15.72,0.0,15.72,20.0,20.0,1.5,42.489999999999995,26.769999999999996,0.0,1,1,1,1,280.0,320.0,3000.0,0.3424,0.3779
风电3-光伏1,3,1,72.0,4:00-5:00,5,1.1802000000000001,15.088,0.0,15.088,20.0,20.0,1.5,42.6802,27.5922,0.0,1,1,1,1,280.0,320.0,3000.0,0.3424,0.3779
风电3-光伏1,3,1,72.0,5:00-6:00,6,1.6301999999999999,13.475999999999999,0.0,13.475999999999999,20.0,20.0,1.5,43.1302,29.654200000000003,0.0,1,1,1,1,280.0,320.0,3000.0,0.3424,0.3779
风电3-光伏1,3,1,72.0,6:00-7:00,7,2.5002,13.832,14.08,27.912,20.0,20.0,1.5,44.0002,16.0882,0.0,1,1,1,1,280.0,320.0,3000.0,0.3424,0.3779
风电3-光伏1,3,1,72.0,7:00-8:00,8,3.3701999999999996,12.76,25.6,38.36,20.0,20.0,1.5,44.8702,6.5101999999999975,0.0,1,1,1,1,280.0,320.0,3000.0,0.6074,0.3779
风电3-光伏1,3,1,72.0,8:00-9:00,9,4.0098,10.712,37.12,47.831999999999994,20.0,20.0,1.5,45.5098,0.0,2.322199999999995,1,1,1,0,280.0,320.0,3000.0,0.6074,0.3779
风电3-光伏1,3,1,72.0,9:00-10:00,10,4.199999999999999,11.916,46.08,57.995999999999995,20.0,20.0,1.5,45.7,0.0,12.295999999999992,1,1,1,0,280.0,320.0,3000.0,0.6074,0.3779
风电3-光伏1,3,1,72.0,10:00-11:00,11,4.1202,8.804,52.48,61.284,20.0,20.0,1.5,45.6202,0.0,15.663800000000002,1,1,1,0,280.0,320.0,3000.0,0.8024,0.3779
风电3-光伏1,3,1,72.0,11:00-12:00,12,3.9000000000000004,9.3,55.04,64.34,20.0,20.0,1.5,45.4,0.0,18.940000000000005,1,1,1,0,280.0,320.0,3000.0,0.8024,0.3779
风电3-光伏1,3,1,72.0,12:00-13:00,13,3.2598000000000003,9.012,56.32,65.332,20.0,20.0,1.5,44.7598,0.0,20.572199999999995,1,1,1,0,280.0,320.0,3000.0,0.8024,0.3779
风电3-光伏1,3,1,72.0,13:00-14:00,14,2.6898,10.704,56.32,67.024,20.0,20.0,1.5,44.1898,0.0,22.834200000000003,1,1,1,0,280.0,320.0,3000.0,0.8024,0.3779
风电3-光伏1,3,1,72.0,14:00-15:00,15,3.63,10.604,52.48,63.083999999999996,20.0,20.0,1.5,45.129999999999995,0.0,17.954,1,1,1,0,280.0,320.0,3000.0,0.8024,0.3779
风电3-光伏1,3,1,72.0,15:00-16:00,16,3.8202000000000003,14.552,44.8,59.352,20.0,20.0,1.5,45.3202,0.0,14.031799999999997,1,1,1,0,280.0,320.0,3000.0,0.6074,0.3779
风电3-光伏1,3,1,72.0,16:00-17:00,17,3.75,13.724,33.28,47.004000000000005,20.0,20.0,1.5,45.25,0.0,1.7540000000000049,1,1,1,0,280.0,320.0,3000.0,0.6074,0.3779
风电3-光伏1,3,1,72.0,17:00-18:00,18,3.1398,12.347999999999999,24.32,36.668,20.0,20.0,1.5,44.6398,7.971800000000002,0.0,1,1,1,1,280.0,320.0,3000.0,0.6074,0.3779
风电3-光伏1,3,1,72.0,18:00-19:00,19,2.61,12.152000000000001,11.52,23.672,20.0,20.0,1.5,44.11,20.438,0.0,1,1,1,1,280.0,320.0,3000.0,0.8024,0.3779
风电3-光伏1,3,1,72.0,19:00-20:00,20,2.1198,9.236,0.0,9.236,20.0,20.0,1.5,43.6198,34.383799999999994,0.0,1,1,1,1,280.0,320.0,3000.0,0.8024,0.3779
风电3-光伏1,3,1,72.0,20:00-21:00,21,1.8599999999999999,7.228,0.0,7.228,20.0,20.0,1.5,43.36,36.132,0.0,1,1,1,1,280.0,320.0,3000.0,0.8024,0.3779
风电3-光伏1,3,1,72.0,21:00-22:00,22,1.6301999999999999,6.252,0.0,6.252,20.0,20.0,1.5,43.1302,36.8782,0.0,1,1,1,1,280.0,320.0,3000.0,0.6074,0.3779
风电3-光伏1,3,1,72.0,22:00-23:00,23,1.56,6.452,0.0,6.452,20.0,20.0,1.5,43.06,36.608000000000004,0.0,1,1,1,1,280.0,320.0,3000.0,0.6074,0.3779
风电3-光伏1,3,1,72.0,23:00-24:00,24,1.4802,7.972,0.0,7.972,20.0,20.0,1.5,42.980199999999996,35.008199999999995,0.0,1,1,1,1,280.0,320.0,3000.0,0.3424,0.3779
风电3-光伏1,3,1,63.0,0:00-1:00,1,1.3698000000000001,11.904,0.0,11.904,20.0,20.0,1.5,42.8698,30.965799999999998,0.0,1,1,1,1,280.0,320.0,3000.0,0.3424,0.3779
风电3-光伏1,3,1,63.0,1:00-2:00,2,1.0997999999999999,13.384,0.0,13.384,19.999999939748836,20.0,1.499999997891209,42.59979993764004,29.215799937640043,0.0,1,1,1,1,279.9999991564837,320.0,2999.999995782418,0.3424,0.3779
风电3-光伏1,3,1,63.0,2:00-3:00,3,0.7998000000000001,14.268,0.0,14.268,20.0,20.0,1.5,42.299800000000005,28.031800000000004,0.0,1,1,1,1,280.0,320.0,3000.0,0.3424,0.3779
风电3-光伏1,3,1,63.0,3:00-4:00,4,0.99,15.72,0.0,15.72,20.0,19.999999999999993,1.4999999999999998,42.489999999999995,26.769999999999996,0.0,1,1,1,1,280.0,319.9999999999999,2999.9999999999995,0.3424,0.3779
风电3-光伏1,3,1,63.0,4:00-5:00,5,1.1802000000000001,15.088,0.0,15.088,20.0,20.0,1.5,42.6802,27.5922,0.0,1,1,1,1,280.0,320.0,3000.0,0.3424,0.3779
风电3-光伏1,3,1,63.0,5:00-6:00,6,1.6301999999999999,13.475999999999999,0.0,13.475999999999999,20.0,20.0,1.5,43.1302,29.654200000000003,0.0,1,1,1,1,280.0,320.0,3000.0,0.3424,0.3779
风电3-光伏1,3,1,63.0,6:00-7:00,7,2.5002,13.832,14.08,27.912,20.0,20.0,1.5,44.0002,16.0882,0.0,1,1,1,1,280.0,320.0,3000.0,0.3424,0.3779
风电3-光伏1,3,1,63.0,7:00-8:00,8,3.3701999999999996,12.76,25.6,38.36,13.709951690821258,20.0,1.279848309178744,38.36,0.0,0.0,1,1,1,0,191.93932367149762,320.0,2559.696618357488,0.6074,0.3779
风电3-光伏1,3,1,63.0,8:00-9:00,9,4.0098,10.712,37.12,47.831999999999994,20.0,20.0,1.5,45.5098,0.0,2.322199999999995,1,1,1,0,280.0,320.0,3000.0,0.6074,0.3779
风电3-光伏1,3,1,63.0,9:00-10:00,10,4.199999999999999,11.916,46.08,57.995999999999995,20.0,20.0,1.5,45.7,0.0,12.295999999999992,1,1,1,0,280.0,320.0,3000.0,0.6074,0.3779
风电3-光伏1,3,1,63.0,10:00-11:00,11,4.1202,8.804,52.48,61.284,20.0,20.0,1.5,45.6202,0.0,15.663800000000002,1,1,1,0,280.0,320.0,3000.0,0.8024,0.3779
风电3-光伏1,3,1,63.0,11:00-12:00,12,3.9000000000000004,9.3,55.04,64.34,20.0,20.0,1.5,45.4,0.0,18.940000000000005,1,1,1,0,280.0,320.0,3000.0,0.8024,0.3779
风电3-光伏1,3,1,63.0,12:00-13:00,13,3.2598000000000003,9.012,56.32,65.332,20.0,20.0,1.5,44.7598,0.0,20.572199999999995,1,1,1,0,280.0,320.0,3000.0,0.8024,0.3779
风电3-光伏1,3,1,63.0,13:00-14:00,14,2.6898,10.704,56.32,67.024,20.0,20.0,1.5,44.1898,0.0,22.834200000000003,1,1,1,0,280.0,320.0,3000.0,0.8024,0.3779
风电3-光伏1,3,1,63.0,14:00-15:00,15,3.63,10.604,52.48,63.083999999999996,20.0,20.0,1.5,45.129999999999995,0.0,17.954,1,1,1,0,280.0,320.0,3000.0,0.8024,0.3779
风电3-光伏1,3,1,63.0,15:00-16:00,16,3.8202000000000003,14.552,44.8,59.352,20.0,20.0,1.5,45.3202,0.0,14.031799999999997,1,1,1,0,280.0,320.0,3000.0,0.6074,0.3779
风电3-光伏1,3,1,63.0,16:00-17:00,17,3.75,13.724,33.28,47.004000000000005,20.000000000000007,20.0,1.5000000000000002,45.25000000000001,0.0,1.7539999999999978,1,1,1,0,280.0000000000001,320.0,3000.0000000000005,0.6074,0.3779
风电3-光伏1,3,1,63.0,17:00-18:00,18,3.1398,12.347999999999999,24.32,36.668,12.297777777777776,20.0,1.230422222222222,36.668,0.0,0.0,1,1,1,0,172.16888888888886,320.0,2460.844444444444,0.6074,0.3779
风电3-光伏1,3,1,63.0,18:00-19:00,19,2.61,12.152000000000001,11.52,23.672,0.0,20.0,0.7999999999999999,23.41,0.0,0.26200000000000045,0,1,1,0,0.0,320.0,1599.9999999999998,0.8024,0.3779
风电3-光伏1,3,1,63.0,19:00-20:00,20,2.1198,9.236,0.0,9.236,0.0,6.842500000000002,0.27370000000000005,9.236000000000002,1.7763568394002505e-15,0.0,0,1,1,0,0.0,109.48000000000003,547.4000000000001,0.8024,0.3779
风电3-光伏1,3,1,63.0,20:00-21:00,21,1.8599999999999999,7.228,0.0,7.228,0.0,5.161538461538462,0.20646153846153847,7.228000000000001,8.881784197001252e-16,0.0,0,1,1,0,0.0,82.58461538461539,412.92307692307696,0.8024,0.3779
风电3-光伏1,3,1,63.0,21:00-22:00,22,1.6301999999999999,6.252,0.0,6.252,0.0,20.0,0.7999999999999999,22.4302,16.1782,0.0,0,1,1,1,0.0,320.0,1599.9999999999998,0.6074,0.3779
风电3-光伏1,3,1,63.0,22:00-23:00,23,1.56,6.452,0.0,6.452,17.4162266356083,20.0,1.4095679322462904,40.38579456785459,33.93379456785459,0.0,1,1,1,1,243.8271728985162,320.0,2819.135864492581,0.6074,0.3779
风电3-光伏1,3,1,63.0,23:00-24:00,24,1.4802,7.972,0.0,7.972,20.0,20.0,1.5,42.980199999999996,35.008199999999995,0.0,1,1,1,1,280.0,320.0,3000.0,0.3424,0.3779
风电3-光伏1,3,1,54.0,0:00-1:00,1,1.3698000000000001,11.904,0.0,11.904,20.0,20.0,1.5,42.8698,30.965799999999998,0.0,1,1,1,1,280.0,320.0,3000.0,0.3424,0.3779
风电3-光伏1,3,1,54.0,1:00-2:00,2,1.0997999999999999,13.384,0.0,13.384,19.999999999999993,20.0,1.4999999999999998,42.59979999999999,29.215799999999987,0.0,1,1,1,1,279.9999999999999,320.0,2999.9999999999995,0.3424,0.3779
风电3-光伏1,3,1,54.0,2:00-3:00,3,0.7998000000000001,14.268,0.0,14.268,20.0,20.0,1.5,42.299800000000005,28.031800000000004,0.0,1,1,1,1,280.0,320.0,3000.0,0.3424,0.3779
风电3-光伏1,3,1,54.0,3:00-4:00,4,0.99,15.72,0.0,15.72,19.999999727837842,20.0,1.4999999904743244,42.48999971831216,26.769999718312164,0.0,1,1,1,1,279.9999961897298,320.0,2999.999980948649,0.3424,0.3779
风电3-光伏1,3,1,54.0,4:00-5:00,5,1.1802000000000001,15.088,0.0,15.088,20.0,20.0,1.5,42.6802,27.5922,0.0,1,1,1,1,280.0,320.0,3000.0,0.3424,0.3779
风电3-光伏1,3,1,54.0,5:00-6:00,6,1.6301999999999999,13.475999999999999,0.0,13.475999999999999,20.0,20.0,1.5,43.1302,29.654200000000003,0.0,1,1,1,1,280.0,320.0,3000.0,0.3424,0.3779
风电3-光伏1,3,1,54.0,6:00-7:00,7,2.5002,13.832,14.08,27.912,20.0,20.0,1.5,44.0002,16.0882,0.0,1,1,1,1,280.0,320.0,3000.0,0.3424,0.3779
风电3-光伏1,3,1,54.0,7:00-8:00,8,3.3701999999999996,12.76,25.6,38.36,13.709951690821258,20.0,1.279848309178744,38.36,0.0,0.0,1,1,1,0,191.93932367149762,320.0,2559.696618357488,0.6074,0.3779
风电3-光伏1,3,1,54.0,8:00-9:00,9,4.0098,10.712,37.12,47.831999999999994,4.104358715651371,20.0,0.943652555047798,29.05781127069917,0.0,18.774188729300825,1,1,1,0,57.461022019119184,320.0,1887.305110095596,0.6074,0.3779
风电3-光伏1,3,1,54.0,9:00-10:00,10,4.199999999999999,11.916,46.08,57.995999999999995,20.0,20.0,1.5,45.7,0.0,12.295999999999992,1,1,1,0,280.0,320.0,3000.0,0.6074,0.3779
风电3-光伏1,3,1,54.0,10:00-11:00,11,4.1202,8.804,52.48,61.284,0.0,19.999999999999794,0.7999999999999918,24.920199999999788,0.0,36.36380000000021,0,1,1,0,0.0,319.9999999999967,1599.9999999999836,0.8024,0.3779
风电3-光伏1,3,1,54.0,11:00-12:00,12,3.9000000000000004,9.3,55.04,64.34,0.0,20.0,0.8,24.7,0.0,39.64,0,1,1,0,0.0,320.0,1600.0,0.8024,0.3779
风电3-光伏1,3,1,54.0,12:00-13:00,13,3.2598000000000003,9.012,56.32,65.332,20.0,20.0,1.5,44.7598,0.0,20.572199999999995,1,1,1,0,280.0,320.0,3000.0,0.8024,0.3779
风电3-光伏1,3,1,54.0,13:00-14:00,14,2.6898,10.704,56.32,67.024,20.0,20.0,1.5,44.1898,0.0,22.834200000000003,1,1,1,0,280.0,320.0,3000.0,0.8024,0.3779
风电3-光伏1,3,1,54.0,14:00-15:00,15,3.63,10.604,52.48,63.083999999999996,20.0,20.0,1.5,45.129999999999995,0.0,17.954,1,1,1,0,280.0,320.0,3000.0,0.8024,0.3779
风电3-光伏1,3,1,54.0,15:00-16:00,16,3.8202000000000003,14.552,44.8,59.352,20.0,20.0,1.5,45.3202,0.0,14.031799999999997,1,1,1,0,280.0,320.0,3000.0,0.6074,0.3779
风电3-光伏1,3,1,54.0,16:00-17:00,17,3.75,13.724,33.28,47.004000000000005,0.0,20.0,0.8,24.55,0.0,22.454000000000004,0,1,1,0,0.0,320.0,1600.0,0.6074,0.3779
风电3-光伏1,3,1,54.0,17:00-18:00,18,3.1398,12.347999999999999,24.32,36.668,12.297777777777776,20.0,1.230422222222222,36.668,0.0,0.0,1,1,1,0,172.16888888888886,320.0,2460.844444444444,0.6074,0.3779
风电3-光伏1,3,1,54.0,18:00-19:00,19,2.61,12.152000000000001,11.52,23.672,0.0,20.0,0.7999999999999999,23.41,0.0,0.26200000000000045,0,1,1,0,0.0,320.0,1599.9999999999998,0.8024,0.3779
风电3-光伏1,3,1,54.0,19:00-20:00,20,2.1198,9.236,0.0,9.236,0.0,6.842500000000005,0.27370000000000005,9.236000000000004,3.552713678800501e-15,0.0,0,1,1,0,0.0,109.48000000000008,547.4000000000001,0.8024,0.3779
风电3-光伏1,3,1,54.0,20:00-21:00,21,1.8599999999999999,7.228,0.0,7.228,0.0,5.161538461538462,0.20646153846153847,7.228000000000001,8.881784197001252e-16,0.0,0,1,1,0,0.0,82.58461538461539,412.92307692307696,0.8024,0.3779
风电3-光伏1,3,1,54.0,21:00-22:00,22,1.6301999999999999,6.252,0.0,6.252,0.0,4.444038461538461,0.17776153846153847,6.251999999999999,0.0,8.881784197001252e-16,0,1,1,0,0.0,71.10461538461537,355.5230769230769,0.6074,0.3779
风电3-光伏1,3,1,54.0,22:00-23:00,23,1.56,6.452,0.0,6.452,0.0,4.703846153846154,0.18815384615384614,6.452000000000001,8.881784197001252e-16,0.0,0,1,1,0,0.0,75.26153846153846,376.30769230769226,0.6074,0.3779
风电3-光伏1,3,1,54.0,23:00-24:00,24,1.4802,7.972,0.0,7.972,20.0,20.0,1.5,42.980199999999996,35.008199999999995,0.0,1,1,1,1,280.0,320.0,3000.0,0.3424,0.3779
风电3-光伏1,3,1,45.0,0:00-1:00,1,1.3698000000000001,11.904,0.0,11.904,20.000000000000004,19.999999999999996,1.5,42.8698,30.965799999999998,0.0,1,1,1,1,280.00000000000006,319.99999999999994,3000.0,0.3424,0.3779
风电3-光伏1,3,1,45.0,1:00-2:00,2,1.0997999999999999,13.384,0.0,13.384,19.999999999999993,20.0,1.4999999999999998,42.59979999999999,29.215799999999987,0.0,1,1,1,1,279.9999999999999,320.0,2999.9999999999995,0.3424,0.3779
风电3-光伏1,3,1,45.0,2:00-3:00,3,0.7998000000000001,14.268,0.0,14.268,20.0,20.0,1.5,42.299800000000005,28.031800000000004,0.0,1,1,1,1,280.0,320.0,3000.0,0.3424,0.3779
风电3-光伏1,3,1,45.0,3:00-4:00,4,0.99,15.72,0.0,15.72,20.0,19.999999999999993,1.4999999999999998,42.489999999999995,26.769999999999996,0.0,1,1,1,1,280.0,319.9999999999999,2999.9999999999995,0.3424,0.3779
风电3-光伏1,3,1,45.0,4:00-5:00,5,1.1802000000000001,15.088,0.0,15.088,20.0,20.0,1.5,42.6802,27.5922,0.0,1,1,1,1,280.0,320.0,3000.0,0.3424,0.3779
风电3-光伏1,3,1,45.0,5:00-6:00,6,1.6301999999999999,13.475999999999999,0.0,13.475999999999999,19.999999423467926,20.000000000000004,1.4999999798213774,43.1301994032893,29.654199403289304,0.0,1,1,1,1,279.99999192855097,320.00000000000006,2999.9999596427547,0.3424,0.3779
风电3-光伏1,3,1,45.0,6:00-7:00,7,2.5002,13.832,14.08,27.912,20.0,20.0,1.5,44.0002,16.0882,0.0,1,1,1,1,280.0,320.0,3000.0,0.3424,0.3779
风电3-光伏1,3,1,45.0,7:00-8:00,8,3.3701999999999996,12.76,25.6,38.36,0.0,20.0,0.7999999999999999,24.1702,0.0,14.189799999999998,0,1,1,0,0.0,320.0,1599.9999999999998,0.6074,0.3779
风电3-光伏1,3,1,45.0,8:00-9:00,9,4.0098,10.712,37.12,47.831999999999994,0.0,20.0,0.8,24.8098,0.0,23.022199999999994,0,1,1,0,0.0,320.0,1600.0,0.6074,0.3779
风电3-光伏1,3,1,45.0,9:00-10:00,10,4.199999999999999,11.916,46.08,57.995999999999995,0.0,19.598077535181996,0.7839231014072799,24.582000636589274,0.0,33.413999363410724,0,1,1,0,0.0,313.56924056291194,1567.8462028145598,0.6074,0.3779
风电3-光伏1,3,1,45.0,10:00-11:00,11,4.1202,8.804,52.48,61.284,0.0,20.0,0.8,24.9202,0.0,36.3638,0,1,1,0,0.0,320.0,1600.0,0.8024,0.3779
风电3-光伏1,3,1,45.0,11:00-12:00,12,3.9000000000000004,9.3,55.04,64.34,0.0,20.0,0.7999999999999999,24.7,0.0,39.64,0,1,1,0,0.0,320.0,1599.9999999999998,0.8024,0.3779
风电3-光伏1,3,1,45.0,12:00-13:00,13,3.2598000000000003,9.012,56.32,65.332,8.45413617461028e-07,20.0,0.8000000295894766,24.059800875003095,0.0,41.2721991249969,0,1,1,0,1.1835790644454391e-05,320.0,1600.000059178953,0.8024,0.3779
风电3-光伏1,3,1,45.0,13:00-14:00,14,2.6898,10.704,56.32,67.024,0.0,20.0,0.8,23.4898,0.0,43.5342,0,1,1,0,0.0,320.0,1600.0,0.8024,0.3779
风电3-光伏1,3,1,45.0,14:00-15:00,15,3.63,10.604,52.48,63.083999999999996,1.999999031569733,20.0,0.8699999661049407,26.499998997674673,0.0,36.58400100232532,1,1,1,0,27.99998644197626,320.0,1739.9999322098813,0.8024,0.3779
风电3-光伏1,3,1,45.0,15:00-16:00,16,3.8202000000000003,14.552,44.8,59.352,0.0,20.0,0.8,24.6202,0.0,34.73179999999999,0,1,1,0,0.0,320.0,1600.0,0.6074,0.3779
风电3-光伏1,3,1,45.0,16:00-17:00,17,3.75,13.724,33.28,47.004000000000005,0.0,20.0,0.8000000000000003,24.55,0.0,22.454000000000004,0,1,1,0,0.0,320.0,1600.0000000000005,0.6074,0.3779
风电3-光伏1,3,1,45.0,17:00-18:00,18,3.1398,12.347999999999999,24.32,36.668,0.0,20.0,0.7999999999999999,23.9398,0.0,12.728199999999998,0,1,1,0,0.0,320.0,1599.9999999999998,0.6074,0.3779
风电3-光伏1,3,1,45.0,18:00-19:00,19,2.61,12.152000000000001,11.52,23.672,0.0,20.0,0.7999999999999999,23.41,0.0,0.26200000000000045,0,1,1,0,0.0,320.0,1599.9999999999998,0.8024,0.3779
风电3-光伏1,3,1,45.0,19:00-20:00,20,2.1198,9.236,0.0,9.236,0.0,6.842500000000002,0.27370000000000005,9.236000000000002,1.7763568394002505e-15,0.0,0,1,1,0,0.0,109.48000000000003,547.4000000000001,0.8024,0.3779
风电3-光伏1,3,1,45.0,20:00-21:00,21,1.8599999999999999,7.228,0.0,7.228,0.0,5.161538461538462,0.20646153846153847,7.228000000000001,8.881784197001252e-16,0.0,0,1,1,0,0.0,82.58461538461539,412.92307692307696,0.8024,0.3779
风电3-光伏1,3,1,45.0,21:00-22:00,22,1.6301999999999999,6.252,0.0,6.252,0.0,4.444038461538462,0.17776153846153847,6.252000000000001,8.881784197001252e-16,0.0,0,1,1,0,0.0,71.10461538461539,355.5230769230769,0.6074,0.3779
风电3-光伏1,3,1,45.0,22:00-23:00,23,1.56,6.452,0.0,6.452,0.0,4.703846153846154,0.18815384615384614,6.452000000000001,8.881784197001252e-16,0.0,0,1,1,0,0.0,75.26153846153846,376.30769230769226,0.6074,0.3779
风电3-光伏1,3,1,45.0,23:00-24:00,24,1.4802,7.972,0.0,7.972,20.0,20.0,1.5,42.980199999999996,35.008199999999995,0.0,1,1,1,1,280.0,320.0,3000.0,0.3424,0.3779
风电3-光伏1,3,1,36.0,0:00-1:00,1,1.3698000000000001,11.904,0.0,11.904,20.0,20.000000000000007,1.5000000000000002,42.86980000000001,30.965800000000012,0.0,1,1,1,1,280.0,320.0000000000001,3000.0000000000005,0.3424,0.3779
风电3-光伏1,3,1,36.0,1:00-2:00,2,1.0997999999999999,13.384,0.0,13.384,20.000000000000007,20.0,1.5000000000000002,42.5998,29.2158,0.0,1,1,1,1,280.0000000000001,320.0,3000.0000000000005,0.3424,0.3779
风电3-光伏1,3,1,36.0,2:00-3:00,3,0.7998000000000001,14.268,0.0,14.268,20.0,20.0,1.5,42.299800000000005,28.031800000000004,0.0,1,1,1,1,280.0,320.0,3000.0,0.3424,0.3779
风电3-光伏1,3,1,36.0,3:00-4:00,4,0.99,15.72,0.0,15.72,19.99999951818927,20.0,1.4999999831366244,42.48999950132589,26.76999950132589,0.0,1,1,1,1,279.9999932546498,320.0,2999.999966273249,0.3424,0.3779
风电3-光伏1,3,1,36.0,4:00-5:00,5,1.1802000000000001,15.088,0.0,15.088,20.0,20.0,1.5,42.6802,27.5922,0.0,1,1,1,1,280.0,320.0,3000.0,0.3424,0.3779
风电3-光伏1,3,1,36.0,5:00-6:00,6,1.6301999999999999,13.475999999999999,0.0,13.475999999999999,20.0,20.0,1.5,43.1302,29.654200000000003,0.0,1,1,1,1,280.0,320.0,3000.0,0.3424,0.3779
风电3-光伏1,3,1,36.0,6:00-7:00,7,2.5002,13.832,14.08,27.912,20.0,20.0,1.5,44.0002,16.0882,0.0,1,1,1,1,280.0,320.0,3000.0,0.3424,0.3779
风电3-光伏1,3,1,36.0,7:00-8:00,8,3.3701999999999996,12.76,25.6,38.36,0.0,20.0,0.7999999999999999,24.1702,0.0,14.189799999999998,0,1,1,0,0.0,320.0,1599.9999999999998,0.6074,0.3779
风电3-光伏1,3,1,36.0,8:00-9:00,9,4.0098,10.712,37.12,47.831999999999994,0.0,0.0,0.0,4.0098,0.0,43.822199999999995,0,0,0,0,0.0,0.0,0.0,0.6074,0.3779
风电3-光伏1,3,1,36.0,9:00-10:00,10,4.199999999999999,11.916,46.08,57.995999999999995,0.0,10.000001383122173,0.4000000553248869,14.600001438447059,0.0,43.395998561552936,0,1,1,0,0.0,160.00002212995477,800.0001106497739,0.6074,0.3779
风电3-光伏1,3,1,36.0,10:00-11:00,11,4.1202,8.804,52.48,61.284,0.0,0.0,0.0,4.1202,0.0,57.1638,0,0,0,0,0.0,0.0,0.0,0.8024,0.3779
风电3-光伏1,3,1,36.0,11:00-12:00,12,3.9000000000000004,9.3,55.04,64.34,0.0,19.999999038462263,0.7999999615384905,24.69999900000075,0.0,39.64000099999925,0,1,1,0,0.0,319.9999846153962,1599.999923076981,0.8024,0.3779
风电3-光伏1,3,1,36.0,12:00-13:00,13,3.2598000000000003,9.012,56.32,65.332,0.0,19.999999999999996,0.7999999999999998,24.0598,0.0,41.2722,0,1,1,0,0.0,319.99999999999994,1599.9999999999995,0.8024,0.3779
风电3-光伏1,3,1,36.0,13:00-14:00,14,2.6898,10.704,56.32,67.024,0.0,20.0,0.8,23.4898,0.0,43.5342,0,1,1,0,0.0,320.0,1600.0,0.8024,0.3779
风电3-光伏1,3,1,36.0,14:00-15:00,15,3.63,10.604,52.48,63.083999999999996,0.0,19.999999999999996,0.7999999999999998,24.429999999999996,0.0,38.653999999999996,0,1,1,0,0.0,319.99999999999994,1599.9999999999995,0.8024,0.3779
风电3-光伏1,3,1,36.0,15:00-16:00,16,3.8202000000000003,14.552,44.8,59.352,0.0,0.0,0.0,3.8202000000000003,0.0,55.5318,0,0,0,0,0.0,0.0,0.0,0.6074,0.3779
风电3-光伏1,3,1,36.0,16:00-17:00,17,3.75,13.724,33.28,47.004000000000005,0.0,19.999999999999996,0.7999999999999999,24.549999999999997,0.0,22.454000000000008,0,1,1,0,0.0,319.99999999999994,1599.9999999999998,0.6074,0.3779
风电3-光伏1,3,1,36.0,17:00-18:00,18,3.1398,12.347999999999999,24.32,36.668,0.0,0.0,0.0,3.1398,0.0,33.5282,0,0,0,0,0.0,0.0,0.0,0.6074,0.3779
风电3-光伏1,3,1,36.0,18:00-19:00,19,2.61,12.152000000000001,11.52,23.672,0.0,20.0,0.7999999999999999,23.41,0.0,0.26200000000000045,0,1,1,0,0.0,320.0,1599.9999999999998,0.8024,0.3779
风电3-光伏1,3,1,36.0,19:00-20:00,20,2.1198,9.236,0.0,9.236,0.0,0.0,0.0,2.1198,0.0,7.116200000000001,0,0,0,0,0.0,0.0,0.0,0.8024,0.3779
风电3-光伏1,3,1,36.0,20:00-21:00,21,1.8599999999999999,7.228,0.0,7.228,0.0,0.0,0.0,1.8599999999999999,0.0,5.368,0,0,0,0,0.0,0.0,0.0,0.8024,0.3779
风电3-光伏1,3,1,36.0,21:00-22:00,22,1.6301999999999999,6.252,0.0,6.252,0.0,0.0,0.0,1.6301999999999999,0.0,4.6218,0,0,0,0,0.0,0.0,0.0,0.6074,0.3779
风电3-光伏1,3,1,36.0,22:00-23:00,23,1.56,6.452,0.0,6.452,0.0,0.0,0.0,1.56,0.0,4.8919999999999995,0,0,0,0,0.0,0.0,0.0,0.6074,0.3779
风电3-光伏1,3,1,36.0,23:00-24:00,24,1.4802,7.972,0.0,7.972,20.0,20.0,1.5,42.980199999999996,35.008199999999995,0.0,1,1,1,1,280.0,320.0,3000.0,0.3424,0.3779
风电3-光伏2,3,2,72.0,0:00-1:00,1,1.3698000000000001,11.904,0.0,11.904,20.0,20.0,1.5,42.8698,30.965799999999998,0.0,1,1,1,1,280.0,320.0,3000.0,0.3424,0.3779
风电3-光伏2,3,2,72.0,1:00-2:00,2,1.0997999999999999,13.384,0.0,13.384,20.0,20.0,1.5,42.5998,29.2158,0.0,1,1,1,1,280.0,320.0,3000.0,0.3424,0.3779
风电3-光伏2,3,2,72.0,2:00-3:00,3,0.7998000000000001,14.268,0.0,14.268,20.0,20.0,1.5,42.299800000000005,28.031800000000004,0.0,1,1,1,1,280.0,320.0,3000.0,0.3424,0.3779
风电3-光伏2,3,2,72.0,3:00-4:00,4,0.99,15.72,0.0,15.72,20.0,20.0,1.5,42.489999999999995,26.769999999999996,0.0,1,1,1,1,280.0,320.0,3000.0,0.3424,0.3779
风电3-光伏2,3,2,72.0,4:00-5:00,5,1.1802000000000001,15.088,0.0,15.088,20.0,20.0,1.5,42.6802,27.5922,0.0,1,1,1,1,280.0,320.0,3000.0,0.3424,0.3779
风电3-光伏2,3,2,72.0,5:00-6:00,6,1.6301999999999999,13.475999999999999,0.0,13.475999999999999,20.0,20.0,1.5,43.1302,29.654200000000003,0.0,1,1,1,1,280.0,320.0,3000.0,0.3424,0.3779
风电3-光伏2,3,2,72.0,6:00-7:00,7,2.5002,13.832,0.0,13.832,20.0,20.0,1.5,44.0002,30.1682,0.0,1,1,1,1,280.0,320.0,3000.0,0.3424,0.3779
风电3-光伏2,3,2,72.0,7:00-8:00,8,3.3701999999999996,12.76,3.2,15.96,20.0,20.0,1.5,44.8702,28.910199999999996,0.0,1,1,1,1,280.0,320.0,3000.0,0.6074,0.3779
风电3-光伏2,3,2,72.0,8:00-9:00,9,4.0098,10.712,10.88,21.592,20.0,20.0,1.5,45.5098,23.9178,0.0,1,1,1,1,280.0,320.0,3000.0,0.6074,0.3779
风电3-光伏2,3,2,72.0,9:00-10:00,10,4.199999999999999,11.916,17.92,29.836000000000002,20.0,20.0,1.5,45.7,15.864,0.0,1,1,1,1,280.0,320.0,3000.0,0.6074,0.3779
风电3-光伏2,3,2,72.0,10:00-11:00,11,4.1202,8.804,24.96,33.764,20.0,20.0,1.5,45.6202,11.856199999999994,0.0,1,1,1,1,280.0,320.0,3000.0,0.8024,0.3779
风电3-光伏2,3,2,72.0,11:00-12:00,12,3.9000000000000004,9.3,31.36,40.66,20.0,20.0,1.5,45.4,4.740000000000002,0.0,1,1,1,1,280.0,320.0,3000.0,0.8024,0.3779
风电3-光伏2,3,2,72.0,12:00-13:00,13,3.2598000000000003,9.012,35.84,44.852000000000004,20.0,20.0,1.5,44.7598,0.0,0.09220000000000539,1,1,1,0,280.0,320.0,3000.0,0.8024,0.3779
风电3-光伏2,3,2,72.0,13:00-14:00,14,2.6898,10.704,37.12,47.824,20.0,20.0,1.5,44.1898,0.0,3.6342,1,1,1,0,280.0,320.0,3000.0,0.8024,0.3779
风电3-光伏2,3,2,72.0,14:00-15:00,15,3.63,10.604,32.0,42.604,20.0,20.0,1.5,45.129999999999995,2.5259999999999962,0.0,1,1,1,1,280.0,320.0,3000.0,0.8024,0.3779
风电3-光伏2,3,2,72.0,15:00-16:00,16,3.8202000000000003,14.552,25.6,40.152,20.0,20.0,1.5,45.3202,5.168199999999999,0.0,1,1,1,1,280.0,320.0,3000.0,0.6074,0.3779
风电3-光伏2,3,2,72.0,16:00-17:00,17,3.75,13.724,19.2,32.924,20.0,20.0,1.5,45.25,12.326,0.0,1,1,1,1,280.0,320.0,3000.0,0.6074,0.3779
风电3-光伏2,3,2,72.0,17:00-18:00,18,3.1398,12.347999999999999,9.6,21.948,20.0,20.0,1.5,44.6398,22.6918,0.0,1,1,1,1,280.0,320.0,3000.0,0.6074,0.3779
风电3-光伏2,3,2,72.0,18:00-19:00,19,2.61,12.152000000000001,3.2,15.352,20.0,20.0,1.5,44.11,28.758,0.0,1,1,1,1,280.0,320.0,3000.0,0.8024,0.3779
风电3-光伏2,3,2,72.0,19:00-20:00,20,2.1198,9.236,0.0,9.236,20.0,20.0,1.5,43.6198,34.383799999999994,0.0,1,1,1,1,280.0,320.0,3000.0,0.8024,0.3779
风电3-光伏2,3,2,72.0,20:00-21:00,21,1.8599999999999999,7.228,0.0,7.228,20.0,20.0,1.5,43.36,36.132,0.0,1,1,1,1,280.0,320.0,3000.0,0.8024,0.3779
风电3-光伏2,3,2,72.0,21:00-22:00,22,1.6301999999999999,6.252,0.0,6.252,20.0,20.0,1.5,43.1302,36.8782,0.0,1,1,1,1,280.0,320.0,3000.0,0.6074,0.3779
风电3-光伏2,3,2,72.0,22:00-23:00,23,1.56,6.452,0.0,6.452,20.0,20.0,1.5,43.06,36.608000000000004,0.0,1,1,1,1,280.0,320.0,3000.0,0.6074,0.3779
风电3-光伏2,3,2,72.0,23:00-24:00,24,1.4802,7.972,0.0,7.972,20.0,20.0,1.5,42.980199999999996,35.008199999999995,0.0,1,1,1,1,280.0,320.0,3000.0,0.3424,0.3779
风电3-光伏2,3,2,63.0,0:00-1:00,1,1.3698000000000001,11.904,0.0,11.904,20.0,19.999999999999993,1.4999999999999998,42.8698,30.965799999999998,0.0,1,1,1,1,280.0,319.9999999999999,2999.9999999999995,0.3424,0.3779
风电3-光伏2,3,2,63.0,1:00-2:00,2,1.0997999999999999,13.384,0.0,13.384,19.999999999999993,20.0,1.4999999999999998,42.59979999999999,29.215799999999987,0.0,1,1,1,1,279.9999999999999,320.0,2999.9999999999995,0.3424,0.3779
风电3-光伏2,3,2,63.0,2:00-3:00,3,0.7998000000000001,14.268,0.0,14.268,20.0,20.0,1.5,42.299800000000005,28.031800000000004,0.0,1,1,1,1,280.0,320.0,3000.0,0.3424,0.3779
风电3-光伏2,3,2,63.0,3:00-4:00,4,0.99,15.72,0.0,15.72,20.0,19.999999999999993,1.4999999999999998,42.489999999999995,26.769999999999996,0.0,1,1,1,1,280.0,319.9999999999999,2999.9999999999995,0.3424,0.3779
风电3-光伏2,3,2,63.0,4:00-5:00,5,1.1802000000000001,15.088,0.0,15.088,20.0,20.0,1.5,42.6802,27.5922,0.0,1,1,1,1,280.0,320.0,3000.0,0.3424,0.3779
风电3-光伏2,3,2,63.0,5:00-6:00,6,1.6301999999999999,13.475999999999999,0.0,13.475999999999999,20.0,20.0,1.5,43.1302,29.654200000000003,0.0,1,1,1,1,280.0,320.0,3000.0,0.3424,0.3779
风电3-光伏2,3,2,63.0,6:00-7:00,7,2.5002,13.832,0.0,13.832,20.0,20.0,1.5,44.0002,30.1682,0.0,1,1,1,1,280.0,320.0,3000.0,0.3424,0.3779
风电3-光伏2,3,2,63.0,7:00-8:00,8,3.3701999999999996,12.76,3.2,15.96,20.0,20.0,1.5,44.8702,28.910199999999996,0.0,1,1,1,1,280.0,320.0,3000.0,0.6074,0.3779
风电3-光伏2,3,2,63.0,8:00-9:00,9,4.0098,10.712,10.88,21.592,20.0,19.999999999999993,1.4999999999999998,45.50979999999999,23.917799999999993,0.0,1,1,1,1,280.0,319.9999999999999,2999.9999999999995,0.6074,0.3779
风电3-光伏2,3,2,63.0,9:00-10:00,10,4.199999999999999,11.916,17.92,29.836000000000002,20.0,20.0,1.5,45.7,15.864,0.0,1,1,1,1,280.0,320.0,3000.0,0.6074,0.3779
风电3-光伏2,3,2,63.0,10:00-11:00,11,4.1202,8.804,24.96,33.764,8.544734299516909,20.000000000000004,1.099065700483092,33.76400000000001,7.105427357601002e-15,0.0,1,1,1,0,119.62628019323672,320.00000000000006,2198.1314009661837,0.8024,0.3779
风电3-光伏2,3,2,63.0,11:00-12:00,12,3.9000000000000004,9.3,31.36,40.66,15.420289855072465,20.0,1.3397101449275362,40.660000000000004,7.105427357601002e-15,0.0,1,1,1,0,215.8840579710145,320.0,2679.4202898550725,0.8024,0.3779
风电3-光伏2,3,2,63.0,12:00-13:00,13,3.2598000000000003,9.012,35.84,44.852000000000004,20.000000000000007,20.0,1.5000000000000002,44.759800000000006,0.0,0.09219999999999828,1,1,1,0,280.0000000000001,320.0,3000.0000000000005,0.8024,0.3779
风电3-光伏2,3,2,63.0,13:00-14:00,14,2.6898,10.704,37.12,47.824,20.0,20.0,1.5,44.1898,0.0,3.6342,1,1,1,0,280.0,320.0,3000.0,0.8024,0.3779
风电3-光伏2,3,2,63.0,14:00-15:00,15,3.63,10.604,32.0,42.604,17.559420289855073,20.0,1.4145797101449276,42.604,0.0,0.0,1,1,1,0,245.83188405797102,320.0,2829.159420289855,0.8024,0.3779
风电3-光伏2,3,2,63.0,15:00-16:00,16,3.8202000000000003,14.552,25.6,40.152,15.006570048309182,19.999999999999996,1.3252299516908213,40.152,0.0,0.0,1,1,1,0,210.09198067632855,319.99999999999994,2650.4599033816426,0.6074,0.3779
风电3-光伏2,3,2,63.0,16:00-17:00,17,3.75,13.724,19.2,32.924,20.0,20.0,1.5,45.25,12.326,0.0,1,1,1,1,280.0,320.0,3000.0,0.6074,0.3779
风电3-光伏2,3,2,63.0,17:00-18:00,18,3.1398,12.347999999999999,9.6,21.948,20.0,20.0,1.5,44.6398,22.6918,0.0,1,1,1,1,280.0,320.0,3000.0,0.6074,0.3779
风电3-光伏2,3,2,63.0,18:00-19:00,19,2.61,12.152000000000001,3.2,15.352,0.0,12.25192307692308,0.49007692307692313,15.352000000000002,1.7763568394002505e-15,0.0,0,1,1,0,0.0,196.03076923076927,980.1538461538463,0.8024,0.3779
风电3-光伏2,3,2,63.0,19:00-20:00,20,2.1198,9.236,0.0,9.236,0.0,6.842500000000001,0.27370000000000005,9.236,0.0,0.0,0,1,1,0,0.0,109.48000000000002,547.4000000000001,0.8024,0.3779
风电3-光伏2,3,2,63.0,20:00-21:00,21,1.8599999999999999,7.228,0.0,7.228,0.0,5.161538461538462,0.20646153846153847,7.228000000000001,8.881784197001252e-16,0.0,0,1,1,0,0.0,82.58461538461539,412.92307692307696,0.8024,0.3779
风电3-光伏2,3,2,63.0,21:00-22:00,22,1.6301999999999999,6.252,0.0,6.252,20.000000000000007,20.0,1.5000000000000002,43.1302,36.8782,0.0,1,1,1,1,280.0000000000001,320.0,3000.0000000000005,0.6074,0.3779
风电3-光伏2,3,2,63.0,22:00-23:00,23,1.56,6.452,0.0,6.452,15.74788660614768,19.999999999999993,1.3511760312151686,38.659062637362844,32.207062637362846,0.0,1,1,1,1,220.47041248606752,319.9999999999999,2702.3520624303374,0.6074,0.3779
风电3-光伏2,3,2,63.0,23:00-24:00,24,1.4802,7.972,0.0,7.972,20.0,20.0,1.5,42.980199999999996,35.008199999999995,0.0,1,1,1,1,280.0,320.0,3000.0,0.3424,0.3779
风电3-光伏2,3,2,54.0,0:00-1:00,1,1.3698000000000001,11.904,0.0,11.904,20.0,20.0,1.5,42.8698,30.965799999999998,0.0,1,1,1,1,280.0,320.0,3000.0,0.3424,0.3779
风电3-光伏2,3,2,54.0,1:00-2:00,2,1.0997999999999999,13.384,0.0,13.384,19.999999999999993,20.0,1.4999999999999998,42.59979999999999,29.215799999999987,0.0,1,1,1,1,279.9999999999999,320.0,2999.9999999999995,0.3424,0.3779
风电3-光伏2,3,2,54.0,2:00-3:00,3,0.7998000000000001,14.268,0.0,14.268,20.0,20.0,1.5,42.299800000000005,28.031800000000004,0.0,1,1,1,1,280.0,320.0,3000.0,0.3424,0.3779
风电3-光伏2,3,2,54.0,3:00-4:00,4,0.99,15.72,0.0,15.72,20.0,19.999999999999993,1.4999999999999998,42.489999999999995,26.769999999999996,0.0,1,1,1,1,280.0,319.9999999999999,2999.9999999999995,0.3424,0.3779
风电3-光伏2,3,2,54.0,4:00-5:00,5,1.1802000000000001,15.088,0.0,15.088,20.0,20.0,1.5,42.6802,27.5922,0.0,1,1,1,1,280.0,320.0,3000.0,0.3424,0.3779
风电3-光伏2,3,2,54.0,5:00-6:00,6,1.6301999999999999,13.475999999999999,0.0,13.475999999999999,20.0,20.0,1.5,43.1302,29.654200000000003,0.0,1,1,1,1,280.0,320.0,3000.0,0.3424,0.3779
风电3-光伏2,3,2,54.0,6:00-7:00,7,2.5002,13.832,0.0,13.832,20.0,20.0,1.5,44.0002,30.1682,0.0,1,1,1,1,280.0,320.0,3000.0,0.3424,0.3779
风电3-光伏2,3,2,54.0,7:00-8:00,8,3.3701999999999996,12.76,3.2,15.96,0.0,17.026718745022503,0.6810687498009002,21.077987494823404,5.117987494823403,0.0,0,1,1,1,0.0,272.42749992036005,1362.1374996018003,0.6074,0.3779
风电3-光伏2,3,2,54.0,8:00-9:00,9,4.0098,10.712,10.88,21.592,0.0,19.999999999999996,0.7999999999999998,24.8098,3.2178000000000004,0.0,0,1,1,1,0.0,319.99999999999994,1599.9999999999995,0.6074,0.3779
风电3-光伏2,3,2,54.0,9:00-10:00,10,4.199999999999999,11.916,17.92,29.836000000000002,4.672463768115945,20.0,0.9635362318840581,29.836,0.0,3.552713678800501e-15,1,1,1,0,65.41449275362322,320.0,1927.0724637681162,0.6074,0.3779
风电3-光伏2,3,2,54.0,10:00-11:00,11,4.1202,8.804,24.96,33.764,8.544734741194885,19.999999560445477,1.09906569835964,33.763999999999996,0.0,7.105427357601002e-15,1,1,1,0,119.62628637672839,319.99999296712764,2198.13139671928,0.8024,0.3779
风电3-光伏2,3,2,54.0,11:00-12:00,12,3.9000000000000004,9.3,31.36,40.66,15.420289855072465,20.0,1.3397101449275362,40.660000000000004,7.105427357601002e-15,0.0,1,1,1,0,215.8840579710145,320.0,2679.4202898550725,0.8024,0.3779
风电3-光伏2,3,2,54.0,12:00-13:00,13,3.2598000000000003,9.012,35.84,44.852000000000004,20.000000000000007,20.0,1.5000000000000002,44.759800000000006,0.0,0.09219999999999828,1,1,1,0,280.0000000000001,320.0,3000.0000000000005,0.8024,0.3779
风电3-光伏2,3,2,54.0,13:00-14:00,14,2.6898,10.704,37.12,47.824,20.0,20.0,1.5,44.1898,0.0,3.6342,1,1,1,0,280.0,320.0,3000.0,0.8024,0.3779
风电3-光伏2,3,2,54.0,14:00-15:00,15,3.63,10.604,32.0,42.604,17.559420289855073,20.0,1.4145797101449276,42.604,0.0,0.0,1,1,1,0,245.83188405797102,320.0,2829.159420289855,0.8024,0.3779
风电3-光伏2,3,2,54.0,15:00-16:00,16,3.8202000000000003,14.552,25.6,40.152,15.006570048309184,19.999999999999993,1.3252299516908213,40.152,0.0,0.0,1,1,1,0,210.09198067632857,319.9999999999999,2650.4599033816426,0.6074,0.3779
风电3-光伏2,3,2,54.0,16:00-17:00,17,3.75,13.724,19.2,32.924,8.090821256038648,20.0,1.0831787439613527,32.924,0.0,0.0,1,1,1,0,113.27149758454107,320.0,2166.3574879227053,0.6074,0.3779
风电3-光伏2,3,2,54.0,17:00-18:00,18,3.1398,12.347999999999999,9.6,21.948,0.0,18.08480769230769,0.7233923076923077,21.948,0.0,0.0,0,1,1,0,0.0,289.35692307692307,1446.7846153846153,0.6074,0.3779
风电3-光伏2,3,2,54.0,18:00-19:00,19,2.61,12.152000000000001,3.2,15.352,0.0,12.25192307692308,0.49007692307692313,15.352000000000002,1.7763568394002505e-15,0.0,0,1,1,0,0.0,196.03076923076927,980.1538461538463,0.8024,0.3779
风电3-光伏2,3,2,54.0,19:00-20:00,20,2.1198,9.236,0.0,9.236,0.0,6.842500000000002,0.27370000000000005,9.236000000000002,1.7763568394002505e-15,0.0,0,1,1,0,0.0,109.48000000000003,547.4000000000001,0.8024,0.3779
风电3-光伏2,3,2,54.0,20:00-21:00,21,1.8599999999999999,7.228,0.0,7.228,0.0,5.161538461538462,0.20646153846153847,7.228000000000001,8.881784197001252e-16,0.0,0,1,1,0,0.0,82.58461538461539,412.92307692307696,0.8024,0.3779
风电3-光伏2,3,2,54.0,21:00-22:00,22,1.6301999999999999,6.252,0.0,6.252,0.0,20.0,0.8,22.4302,16.1782,0.0,0,1,1,1,0.0,320.0,1600.0,0.6074,0.3779
风电3-光伏2,3,2,54.0,22:00-23:00,23,1.56,6.452,0.0,6.452,0.0,20.0,0.7999999999999999,22.36,15.908,0.0,0,1,1,1,0.0,320.0,1599.9999999999998,0.6074,0.3779
风电3-光伏2,3,2,54.0,23:00-24:00,24,1.4802,7.972,0.0,7.972,20.0,20.0,1.5,42.980199999999996,35.008199999999995,0.0,1,1,1,1,280.0,320.0,3000.0,0.3424,0.3779
风电3-光伏2,3,2,45.0,0:00-1:00,1,1.3698000000000001,11.904,0.0,11.904,20.0,19.999999999999993,1.4999999999999998,42.8698,30.965799999999998,0.0,1,1,1,1,280.0,319.9999999999999,2999.9999999999995,0.3424,0.3779
风电3-光伏2,3,2,45.0,1:00-2:00,2,1.0997999999999999,13.384,0.0,13.384,19.999999999999993,20.0,1.4999999999999998,42.59979999999999,29.215799999999987,0.0,1,1,1,1,279.9999999999999,320.0,2999.9999999999995,0.3424,0.3779
风电3-光伏2,3,2,45.0,2:00-3:00,3,0.7998000000000001,14.268,0.0,14.268,20.0,20.0,1.5,42.299800000000005,28.031800000000004,0.0,1,1,1,1,280.0,320.0,3000.0,0.3424,0.3779
风电3-光伏2,3,2,45.0,3:00-4:00,4,0.99,15.72,0.0,15.72,20.0,19.999999999999993,1.4999999999999998,42.489999999999995,26.769999999999996,0.0,1,1,1,1,280.0,319.9999999999999,2999.9999999999995,0.3424,0.3779
风电3-光伏2,3,2,45.0,4:00-5:00,5,1.1802000000000001,15.088,0.0,15.088,20.0,20.0,1.5,42.6802,27.5922,0.0,1,1,1,1,280.0,320.0,3000.0,0.3424,0.3779
风电3-光伏2,3,2,45.0,5:00-6:00,6,1.6301999999999999,13.475999999999999,0.0,13.475999999999999,19.99999965816331,20.000000000000004,1.499999988035716,43.13019964619903,29.654199646199032,0.0,1,1,1,1,279.99999521428634,320.00000000000006,2999.999976071432,0.3424,0.3779
风电3-光伏2,3,2,45.0,6:00-7:00,7,2.5002,13.832,0.0,13.832,20.0,20.0,1.5,44.0002,30.1682,0.0,1,1,1,1,280.0,320.0,3000.0,0.3424,0.3779
风电3-光伏2,3,2,45.0,7:00-8:00,8,3.3701999999999996,12.76,3.2,15.96,0.0,12.105576923076924,0.4842230769230769,15.960000000000003,1.7763568394002505e-15,0.0,0,1,1,0,0.0,193.6892307692308,968.4461538461538,0.6074,0.3779
风电3-光伏2,3,2,45.0,8:00-9:00,9,4.0098,10.712,10.88,21.592,0.0,16.90596153846154,0.6762384615384616,21.592,0.0,0.0,0,1,1,0,0.0,270.49538461538464,1352.4769230769232,0.6074,0.3779
风电3-光伏2,3,2,45.0,9:00-10:00,10,4.199999999999999,11.916,17.92,29.836000000000002,0.0,20.0,0.7999999999999999,25.0,0.0,4.836000000000002,0,1,1,0,0.0,320.0,1599.9999999999998,0.6074,0.3779
风电3-光伏2,3,2,45.0,10:00-11:00,11,4.1202,8.804,24.96,33.764,0.0,20.0,0.7999999999999999,24.9202,0.0,8.843800000000002,0,1,1,0,0.0,320.0,1599.9999999999998,0.8024,0.3779
风电3-光伏2,3,2,45.0,11:00-12:00,12,3.9000000000000004,9.3,31.36,40.66,0.0,20.0,0.7999999999999999,24.7,0.0,15.959999999999997,0,1,1,0,0.0,320.0,1599.9999999999998,0.8024,0.3779
风电3-光伏2,3,2,45.0,12:00-13:00,13,3.2598000000000003,9.012,35.84,44.852000000000004,20.000000000000007,20.0,1.5000000000000002,44.759800000000006,0.0,0.09219999999999828,1,1,1,0,280.0000000000001,320.0,3000.0000000000005,0.8024,0.3779
风电3-光伏2,3,2,45.0,13:00-14:00,14,2.6898,10.704,37.12,47.824,0.0,20.0,0.8,23.4898,0.0,24.3342,0,1,1,0,0.0,320.0,1600.0,0.8024,0.3779
风电3-光伏2,3,2,45.0,14:00-15:00,15,3.63,10.604,32.0,42.604,0.0,20.0,0.7999999999999999,24.43,0.0,18.174,0,1,1,0,0.0,320.0,1599.9999999999998,0.8024,0.3779
风电3-光伏2,3,2,45.0,15:00-16:00,16,3.8202000000000003,14.552,25.6,40.152,5.142637704474163,19.999999999999996,0.9799923196565956,29.942830024130757,0.0,10.209169975869244,1,1,1,0,71.99692786263829,319.99999999999994,1959.984639313191,0.6074,0.3779
风电3-光伏2,3,2,45.0,16:00-17:00,17,3.75,13.724,19.2,32.924,0.0,20.0,0.7999999999999999,24.55,0.0,8.373999999999999,0,1,1,0,0.0,320.0,1599.9999999999998,0.6074,0.3779
风电3-光伏2,3,2,45.0,17:00-18:00,18,3.1398,12.347999999999999,9.6,21.948,0.0,18.08480769230769,0.7233923076923077,21.948,0.0,0.0,0,1,1,0,0.0,289.35692307692307,1446.7846153846153,0.6074,0.3779
风电3-光伏2,3,2,45.0,18:00-19:00,19,2.61,12.152000000000001,3.2,15.352,0.0,12.25192307692308,0.49007692307692313,15.352000000000002,1.7763568394002505e-15,0.0,0,1,1,0,0.0,196.03076923076927,980.1538461538463,0.8024,0.3779
风电3-光伏2,3,2,45.0,19:00-20:00,20,2.1198,9.236,0.0,9.236,0.0,6.842500000000005,0.27370000000000005,9.236000000000004,3.552713678800501e-15,0.0,0,1,1,0,0.0,109.48000000000008,547.4000000000001,0.8024,0.3779
风电3-光伏2,3,2,45.0,20:00-21:00,21,1.8599999999999999,7.228,0.0,7.228,0.0,5.161538461538462,0.20646153846153847,7.228000000000001,8.881784197001252e-16,0.0,0,1,1,0,0.0,82.58461538461539,412.92307692307696,0.8024,0.3779
风电3-光伏2,3,2,45.0,21:00-22:00,22,1.6301999999999999,6.252,0.0,6.252,0.0,4.444038461538461,0.17776153846153847,6.251999999999999,0.0,8.881784197001252e-16,0,1,1,0,0.0,71.10461538461537,355.5230769230769,0.6074,0.3779
风电3-光伏2,3,2,45.0,22:00-23:00,23,1.56,6.452,0.0,6.452,0.0,4.703846153846154,0.18815384615384614,6.452000000000001,8.881784197001252e-16,0.0,0,1,1,0,0.0,75.26153846153846,376.30769230769226,0.6074,0.3779
风电3-光伏2,3,2,45.0,23:00-24:00,24,1.4802,7.972,0.0,7.972,20.0,20.0,1.5,42.980199999999996,35.008199999999995,0.0,1,1,1,1,280.0,320.0,3000.0,0.3424,0.3779
风电3-光伏2,3,2,36.0,0:00-1:00,1,1.3698000000000001,11.904,0.0,11.904,20.0,20.0,1.5,42.8698,30.965799999999998,0.0,1,1,1,1,280.0,320.0,3000.0,0.3424,0.3779
风电3-光伏2,3,2,36.0,1:00-2:00,2,1.0997999999999999,13.384,0.0,13.384,19.99999951818715,20.0,1.4999999831365503,42.599799501323695,29.215799501323694,0.0,1,1,1,1,279.9999932546201,320.0,2999.9999662731007,0.3424,0.3779
风电3-光伏2,3,2,36.0,2:00-3:00,3,0.7998000000000001,14.268,0.0,14.268,20.0,20.0,1.5,42.299800000000005,28.031800000000004,0.0,1,1,1,1,280.0,320.0,3000.0,0.3424,0.3779
风电3-光伏2,3,2,36.0,3:00-4:00,4,0.99,15.72,0.0,15.72,20.0,19.999999999999993,1.4999999999999998,42.489999999999995,26.769999999999996,0.0,1,1,1,1,280.0,319.9999999999999,2999.9999999999995,0.3424,0.3779
风电3-光伏2,3,2,36.0,4:00-5:00,5,1.1802000000000001,15.088,0.0,15.088,20.0,20.0,1.5,42.6802,27.5922,0.0,1,1,1,1,280.0,320.0,3000.0,0.3424,0.3779
风电3-光伏2,3,2,36.0,5:00-6:00,6,1.6301999999999999,13.475999999999999,0.0,13.475999999999999,20.0,20.0,1.5,43.1302,29.654200000000003,0.0,1,1,1,1,280.0,320.0,3000.0,0.3424,0.3779
风电3-光伏2,3,2,36.0,6:00-7:00,7,2.5002,13.832,0.0,13.832,20.0,20.0,1.5,44.0002,30.1682,0.0,1,1,1,1,280.0,320.0,3000.0,0.3424,0.3779
风电3-光伏2,3,2,36.0,7:00-8:00,8,3.3701999999999996,12.76,3.2,15.96,0.0,0.0,0.0,3.3701999999999996,0.0,12.5898,0,0,0,0,0.0,0.0,0.0,0.6074,0.3779
风电3-光伏2,3,2,36.0,8:00-9:00,9,4.0098,10.712,10.88,21.592,0.0,16.90596153846154,0.6762384615384616,21.592,0.0,0.0,0,1,1,0,0.0,270.49538461538464,1352.4769230769232,0.6074,0.3779
风电3-光伏2,3,2,36.0,9:00-10:00,10,4.199999999999999,11.916,17.92,29.836000000000002,0.0,20.0,0.7999999999999999,25.0,0.0,4.836000000000002,0,1,1,0,0.0,320.0,1599.9999999999998,0.6074,0.3779
风电3-光伏2,3,2,36.0,10:00-11:00,11,4.1202,8.804,24.96,33.764,0.0,20.0,0.7999999999999999,24.9202,0.0,8.843800000000002,0,1,1,0,0.0,320.0,1599.9999999999998,0.8024,0.3779
风电3-光伏2,3,2,36.0,11:00-12:00,12,3.9000000000000004,9.3,31.36,40.66,0.0,20.0,0.7999999999999999,24.7,0.0,15.959999999999997,0,1,1,0,0.0,320.0,1599.9999999999998,0.8024,0.3779
风电3-光伏2,3,2,36.0,12:00-13:00,13,3.2598000000000003,9.012,35.84,44.852000000000004,0.0,20.0,0.8,24.0598,0.0,20.792200000000005,0,1,1,0,0.0,320.0,1600.0,0.8024,0.3779
风电3-光伏2,3,2,36.0,13:00-14:00,14,2.6898,10.704,37.12,47.824,0.0,13.0940388831247,0.523761555324988,16.307600438449686,0.0,31.516399561550312,0,1,1,0,0.0,209.5046221299952,1047.5231106499762,0.8024,0.3779
风电3-光伏2,3,2,36.0,14:00-15:00,15,3.63,10.604,32.0,42.604,0.0,0.0,0.0,3.63,0.0,38.974,0,0,0,0,0.0,0.0,0.0,0.8024,0.3779
风电3-光伏2,3,2,36.0,15:00-16:00,16,3.8202000000000003,14.552,25.6,40.152,0.0,19.999999999999996,0.7999999999999998,24.620199999999997,0.0,15.531800000000004,0,1,1,0,0.0,319.99999999999994,1599.9999999999995,0.6074,0.3779
风电3-光伏2,3,2,36.0,16:00-17:00,17,3.75,13.724,19.2,32.924,0.0,20.0,0.7999999999999999,24.55,0.0,8.373999999999999,0,1,1,0,0.0,320.0,1599.9999999999998,0.6074,0.3779
风电3-光伏2,3,2,36.0,17:00-18:00,18,3.1398,12.347999999999999,9.6,21.948,0.0,0.0,0.0,3.1398,0.0,18.8082,0,0,0,0,0.0,0.0,0.0,0.6074,0.3779
风电3-光伏2,3,2,36.0,18:00-19:00,19,2.61,12.152000000000001,3.2,15.352,0.0,0.0,0.0,2.61,0.0,12.742,0,0,0,0,0.0,0.0,0.0,0.8024,0.3779
风电3-光伏2,3,2,36.0,19:00-20:00,20,2.1198,9.236,0.0,9.236,0.0,0.0,0.0,2.1198,0.0,7.116200000000001,0,0,0,0,0.0,0.0,0.0,0.8024,0.3779
风电3-光伏2,3,2,36.0,20:00-21:00,21,1.8599999999999999,7.228,0.0,7.228,0.0,0.0,0.0,1.8599999999999999,0.0,5.368,0,0,0,0,0.0,0.0,0.0,0.8024,0.3779
风电3-光伏2,3,2,36.0,21:00-22:00,22,1.6301999999999999,6.252,0.0,6.252,0.0,0.0,0.0,1.6301999999999999,0.0,4.6218,0,0,0,0,0.0,0.0,0.0,0.6074,0.3779
风电3-光伏2,3,2,36.0,22:00-23:00,23,1.56,6.452,0.0,6.452,0.0,0.0,0.0,1.56,0.0,4.8919999999999995,0,0,0,0,0.0,0.0,0.0,0.6074,0.3779
风电3-光伏2,3,2,36.0,23:00-24:00,24,1.4802,7.972,0.0,7.972,20.0,20.0,1.5,42.980199999999996,35.008199999999995,0.0,1,1,1,1,280.0,320.0,3000.0,0.3424,0.3779
风电3-光伏3,3,3,72.0,0:00-1:00,1,1.3698000000000001,11.904,0.0,11.904,20.0,20.0,1.5,42.8698,30.965799999999998,0.0,1,1,1,1,280.0,320.0,3000.0,0.3424,0.3779
风电3-光伏3,3,3,72.0,1:00-2:00,2,1.0997999999999999,13.384,0.0,13.384,20.0,20.0,1.5,42.5998,29.2158,0.0,1,1,1,1,280.0,320.0,3000.0,0.3424,0.3779
风电3-光伏3,3,3,72.0,2:00-3:00,3,0.7998000000000001,14.268,0.0,14.268,20.0,20.0,1.5,42.299800000000005,28.031800000000004,0.0,1,1,1,1,280.0,320.0,3000.0,0.3424,0.3779
风电3-光伏3,3,3,72.0,3:00-4:00,4,0.99,15.72,0.0,15.72,20.0,20.0,1.5,42.489999999999995,26.769999999999996,0.0,1,1,1,1,280.0,320.0,3000.0,0.3424,0.3779
风电3-光伏3,3,3,72.0,4:00-5:00,5,1.1802000000000001,15.088,0.0,15.088,20.0,20.0,1.5,42.6802,27.5922,0.0,1,1,1,1,280.0,320.0,3000.0,0.3424,0.3779
风电3-光伏3,3,3,72.0,5:00-6:00,6,1.6301999999999999,13.475999999999999,0.0,13.475999999999999,20.0,20.0,1.5,43.1302,29.654200000000003,0.0,1,1,1,1,280.0,320.0,3000.0,0.3424,0.3779
风电3-光伏3,3,3,72.0,6:00-7:00,7,2.5002,13.832,0.0,13.832,20.0,20.0,1.5,44.0002,30.1682,0.0,1,1,1,1,280.0,320.0,3000.0,0.3424,0.3779
风电3-光伏3,3,3,72.0,7:00-8:00,8,3.3701999999999996,12.76,1.28,14.04,20.0,20.0,1.5,44.8702,30.830199999999998,0.0,1,1,1,1,280.0,320.0,3000.0,0.6074,0.3779
风电3-光伏3,3,3,72.0,8:00-9:00,9,4.0098,10.712,3.2,13.911999999999999,20.0,20.0,1.5,45.5098,31.5978,0.0,1,1,1,1,280.0,320.0,3000.0,0.6074,0.3779
风电3-光伏3,3,3,72.0,9:00-10:00,10,4.199999999999999,11.916,5.12,17.036,20.0,20.0,1.5,45.7,28.664,0.0,1,1,1,1,280.0,320.0,3000.0,0.6074,0.3779
风电3-光伏3,3,3,72.0,10:00-11:00,11,4.1202,8.804,7.68,16.484,20.0,20.0,1.5,45.6202,29.136199999999995,0.0,1,1,1,1,280.0,320.0,3000.0,0.8024,0.3779
风电3-光伏3,3,3,72.0,11:00-12:00,12,3.9000000000000004,9.3,11.52,20.82,20.0,20.0,1.5,45.4,24.58,0.0,1,1,1,1,280.0,320.0,3000.0,0.8024,0.3779
风电3-光伏3,3,3,72.0,12:00-13:00,13,3.2598000000000003,9.012,14.08,23.092,20.0,20.0,1.5,44.7598,21.6678,0.0,1,1,1,1,280.0,320.0,3000.0,0.8024,0.3779
风电3-光伏3,3,3,72.0,13:00-14:00,14,2.6898,10.704,14.08,24.784,20.0,20.0,1.5,44.1898,19.4058,0.0,1,1,1,1,280.0,320.0,3000.0,0.8024,0.3779
风电3-光伏3,3,3,72.0,14:00-15:00,15,3.63,10.604,11.52,22.124,20.0,20.0,1.5,45.129999999999995,23.005999999999997,0.0,1,1,1,1,280.0,320.0,3000.0,0.8024,0.3779
风电3-光伏3,3,3,72.0,15:00-16:00,16,3.8202000000000003,14.552,7.04,21.592,20.0,20.0,1.5,45.3202,23.7282,0.0,1,1,1,1,280.0,320.0,3000.0,0.6074,0.3779
风电3-光伏3,3,3,72.0,16:00-17:00,17,3.75,13.724,5.12,18.844,20.0,20.0,1.5,45.25,26.406,0.0,1,1,1,1,280.0,320.0,3000.0,0.6074,0.3779
风电3-光伏3,3,3,72.0,17:00-18:00,18,3.1398,12.347999999999999,3.2,15.547999999999998,20.0,20.0,1.5,44.6398,29.091800000000003,0.0,1,1,1,1,280.0,320.0,3000.0,0.6074,0.3779
风电3-光伏3,3,3,72.0,18:00-19:00,19,2.61,12.152000000000001,1.28,13.432,20.0,20.0,1.5,44.11,30.677999999999997,0.0,1,1,1,1,280.0,320.0,3000.0,0.8024,0.3779
风电3-光伏3,3,3,72.0,19:00-20:00,20,2.1198,9.236,0.0,9.236,20.0,20.0,1.5,43.6198,34.383799999999994,0.0,1,1,1,1,280.0,320.0,3000.0,0.8024,0.3779
风电3-光伏3,3,3,72.0,20:00-21:00,21,1.8599999999999999,7.228,0.0,7.228,20.0,20.0,1.5,43.36,36.132,0.0,1,1,1,1,280.0,320.0,3000.0,0.8024,0.3779
风电3-光伏3,3,3,72.0,21:00-22:00,22,1.6301999999999999,6.252,0.0,6.252,20.0,20.0,1.5,43.1302,36.8782,0.0,1,1,1,1,280.0,320.0,3000.0,0.6074,0.3779
风电3-光伏3,3,3,72.0,22:00-23:00,23,1.56,6.452,0.0,6.452,20.0,20.0,1.5,43.06,36.608000000000004,0.0,1,1,1,1,280.0,320.0,3000.0,0.6074,0.3779
风电3-光伏3,3,3,72.0,23:00-24:00,24,1.4802,7.972,0.0,7.972,20.0,20.0,1.5,42.980199999999996,35.008199999999995,0.0,1,1,1,1,280.0,320.0,3000.0,0.3424,0.3779
风电3-光伏3,3,3,63.0,0:00-1:00,1,1.3698000000000001,11.904,0.0,11.904,20.0,19.999999999999993,1.4999999999999998,42.8698,30.965799999999998,0.0,1,1,1,1,280.0,319.9999999999999,2999.9999999999995,0.3424,0.3779
风电3-光伏3,3,3,63.0,1:00-2:00,2,1.0997999999999999,13.384,0.0,13.384,19.999999999999993,20.0,1.4999999999999998,42.59979999999999,29.215799999999987,0.0,1,1,1,1,279.9999999999999,320.0,2999.9999999999995,0.3424,0.3779
风电3-光伏3,3,3,63.0,2:00-3:00,3,0.7998000000000001,14.268,0.0,14.268,20.0,20.0,1.5,42.299800000000005,28.031800000000004,0.0,1,1,1,1,280.0,320.0,3000.0,0.3424,0.3779
风电3-光伏3,3,3,63.0,3:00-4:00,4,0.99,15.72,0.0,15.72,20.0,19.999999999999993,1.4999999999999998,42.489999999999995,26.769999999999996,0.0,1,1,1,1,280.0,319.9999999999999,2999.9999999999995,0.3424,0.3779
风电3-光伏3,3,3,63.0,4:00-5:00,5,1.1802000000000001,15.088,0.0,15.088,20.0,20.0,1.5,42.6802,27.5922,0.0,1,1,1,1,280.0,320.0,3000.0,0.3424,0.3779
风电3-光伏3,3,3,63.0,5:00-6:00,6,1.6301999999999999,13.475999999999999,0.0,13.475999999999999,20.0,20.0,1.5,43.1302,29.654200000000003,0.0,1,1,1,1,280.0,320.0,3000.0,0.3424,0.3779
风电3-光伏3,3,3,63.0,6:00-7:00,7,2.5002,13.832,0.0,13.832,20.0,20.0,1.5,44.0002,30.1682,0.0,1,1,1,1,280.0,320.0,3000.0,0.3424,0.3779
风电3-光伏3,3,3,63.0,7:00-8:00,8,3.3701999999999996,12.76,1.28,14.04,20.0,20.0,1.5,44.8702,30.830199999999998,0.0,1,1,1,1,280.0,320.0,3000.0,0.6074,0.3779
风电3-光伏3,3,3,63.0,8:00-9:00,9,4.0098,10.712,3.2,13.911999999999999,20.0,20.0,1.5,45.5098,31.5978,0.0,1,1,1,1,280.0,320.0,3000.0,0.6074,0.3779
风电3-光伏3,3,3,63.0,9:00-10:00,10,4.199999999999999,11.916,5.12,17.036,20.0,20.0,1.5,45.7,28.664,0.0,1,1,1,1,280.0,320.0,3000.0,0.6074,0.3779
风电3-光伏3,3,3,63.0,10:00-11:00,11,4.1202,8.804,7.68,16.484,20.0,19.999999999999993,1.4999999999999998,45.6202,29.136199999999995,0.0,1,1,1,1,280.0,319.9999999999999,2999.9999999999995,0.8024,0.3779
风电3-光伏3,3,3,63.0,11:00-12:00,12,3.9000000000000004,9.3,11.52,20.82,2.0,20.0,0.87,26.77,5.949999999999999,0.0,1,1,1,1,28.0,320.0,1740.0,0.8024,0.3779
风电3-光伏3,3,3,63.0,12:00-13:00,13,3.2598000000000003,9.012,14.08,23.092,0.0,20.0,0.7999999999999999,24.0598,0.9678000000000004,0.0,0,1,1,1,0.0,320.0,1599.9999999999998,0.8024,0.3779
风电3-光伏3,3,3,63.0,13:00-14:00,14,2.6898,10.704,14.08,24.784,9.428571593082925,20.000000000000004,1.1300000057579025,33.248371598840826,8.464371598840827,0.0,1,1,1,1,132.00000230316095,320.00000000000006,2260.000011515805,0.8024,0.3779
风电3-光伏3,3,3,63.0,14:00-15:00,15,3.63,10.604,11.52,22.124,0.0,20.0,0.8,24.43,2.306000000000001,0.0,0,1,1,1,0.0,320.0,1600.0,0.8024,0.3779
风电3-光伏3,3,3,63.0,15:00-16:00,16,3.8202000000000003,14.552,7.04,21.592,20.0,19.999999999999993,1.4999999999999998,45.32019999999999,23.728199999999994,0.0,1,1,1,1,280.0,319.9999999999999,2999.9999999999995,0.6074,0.3779
风电3-光伏3,3,3,63.0,16:00-17:00,17,3.75,13.724,5.12,18.844,20.0,20.0,1.5,45.25,26.406,0.0,1,1,1,1,280.0,320.0,3000.0,0.6074,0.3779
风电3-光伏3,3,3,63.0,17:00-18:00,18,3.1398,12.347999999999999,3.2,15.547999999999998,20.0,20.0,1.5,44.6398,29.091800000000003,0.0,1,1,1,1,280.0,320.0,3000.0,0.6074,0.3779
风电3-光伏3,3,3,63.0,18:00-19:00,19,2.61,12.152000000000001,1.28,13.432,0.0,20.0,0.7999999999999999,23.41,9.978,0.0,0,1,1,1,0.0,320.0,1599.9999999999998,0.8024,0.3779
风电3-光伏3,3,3,63.0,19:00-20:00,20,2.1198,9.236,0.0,9.236,0.0,20.0,0.7999999999999999,22.919800000000002,13.683800000000002,0.0,0,1,1,1,0.0,320.0,1599.9999999999998,0.8024,0.3779
风电3-光伏3,3,3,63.0,20:00-21:00,21,1.8599999999999999,7.228,0.0,7.228,0.0,19.999999999999996,0.7999999999999998,22.659999999999997,15.431999999999997,0.0,0,1,1,1,0.0,319.99999999999994,1599.9999999999995,0.8024,0.3779
风电3-光伏3,3,3,63.0,21:00-22:00,22,1.6301999999999999,6.252,0.0,6.252,20.000000000000007,20.0,1.5000000000000002,43.1302,36.8782,0.0,1,1,1,1,280.0000000000001,320.0,3000.0000000000005,0.6074,0.3779
风电3-光伏3,3,3,63.0,22:00-23:00,23,1.56,6.452,0.0,6.452,20.0,19.999999856052348,1.4999999942420938,43.05999985029444,36.60799985029444,0.0,1,1,1,1,280.0,319.99999769683757,2999.9999884841877,0.6074,0.3779
风电3-光伏3,3,3,63.0,23:00-24:00,24,1.4802,7.972,0.0,7.972,20.0,20.0,1.5,42.980199999999996,35.008199999999995,0.0,1,1,1,1,280.0,320.0,3000.0,0.3424,0.3779
风电3-光伏3,3,3,54.0,0:00-1:00,1,1.3698000000000001,11.904,0.0,11.904,20.0,20.0,1.5,42.8698,30.965799999999998,0.0,1,1,1,1,280.0,320.0,3000.0,0.3424,0.3779
风电3-光伏3,3,3,54.0,1:00-2:00,2,1.0997999999999999,13.384,0.0,13.384,19.999999999999993,20.0,1.4999999999999998,42.59979999999999,29.215799999999987,0.0,1,1,1,1,279.9999999999999,320.0,2999.9999999999995,0.3424,0.3779
风电3-光伏3,3,3,54.0,2:00-3:00,3,0.7998000000000001,14.268,0.0,14.268,20.0,20.0,1.5,42.299800000000005,28.031800000000004,0.0,1,1,1,1,280.0,320.0,3000.0,0.3424,0.3779
风电3-光伏3,3,3,54.0,3:00-4:00,4,0.99,15.72,0.0,15.72,20.0,19.999999999999993,1.4999999999999998,42.489999999999995,26.769999999999996,0.0,1,1,1,1,280.0,319.9999999999999,2999.9999999999995,0.3424,0.3779
风电3-光伏3,3,3,54.0,4:00-5:00,5,1.1802000000000001,15.088,0.0,15.088,20.0,20.0,1.5,42.6802,27.5922,0.0,1,1,1,1,280.0,320.0,3000.0,0.3424,0.3779
风电3-光伏3,3,3,54.0,5:00-6:00,6,1.6301999999999999,13.475999999999999,0.0,13.475999999999999,20.0,20.0,1.5,43.1302,29.654200000000003,0.0,1,1,1,1,280.0,320.0,3000.0,0.3424,0.3779
风电3-光伏3,3,3,54.0,6:00-7:00,7,2.5002,13.832,0.0,13.832,20.0,20.0,1.5,44.0002,30.1682,0.0,1,1,1,1,280.0,320.0,3000.0,0.3424,0.3779
风电3-光伏3,3,3,54.0,7:00-8:00,8,3.3701999999999996,12.76,1.28,14.04,0.0,20.0,0.7999999999999999,24.1702,10.130200000000002,0.0,0,1,1,1,0.0,320.0,1599.9999999999998,0.6074,0.3779
风电3-光伏3,3,3,54.0,8:00-9:00,9,4.0098,10.712,3.2,13.911999999999999,20.0,20.0,1.5,45.5098,31.5978,0.0,1,1,1,1,280.0,320.0,3000.0,0.6074,0.3779
风电3-光伏3,3,3,54.0,9:00-10:00,10,4.199999999999999,11.916,5.12,17.036,2.0,20.0,0.87,27.07,10.033999999999999,0.0,1,1,1,1,28.0,320.0,1740.0,0.6074,0.3779
风电3-光伏3,3,3,54.0,10:00-11:00,11,4.1202,8.804,7.68,16.484,0.0,11.88826923076923,0.47553076923076926,16.483999999999998,0.0,3.552713678800501e-15,0,1,1,0,0.0,190.2123076923077,951.0615384615385,0.8024,0.3779
风电3-光伏3,3,3,54.0,11:00-12:00,12,3.9000000000000004,9.3,11.52,20.82,0.0,16.26923076923077,0.6507692307692309,20.820000000000004,3.552713678800501e-15,0.0,0,1,1,0,0.0,260.3076923076923,1301.5384615384617,0.8024,0.3779
风电3-光伏3,3,3,54.0,12:00-13:00,13,3.2598000000000003,9.012,14.08,23.092,0.0,19.06942307692308,0.7627769230769231,23.092000000000002,3.552713678800501e-15,0.0,0,1,1,0,0.0,305.1107692307693,1525.5538461538463,0.8024,0.3779
风电3-光伏3,3,3,54.0,13:00-14:00,14,2.6898,10.704,14.08,24.784,2.0,19.254038461538464,0.8401615384615385,24.784,0.0,0.0,1,1,1,0,28.0,308.0646153846154,1680.323076923077,0.8024,0.3779
风电3-光伏3,3,3,54.0,14:00-15:00,15,3.63,10.604,11.52,22.124,0.0,17.782692307692308,0.7113076923076923,22.124,0.0,0.0,0,1,1,0,0.0,284.5230769230769,1422.6153846153845,0.8024,0.3779
风电3-光伏3,3,3,54.0,15:00-16:00,16,3.8202000000000003,14.552,7.04,21.592,20.0,19.999999999999993,1.4999999999999998,45.32019999999999,23.728199999999994,0.0,1,1,1,1,280.0,319.9999999999999,2999.9999999999995,0.6074,0.3779
风电3-光伏3,3,3,54.0,16:00-17:00,17,3.75,13.724,5.12,18.844,19.801758241758055,20.0,1.493061538461532,45.04481978021958,26.200819780219582,0.0,1,1,1,1,277.2246153846128,320.0,2986.123076923064,0.6074,0.3779
风电3-光伏3,3,3,54.0,17:00-18:00,18,3.1398,12.347999999999999,3.2,15.547999999999998,20.0,20.0,1.5,44.6398,29.091800000000003,0.0,1,1,1,1,280.0,320.0,3000.0,0.6074,0.3779
风电3-光伏3,3,3,54.0,18:00-19:00,19,2.61,12.152000000000001,1.28,13.432,0.0,10.405769230769232,0.4162307692307693,13.432,0.0,0.0,0,1,1,0,0.0,166.49230769230772,832.4615384615386,0.8024,0.3779
风电3-光伏3,3,3,54.0,19:00-20:00,20,2.1198,9.236,0.0,9.236,0.0,6.842500000000001,0.27370000000000005,9.236,0.0,0.0,0,1,1,0,0.0,109.48000000000002,547.4000000000001,0.8024,0.3779
风电3-光伏3,3,3,54.0,20:00-21:00,21,1.8599999999999999,7.228,0.0,7.228,0.0,5.161538461538462,0.20646153846153847,7.228000000000001,8.881784197001252e-16,0.0,0,1,1,0,0.0,82.58461538461539,412.92307692307696,0.8024,0.3779
风电3-光伏3,3,3,54.0,21:00-22:00,22,1.6301999999999999,6.252,0.0,6.252,20.0,20.0,1.5,43.1302,36.8782,0.0,1,1,1,1,280.0,320.0,3000.0,0.6074,0.3779
风电3-光伏3,3,3,54.0,22:00-23:00,23,1.56,6.452,0.0,6.452,19.999999999999996,19.999999999999996,1.4999999999999998,43.05999999999999,36.60799999999999,0.0,1,1,1,1,279.99999999999994,319.99999999999994,2999.9999999999995,0.6074,0.3779
风电3-光伏3,3,3,54.0,23:00-24:00,24,1.4802,7.972,0.0,7.972,20.0,20.0,1.5,42.980199999999996,35.008199999999995,0.0,1,1,1,1,280.0,320.0,3000.0,0.3424,0.3779
风电3-光伏3,3,3,45.0,0:00-1:00,1,1.3698000000000001,11.904,0.0,11.904,20.0,20.0,1.5,42.8698,30.965799999999998,0.0,1,1,1,1,280.0,320.0,3000.0,0.3424,0.3779
风电3-光伏3,3,3,45.0,1:00-2:00,2,1.0997999999999999,13.384,0.0,13.384,19.999999999999993,20.0,1.4999999999999998,42.59979999999999,29.215799999999987,0.0,1,1,1,1,279.9999999999999,320.0,2999.9999999999995,0.3424,0.3779
风电3-光伏3,3,3,45.0,2:00-3:00,3,0.7998000000000001,14.268,0.0,14.268,20.0,20.0,1.5,42.299800000000005,28.031800000000004,0.0,1,1,1,1,280.0,320.0,3000.0,0.3424,0.3779
风电3-光伏3,3,3,45.0,3:00-4:00,4,0.99,15.72,0.0,15.72,20.0,19.999999999999993,1.4999999999999998,42.489999999999995,26.769999999999996,0.0,1,1,1,1,280.0,319.9999999999999,2999.9999999999995,0.3424,0.3779
风电3-光伏3,3,3,45.0,4:00-5:00,5,1.1802000000000001,15.088,0.0,15.088,20.0,20.0,1.5,42.6802,27.5922,0.0,1,1,1,1,280.0,320.0,3000.0,0.3424,0.3779
风电3-光伏3,3,3,45.0,5:00-6:00,6,1.6301999999999999,13.475999999999999,0.0,13.475999999999999,20.0,20.0,1.5,43.1302,29.654200000000003,0.0,1,1,1,1,280.0,320.0,3000.0,0.3424,0.3779
风电3-光伏3,3,3,45.0,6:00-7:00,7,2.5002,13.832,0.0,13.832,20.0,20.0,1.5,44.0002,30.1682,0.0,1,1,1,1,280.0,320.0,3000.0,0.3424,0.3779
风电3-光伏3,3,3,45.0,7:00-8:00,8,3.3701999999999996,12.76,1.28,14.04,0.0,19.563076923076913,0.7825230769230765,23.71579999999999,9.675799999999992,0.0,0,1,1,1,0.0,313.0092307692306,1565.0461538461532,0.6074,0.3779
风电3-光伏3,3,3,45.0,8:00-9:00,9,4.0098,10.712,3.2,13.911999999999999,0.0,20.0,0.7999999999999999,24.8098,10.8978,0.0,0,1,1,1,0.0,320.0,1599.9999999999998,0.6074,0.3779
风电3-光伏3,3,3,45.0,9:00-10:00,10,4.199999999999999,11.916,5.12,17.036,0.0,20.0,0.8,25.0,7.963999999999999,0.0,0,1,1,1,0.0,320.0,1600.0,0.6074,0.3779
风电3-光伏3,3,3,45.0,10:00-11:00,11,4.1202,8.804,7.68,16.484,0.0,11.88826923076923,0.47553076923076926,16.483999999999998,0.0,3.552713678800501e-15,0,1,1,0,0.0,190.2123076923077,951.0615384615385,0.8024,0.3779
风电3-光伏3,3,3,45.0,11:00-12:00,12,3.9000000000000004,9.3,11.52,20.82,0.0,16.269230769230766,0.6507692307692307,20.819999999999997,0.0,3.552713678800501e-15,0,1,1,0,0.0,260.30769230769226,1301.5384615384612,0.8024,0.3779
风电3-光伏3,3,3,45.0,12:00-13:00,13,3.2598000000000003,9.012,14.08,23.092,0.0,19.069423076923076,0.7627769230769231,23.092000000000002,3.552713678800501e-15,0.0,0,1,1,0,0.0,305.1107692307692,1525.5538461538463,0.8024,0.3779
风电3-光伏3,3,3,45.0,13:00-14:00,14,2.6898,10.704,14.08,24.784,2.0,19.254038461538464,0.8401615384615385,24.784,0.0,0.0,1,1,1,0,28.0,308.0646153846154,1680.323076923077,0.8024,0.3779
风电3-光伏3,3,3,45.0,14:00-15:00,15,3.63,10.604,11.52,22.124,0.0,17.782692307692308,0.7113076923076923,22.124,0.0,0.0,0,1,1,0,0.0,284.5230769230769,1422.6153846153845,0.8024,0.3779
风电3-光伏3,3,3,45.0,15:00-16:00,16,3.8202000000000003,14.552,7.04,21.592,0.0,19.999999999999996,0.7999999999999998,24.620199999999997,3.0281999999999982,0.0,0,1,1,1,0.0,319.99999999999994,1599.9999999999995,0.6074,0.3779
风电3-光伏3,3,3,45.0,16:00-17:00,17,3.75,13.724,5.12,18.844,0.0,14.513461538461542,0.5805384615384616,18.844000000000005,3.552713678800501e-15,0.0,0,1,1,0,0.0,232.21538461538466,1161.076923076923,0.6074,0.3779
风电3-光伏3,3,3,45.0,17:00-18:00,18,3.1398,12.347999999999999,3.2,15.547999999999998,0.0,20.0,0.7999999999999999,23.9398,8.391800000000003,0.0,0,1,1,1,0.0,320.0,1599.9999999999998,0.6074,0.3779
风电3-光伏3,3,3,45.0,18:00-19:00,19,2.61,12.152000000000001,1.28,13.432,0.0,10.405769230769232,0.4162307692307693,13.432,0.0,0.0,0,1,1,0,0.0,166.49230769230772,832.4615384615386,0.8024,0.3779
风电3-光伏3,3,3,45.0,19:00-20:00,20,2.1198,9.236,0.0,9.236,0.0,6.842500000000002,0.27370000000000005,9.236000000000002,1.7763568394002505e-15,0.0,0,1,1,0,0.0,109.48000000000003,547.4000000000001,0.8024,0.3779
风电3-光伏3,3,3,45.0,20:00-21:00,21,1.8599999999999999,7.228,0.0,7.228,0.0,5.161538461538462,0.20646153846153847,7.228000000000001,8.881784197001252e-16,0.0,0,1,1,0,0.0,82.58461538461539,412.92307692307696,0.8024,0.3779
风电3-光伏3,3,3,45.0,21:00-22:00,22,1.6301999999999999,6.252,0.0,6.252,0.0,20.0,0.8,22.4302,16.1782,0.0,0,1,1,1,0.0,320.0,1600.0,0.6074,0.3779
风电3-光伏3,3,3,45.0,22:00-23:00,23,1.56,6.452,0.0,6.452,0.0,20.0,0.8,22.36,15.908,0.0,0,1,1,1,0.0,320.0,1600.0,0.6074,0.3779
风电3-光伏3,3,3,45.0,23:00-24:00,24,1.4802,7.972,0.0,7.972,20.0,20.0,1.5,42.980199999999996,35.008199999999995,0.0,1,1,1,1,280.0,320.0,3000.0,0.3424,0.3779
风电3-光伏3,3,3,36.0,0:00-1:00,1,1.3698000000000001,11.904,0.0,11.904,20.0,20.0,1.5,42.8698,30.965799999999998,0.0,1,1,1,1,280.0,320.0,3000.0,0.3424,0.3779
风电3-光伏3,3,3,36.0,1:00-2:00,2,1.0997999999999999,13.384,0.0,13.384,19.999999999999993,20.0,1.4999999999999998,42.59979999999999,29.215799999999987,0.0,1,1,1,1,279.9999999999999,320.0,2999.9999999999995,0.3424,0.3779
风电3-光伏3,3,3,36.0,2:00-3:00,3,0.7998000000000001,14.268,0.0,14.268,20.0,20.0,1.5,42.299800000000005,28.031800000000004,0.0,1,1,1,1,280.0,320.0,3000.0,0.3424,0.3779
风电3-光伏3,3,3,36.0,3:00-4:00,4,0.99,15.72,0.0,15.72,20.0,19.999999999999993,1.4999999999999998,42.489999999999995,26.769999999999996,0.0,1,1,1,1,280.0,319.9999999999999,2999.9999999999995,0.3424,0.3779
风电3-光伏3,3,3,36.0,4:00-5:00,5,1.1802000000000001,15.088,0.0,15.088,20.0,20.0,1.5,42.6802,27.5922,0.0,1,1,1,1,280.0,320.0,3000.0,0.3424,0.3779
风电3-光伏3,3,3,36.0,5:00-6:00,6,1.6301999999999999,13.475999999999999,0.0,13.475999999999999,19.999999389349668,20.0,1.4999999786272384,43.13019936797691,29.654199367976908,0.0,1,1,1,1,279.9999914508953,320.0,2999.999957254477,0.3424,0.3779
风电3-光伏3,3,3,36.0,6:00-7:00,7,2.5002,13.832,0.0,13.832,20.0,20.0,1.5,44.0002,30.1682,0.0,1,1,1,1,280.0,320.0,3000.0,0.3424,0.3779
风电3-光伏3,3,3,36.0,7:00-8:00,8,3.3701999999999996,12.76,1.28,14.04,0.0,10.259423076923076,0.41037692307692303,14.039999999999997,0.0,1.7763568394002505e-15,0,1,1,0,0.0,164.1507692307692,820.7538461538461,0.6074,0.3779
风电3-光伏3,3,3,36.0,8:00-9:00,9,4.0098,10.712,3.2,13.911999999999999,0.0,9.521346153846153,0.3808538461538461,13.911999999999999,0.0,0.0,0,1,1,0,0.0,152.34153846153845,761.7076923076922,0.6074,0.3779
风电3-光伏3,3,3,36.0,9:00-10:00,10,4.199999999999999,11.916,5.12,17.036,0.0,12.342307692307696,0.49369230769230776,17.036,0.0,0.0,0,1,1,0,0.0,197.47692307692313,987.3846153846155,0.6074,0.3779
风电3-光伏3,3,3,36.0,10:00-11:00,11,4.1202,8.804,7.68,16.484,0.0,11.88826923076923,0.47553076923076926,16.483999999999998,0.0,3.552713678800501e-15,0,1,1,0,0.0,190.2123076923077,951.0615384615385,0.8024,0.3779
风电3-光伏3,3,3,36.0,11:00-12:00,12,3.9000000000000004,9.3,11.52,20.82,0.0,16.26923076923077,0.6507692307692309,20.820000000000004,3.552713678800501e-15,0.0,0,1,1,0,0.0,260.3076923076923,1301.5384615384617,0.8024,0.3779
风电3-光伏3,3,3,36.0,12:00-13:00,13,3.2598000000000003,9.012,14.08,23.092,0.0,19.069423076923076,0.7627769230769231,23.092000000000002,3.552713678800501e-15,0.0,0,1,1,0,0.0,305.1107692307692,1525.5538461538463,0.8024,0.3779
风电3-光伏3,3,3,36.0,13:00-14:00,14,2.6898,10.704,14.08,24.784,0.0,20.0,0.8,23.4898,0.0,1.2942,0,1,1,0,0.0,320.0,1600.0,0.8024,0.3779
风电3-光伏3,3,3,36.0,14:00-15:00,15,3.63,10.604,11.52,22.124,0.0,0.0,0.0,3.63,0.0,18.494,0,0,0,0,0.0,0.0,0.0,0.8024,0.3779
风电3-光伏3,3,3,36.0,15:00-16:00,16,3.8202000000000003,14.552,7.04,21.592,0.0,17.088269230769228,0.6835307692307692,21.592,0.0,0.0,0,1,1,0,0.0,273.41230769230765,1367.0615384615382,0.6074,0.3779
风电3-光伏3,3,3,36.0,16:00-17:00,17,3.75,13.724,5.12,18.844,0.0,4.382500534319063,0.17530002137276252,8.307800555691827,0.0,10.536199444308174,0,1,1,0,0.0,70.12000854910501,350.60004274552506,0.6074,0.3779
风电3-光伏3,3,3,36.0,17:00-18:00,18,3.1398,12.347999999999999,3.2,15.547999999999998,0.0,11.930961538461537,0.47723846153846144,15.547999999999996,0.0,1.7763568394002505e-15,0,1,1,0,0.0,190.8953846153846,954.4769230769228,0.6074,0.3779
风电3-光伏3,3,3,36.0,18:00-19:00,19,2.61,12.152000000000001,1.28,13.432,0.0,10.405769230769232,0.4162307692307693,13.432,0.0,0.0,0,1,1,0,0.0,166.49230769230772,832.4615384615386,0.8024,0.3779
风电3-光伏3,3,3,36.0,19:00-20:00,20,2.1198,9.236,0.0,9.236,0.0,6.842500000000002,0.27370000000000005,9.236000000000002,1.7763568394002505e-15,0.0,0,1,1,0,0.0,109.48000000000003,547.4000000000001,0.8024,0.3779
风电3-光伏3,3,3,36.0,20:00-21:00,21,1.8599999999999999,7.228,0.0,7.228,0.0,0.0,0.0,1.8599999999999999,0.0,5.368,0,0,0,0,0.0,0.0,0.0,0.8024,0.3779
风电3-光伏3,3,3,36.0,21:00-22:00,22,1.6301999999999999,6.252,0.0,6.252,0.0,0.0,0.0,1.6301999999999999,0.0,4.6218,0,0,0,0,0.0,0.0,0.0,0.6074,0.3779
风电3-光伏3,3,3,36.0,22:00-23:00,23,1.56,6.452,0.0,6.452,0.0,0.0,0.0,1.56,0.0,4.8919999999999995,0,0,0,0,0.0,0.0,0.0,0.6074,0.3779
风电3-光伏3,3,3,36.0,23:00-24:00,24,1.4802,7.972,0.0,7.972,20.0,20.0,1.5,42.980199999999996,35.008199999999995,0.0,1,1,1,1,280.0,320.0,3000.0,0.3424,0.3779
风电3-光伏4,3,4,72.0,0:00-1:00,1,1.3698000000000001,11.904,0.0,11.904,20.0,20.0,1.5,42.8698,30.965799999999998,0.0,1,1,1,1,280.0,320.0,3000.0,0.3424,0.3779
风电3-光伏4,3,4,72.0,1:00-2:00,2,1.0997999999999999,13.384,0.0,13.384,20.0,20.0,1.5,42.5998,29.2158,0.0,1,1,1,1,280.0,320.0,3000.0,0.3424,0.3779
风电3-光伏4,3,4,72.0,2:00-3:00,3,0.7998000000000001,14.268,0.0,14.268,20.0,20.0,1.5,42.299800000000005,28.031800000000004,0.0,1,1,1,1,280.0,320.0,3000.0,0.3424,0.3779
风电3-光伏4,3,4,72.0,3:00-4:00,4,0.99,15.72,0.0,15.72,20.0,20.0,1.5,42.489999999999995,26.769999999999996,0.0,1,1,1,1,280.0,320.0,3000.0,0.3424,0.3779
风电3-光伏4,3,4,72.0,4:00-5:00,5,1.1802000000000001,15.088,0.0,15.088,20.0,20.0,1.5,42.6802,27.5922,0.0,1,1,1,1,280.0,320.0,3000.0,0.3424,0.3779
风电3-光伏4,3,4,72.0,5:00-6:00,6,1.6301999999999999,13.475999999999999,0.0,13.475999999999999,20.0,20.0,1.5,43.1302,29.654200000000003,0.0,1,1,1,1,280.0,320.0,3000.0,0.3424,0.3779
风电3-光伏4,3,4,72.0,6:00-7:00,7,2.5002,13.832,0.0,13.832,20.0,20.0,1.5,44.0002,30.1682,0.0,1,1,1,1,280.0,320.0,3000.0,0.3424,0.3779
风电3-光伏4,3,4,72.0,7:00-8:00,8,3.3701999999999996,12.76,0.0,12.76,20.0,20.0,1.5,44.8702,32.1102,0.0,1,1,1,1,280.0,320.0,3000.0,0.6074,0.3779
风电3-光伏4,3,4,72.0,8:00-9:00,9,4.0098,10.712,0.0,10.712,20.0,20.0,1.5,45.5098,34.797799999999995,0.0,1,1,1,1,280.0,320.0,3000.0,0.6074,0.3779
风电3-光伏4,3,4,72.0,9:00-10:00,10,4.199999999999999,11.916,0.0,11.916,20.0,20.0,1.5,45.7,33.784000000000006,0.0,1,1,1,1,280.0,320.0,3000.0,0.6074,0.3779
风电3-光伏4,3,4,72.0,10:00-11:00,11,4.1202,8.804,0.0,8.804,20.0,20.0,1.5,45.6202,36.816199999999995,0.0,1,1,1,1,280.0,320.0,3000.0,0.8024,0.3779
风电3-光伏4,3,4,72.0,11:00-12:00,12,3.9000000000000004,9.3,1.28,10.58,20.0,20.0,1.5,45.4,34.82,0.0,1,1,1,1,280.0,320.0,3000.0,0.8024,0.3779
风电3-光伏4,3,4,72.0,12:00-13:00,13,3.2598000000000003,9.012,5.12,14.132000000000001,20.0,20.0,1.5,44.7598,30.627799999999997,0.0,1,1,1,1,280.0,320.0,3000.0,0.8024,0.3779
风电3-光伏4,3,4,72.0,13:00-14:00,14,2.6898,10.704,7.68,18.384,20.0,20.0,1.5,44.1898,25.805799999999998,0.0,1,1,1,1,280.0,320.0,3000.0,0.8024,0.3779
风电3-光伏4,3,4,72.0,14:00-15:00,15,3.63,10.604,5.12,15.724,20.0,20.0,1.5,45.129999999999995,29.405999999999995,0.0,1,1,1,1,280.0,320.0,3000.0,0.8024,0.3779
风电3-光伏4,3,4,72.0,15:00-16:00,16,3.8202000000000003,14.552,1.28,15.831999999999999,20.0,20.0,1.5,45.3202,29.4882,0.0,1,1,1,1,280.0,320.0,3000.0,0.6074,0.3779
风电3-光伏4,3,4,72.0,16:00-17:00,17,3.75,13.724,0.0,13.724,20.0,20.0,1.5,45.25,31.526,0.0,1,1,1,1,280.0,320.0,3000.0,0.6074,0.3779
风电3-光伏4,3,4,72.0,17:00-18:00,18,3.1398,12.347999999999999,0.0,12.347999999999999,20.0,20.0,1.5,44.6398,32.2918,0.0,1,1,1,1,280.0,320.0,3000.0,0.6074,0.3779
风电3-光伏4,3,4,72.0,18:00-19:00,19,2.61,12.152000000000001,0.0,12.152000000000001,20.0,20.0,1.5,44.11,31.958,0.0,1,1,1,1,280.0,320.0,3000.0,0.8024,0.3779
风电3-光伏4,3,4,72.0,19:00-20:00,20,2.1198,9.236,0.0,9.236,20.0,20.0,1.5,43.6198,34.383799999999994,0.0,1,1,1,1,280.0,320.0,3000.0,0.8024,0.3779
风电3-光伏4,3,4,72.0,20:00-21:00,21,1.8599999999999999,7.228,0.0,7.228,20.0,20.0,1.5,43.36,36.132,0.0,1,1,1,1,280.0,320.0,3000.0,0.8024,0.3779
风电3-光伏4,3,4,72.0,21:00-22:00,22,1.6301999999999999,6.252,0.0,6.252,20.0,20.0,1.5,43.1302,36.8782,0.0,1,1,1,1,280.0,320.0,3000.0,0.6074,0.3779
风电3-光伏4,3,4,72.0,22:00-23:00,23,1.56,6.452,0.0,6.452,20.0,20.0,1.5,43.06,36.608000000000004,0.0,1,1,1,1,280.0,320.0,3000.0,0.6074,0.3779
风电3-光伏4,3,4,72.0,23:00-24:00,24,1.4802,7.972,0.0,7.972,20.0,20.0,1.5,42.980199999999996,35.008199999999995,0.0,1,1,1,1,280.0,320.0,3000.0,0.3424,0.3779
风电3-光伏4,3,4,63.0,0:00-1:00,1,1.3698000000000001,11.904,0.0,11.904,20.0,19.999999999999993,1.4999999999999998,42.8698,30.965799999999998,0.0,1,1,1,1,280.0,319.9999999999999,2999.9999999999995,0.3424,0.3779
风电3-光伏4,3,4,63.0,1:00-2:00,2,1.0997999999999999,13.384,0.0,13.384,19.999999999999993,20.0,1.4999999999999998,42.59979999999999,29.215799999999987,0.0,1,1,1,1,279.9999999999999,320.0,2999.9999999999995,0.3424,0.3779
风电3-光伏4,3,4,63.0,2:00-3:00,3,0.7998000000000001,14.268,0.0,14.268,20.0,20.0,1.5,42.299800000000005,28.031800000000004,0.0,1,1,1,1,280.0,320.0,3000.0,0.3424,0.3779
风电3-光伏4,3,4,63.0,3:00-4:00,4,0.99,15.72,0.0,15.72,20.0,19.999999999999993,1.4999999999999998,42.489999999999995,26.769999999999996,0.0,1,1,1,1,280.0,319.9999999999999,2999.9999999999995,0.3424,0.3779
风电3-光伏4,3,4,63.0,4:00-5:00,5,1.1802000000000001,15.088,0.0,15.088,20.0,20.0,1.5,42.6802,27.5922,0.0,1,1,1,1,280.0,320.0,3000.0,0.3424,0.3779
风电3-光伏4,3,4,63.0,5:00-6:00,6,1.6301999999999999,13.475999999999999,0.0,13.475999999999999,20.0,20.0,1.5,43.1302,29.654200000000003,0.0,1,1,1,1,280.0,320.0,3000.0,0.3424,0.3779
风电3-光伏4,3,4,63.0,6:00-7:00,7,2.5002,13.832,0.0,13.832,20.0,20.0,1.5,44.0002,30.1682,0.0,1,1,1,1,280.0,320.0,3000.0,0.3424,0.3779
风电3-光伏4,3,4,63.0,7:00-8:00,8,3.3701999999999996,12.76,0.0,12.76,19.999999775663575,20.0,1.499999992148225,44.870199767811805,32.11019976781181,0.0,1,1,1,1,279.99999685929004,320.0,2999.99998429645,0.6074,0.3779
风电3-光伏4,3,4,63.0,8:00-9:00,9,4.0098,10.712,0.0,10.712,20.0,19.999999999999993,1.4999999999999998,45.50979999999999,34.797799999999995,0.0,1,1,1,1,280.0,319.9999999999999,2999.9999999999995,0.6074,0.3779
风电3-光伏4,3,4,63.0,9:00-10:00,10,4.199999999999999,11.916,0.0,11.916,19.999999999999993,20.0,1.4999999999999998,45.69999999999999,33.78399999999999,0.0,1,1,1,1,279.9999999999999,320.0,2999.9999999999995,0.6074,0.3779
风电3-光伏4,3,4,63.0,10:00-11:00,11,4.1202,8.804,0.0,8.804,20.0,19.999999999999993,1.4999999999999998,45.6202,36.816199999999995,0.0,1,1,1,1,280.0,319.9999999999999,2999.9999999999995,0.8024,0.3779
风电3-光伏4,3,4,63.0,11:00-12:00,12,3.9000000000000004,9.3,1.28,10.58,0.0,20.0,0.7999999999999999,24.7,14.12,0.0,0,1,1,1,0.0,320.0,1599.9999999999998,0.8024,0.3779
风电3-光伏4,3,4,63.0,12:00-13:00,13,3.2598000000000003,9.012,5.12,14.132000000000001,0.0,20.0,0.7999999999999999,24.0598,9.927799999999998,0.0,0,1,1,1,0.0,320.0,1599.9999999999998,0.8024,0.3779
风电3-光伏4,3,4,63.0,13:00-14:00,14,2.6898,10.704,7.68,18.384,0.0,20.0,0.7999999999999999,23.4898,5.105799999999999,0.0,0,1,1,1,0.0,320.0,1599.9999999999998,0.8024,0.3779
风电3-光伏4,3,4,63.0,14:00-15:00,15,3.63,10.604,5.12,15.724,0.0,20.0,0.7999999999999999,24.43,8.706,0.0,0,1,1,1,0.0,320.0,1599.9999999999998,0.8024,0.3779
风电3-光伏4,3,4,63.0,15:00-16:00,16,3.8202000000000003,14.552,1.28,15.831999999999999,20.0,20.0,1.5,45.3202,29.4882,0.0,1,1,1,1,280.0,320.0,3000.0,0.6074,0.3779
风电3-光伏4,3,4,63.0,16:00-17:00,17,3.75,13.724,0.0,13.724,20.0,20.0,1.5,45.25,31.526,0.0,1,1,1,1,280.0,320.0,3000.0,0.6074,0.3779
风电3-光伏4,3,4,63.0,17:00-18:00,18,3.1398,12.347999999999999,0.0,12.347999999999999,20.0,20.0,1.5,44.6398,32.2918,0.0,1,1,1,1,280.0,320.0,3000.0,0.6074,0.3779
风电3-光伏4,3,4,63.0,18:00-19:00,19,2.61,12.152000000000001,0.0,12.152000000000001,0.0,20.0,0.7999999999999999,23.41,11.258,0.0,0,1,1,1,0.0,320.0,1599.9999999999998,0.8024,0.3779
风电3-光伏4,3,4,63.0,19:00-20:00,20,2.1198,9.236,0.0,9.236,11.428571652907985,20.0,1.2000000078517794,34.748371660759766,25.512371660759765,0.0,1,1,1,1,160.00000314071178,320.0,2400.000015703559,0.8024,0.3779
风电3-光伏4,3,4,63.0,20:00-21:00,21,1.8599999999999999,7.228,0.0,7.228,0.0,20.0,0.7999999999999999,22.66,15.432,0.0,0,1,1,1,0.0,320.0,1599.9999999999998,0.8024,0.3779
风电3-光伏4,3,4,63.0,21:00-22:00,22,1.6301999999999999,6.252,0.0,6.252,20.000000000000007,20.0,1.5000000000000002,43.1302,36.8782,0.0,1,1,1,1,280.0000000000001,320.0,3000.0000000000005,0.6074,0.3779
风电3-光伏4,3,4,63.0,22:00-23:00,23,1.56,6.452,0.0,6.452,20.0,20.000000000000007,1.5000000000000002,43.06,36.608000000000004,0.0,1,1,1,1,280.0,320.0000000000001,3000.0000000000005,0.6074,0.3779
风电3-光伏4,3,4,63.0,23:00-24:00,24,1.4802,7.972,0.0,7.972,20.0,20.0,1.5,42.980199999999996,35.008199999999995,0.0,1,1,1,1,280.0,320.0,3000.0,0.3424,0.3779
风电3-光伏4,3,4,54.0,0:00-1:00,1,1.3698000000000001,11.904,0.0,11.904,20.0,19.999999999999993,1.4999999999999998,42.8698,30.965799999999998,0.0,1,1,1,1,280.0,319.9999999999999,2999.9999999999995,0.3424,0.3779
风电3-光伏4,3,4,54.0,1:00-2:00,2,1.0997999999999999,13.384,0.0,13.384,19.999999999999993,20.0,1.4999999999999998,42.59979999999999,29.215799999999987,0.0,1,1,1,1,279.9999999999999,320.0,2999.9999999999995,0.3424,0.3779
风电3-光伏4,3,4,54.0,2:00-3:00,3,0.7998000000000001,14.268,0.0,14.268,20.0,20.0,1.5,42.299800000000005,28.031800000000004,0.0,1,1,1,1,280.0,320.0,3000.0,0.3424,0.3779
风电3-光伏4,3,4,54.0,3:00-4:00,4,0.99,15.72,0.0,15.72,20.0,19.999999999999993,1.4999999999999998,42.489999999999995,26.769999999999996,0.0,1,1,1,1,280.0,319.9999999999999,2999.9999999999995,0.3424,0.3779
风电3-光伏4,3,4,54.0,4:00-5:00,5,1.1802000000000001,15.088,0.0,15.088,20.0,20.0,1.5,42.6802,27.5922,0.0,1,1,1,1,280.0,320.0,3000.0,0.3424,0.3779
风电3-光伏4,3,4,54.0,5:00-6:00,6,1.6301999999999999,13.475999999999999,0.0,13.475999999999999,20.0,20.0,1.5,43.1302,29.654200000000003,0.0,1,1,1,1,280.0,320.0,3000.0,0.3424,0.3779
风电3-光伏4,3,4,54.0,6:00-7:00,7,2.5002,13.832,0.0,13.832,20.0,20.0,1.5,44.0002,30.1682,0.0,1,1,1,1,280.0,320.0,3000.0,0.3424,0.3779
风电3-光伏4,3,4,54.0,7:00-8:00,8,3.3701999999999996,12.76,0.0,12.76,19.999999744054453,20.0,1.4999999910419057,44.87019973509636,32.11019973509636,0.0,1,1,1,1,279.9999964167623,320.0,2999.9999820838116,0.6074,0.3779
风电3-光伏4,3,4,54.0,8:00-9:00,9,4.0098,10.712,0.0,10.712,20.0,20.0,1.5,45.5098,34.797799999999995,0.0,1,1,1,1,280.0,320.0,3000.0,0.6074,0.3779
风电3-光伏4,3,4,54.0,9:00-10:00,10,4.199999999999999,11.916,0.0,11.916,19.999999999999993,20.0,1.4999999999999998,45.69999999999999,33.78399999999999,0.0,1,1,1,1,279.9999999999999,320.0,2999.9999999999995,0.6074,0.3779
风电3-光伏4,3,4,54.0,10:00-11:00,11,4.1202,8.804,0.0,8.804,0.0,4.5036538461538465,0.18014615384615387,8.804,0.0,0.0,0,1,1,0,0.0,72.05846153846154,360.29230769230776,0.8024,0.3779
风电3-光伏4,3,4,54.0,11:00-12:00,12,3.9000000000000004,9.3,1.28,10.58,0.0,6.423076923076923,0.2569230769230769,10.58,0.0,0.0,0,1,1,0,0.0,102.76923076923077,513.8461538461538,0.8024,0.3779
风电3-光伏4,3,4,54.0,12:00-13:00,13,3.2598000000000003,9.012,5.12,14.132000000000001,0.0,16.174807916260157,0.6469923166504062,20.08160023291056,5.949600232910559,0.0,0,1,1,1,0.0,258.7969266601625,1293.9846333008124,0.8024,0.3779
风电3-光伏4,3,4,54.0,13:00-14:00,14,2.6898,10.704,7.68,18.384,0.0,15.090576923076924,0.6036230769230769,18.384,0.0,0.0,0,1,1,0,0.0,241.44923076923078,1207.246153846154,0.8024,0.3779
风电3-光伏4,3,4,54.0,14:00-15:00,15,3.63,10.604,5.12,15.724,0.0,11.628846153846155,0.4651538461538462,15.724,0.0,0.0,0,1,1,0,0.0,186.06153846153848,930.3076923076924,0.8024,0.3779
风电3-光伏4,3,4,54.0,15:00-16:00,16,3.8202000000000003,14.552,1.28,15.831999999999999,20.0,20.0,1.5,45.3202,29.4882,0.0,1,1,1,1,280.0,320.0,3000.0,0.6074,0.3779
风电3-光伏4,3,4,54.0,16:00-17:00,17,3.75,13.724,0.0,13.724,20.0,20.0,1.5,45.25,31.526,0.0,1,1,1,1,280.0,320.0,3000.0,0.6074,0.3779
风电3-光伏4,3,4,54.0,17:00-18:00,18,3.1398,12.347999999999999,0.0,12.347999999999999,20.0,19.999999999999993,1.4999999999999998,44.639799999999994,32.291799999999995,0.0,1,1,1,1,280.0,319.9999999999999,2999.9999999999995,0.6074,0.3779
风电3-光伏4,3,4,54.0,18:00-19:00,19,2.61,12.152000000000001,0.0,12.152000000000001,0.0,9.175000000000002,0.36700000000000005,12.152000000000003,1.7763568394002505e-15,0.0,0,1,1,0,0.0,146.80000000000004,734.0000000000001,0.8024,0.3779
风电3-光伏4,3,4,54.0,19:00-20:00,20,2.1198,9.236,0.0,9.236,0.0,6.842500000000001,0.27370000000000005,9.236,0.0,0.0,0,1,1,0,0.0,109.48000000000002,547.4000000000001,0.8024,0.3779
风电3-光伏4,3,4,54.0,20:00-21:00,21,1.8599999999999999,7.228,0.0,7.228,0.0,5.161538461538462,0.20646153846153847,7.228000000000001,8.881784197001252e-16,0.0,0,1,1,0,0.0,82.58461538461539,412.92307692307696,0.8024,0.3779
风电3-光伏4,3,4,54.0,21:00-22:00,22,1.6301999999999999,6.252,0.0,6.252,20.000000000000007,20.0,1.5000000000000002,43.1302,36.8782,0.0,1,1,1,1,280.0000000000001,320.0,3000.0000000000005,0.6074,0.3779
风电3-光伏4,3,4,54.0,22:00-23:00,23,1.56,6.452,0.0,6.452,20.0,20.000000000000007,1.5000000000000002,43.06,36.608000000000004,0.0,1,1,1,1,280.0,320.0000000000001,3000.0000000000005,0.6074,0.3779
风电3-光伏4,3,4,54.0,23:00-24:00,24,1.4802,7.972,0.0,7.972,20.0,20.0,1.5,42.980199999999996,35.008199999999995,0.0,1,1,1,1,280.0,320.0,3000.0,0.3424,0.3779
风电3-光伏4,3,4,45.0,0:00-1:00,1,1.3698000000000001,11.904,0.0,11.904,20.0,20.0,1.5,42.8698,30.965799999999998,0.0,1,1,1,1,280.0,320.0,3000.0,0.3424,0.3779
风电3-光伏4,3,4,45.0,1:00-2:00,2,1.0997999999999999,13.384,0.0,13.384,19.999999999999996,19.999999999999996,1.4999999999999998,42.59979999999999,29.215799999999987,0.0,1,1,1,1,279.99999999999994,319.99999999999994,2999.9999999999995,0.3424,0.3779
风电3-光伏4,3,4,45.0,2:00-3:00,3,0.7998000000000001,14.268,0.0,14.268,19.999999999999996,20.000000000000004,1.5,42.299800000000005,28.031800000000004,0.0,1,1,1,1,279.99999999999994,320.00000000000006,3000.0,0.3424,0.3779
风电3-光伏4,3,4,45.0,3:00-4:00,4,0.99,15.72,0.0,15.72,20.0,19.999999999999993,1.4999999999999998,42.489999999999995,26.769999999999996,0.0,1,1,1,1,280.0,319.9999999999999,2999.9999999999995,0.3424,0.3779
风电3-光伏4,3,4,45.0,4:00-5:00,5,1.1802000000000001,15.088,0.0,15.088,20.000000000000004,19.999999999999996,1.5,42.6802,27.5922,0.0,1,1,1,1,280.00000000000006,319.99999999999994,3000.0,0.3424,0.3779
风电3-光伏4,3,4,45.0,5:00-6:00,6,1.6301999999999999,13.475999999999999,0.0,13.475999999999999,20.0,20.0,1.5,43.1302,29.654200000000003,0.0,1,1,1,1,280.0,320.0,3000.0,0.3424,0.3779
风电3-光伏4,3,4,45.0,6:00-7:00,7,2.5002,13.832,0.0,13.832,20.000000000000004,19.999999999999996,1.5,44.0002,30.1682,0.0,1,1,1,1,280.00000000000006,319.99999999999994,3000.0,0.3424,0.3779
风电3-光伏4,3,4,45.0,7:00-8:00,8,3.3701999999999996,12.76,0.0,12.76,20.0,20.0,1.5,44.8702,32.1102,0.0,1,1,1,1,280.0,320.0,3000.0,0.6074,0.3779
风电3-光伏4,3,4,45.0,8:00-9:00,9,4.0098,10.712,0.0,10.712,0.0,20.0,0.7999999999999999,24.8098,14.0978,0.0,0,1,1,1,0.0,320.0,1599.9999999999998,0.6074,0.3779
风电3-光伏4,3,4,45.0,9:00-10:00,10,4.199999999999999,11.916,0.0,11.916,0.0,20.0,0.7999999999999999,25.0,13.084,0.0,0,1,1,1,0.0,320.0,1599.9999999999998,0.6074,0.3779
风电3-光伏4,3,4,45.0,10:00-11:00,11,4.1202,8.804,0.0,8.804,0.0,4.5036538461538465,0.18014615384615387,8.804,0.0,0.0,0,1,1,0,0.0,72.05846153846154,360.29230769230776,0.8024,0.3779
风电3-光伏4,3,4,45.0,11:00-12:00,12,3.9000000000000004,9.3,1.28,10.58,0.0,6.423076923076923,0.2569230769230769,10.58,0.0,0.0,0,1,1,0,0.0,102.76923076923077,513.8461538461538,0.8024,0.3779
风电3-光伏4,3,4,45.0,12:00-13:00,13,3.2598000000000003,9.012,5.12,14.132000000000001,0.0,10.454038461538463,0.41816153846153853,14.132000000000001,0.0,0.0,0,1,1,0,0.0,167.2646153846154,836.3230769230771,0.8024,0.3779
风电3-光伏4,3,4,45.0,13:00-14:00,14,2.6898,10.704,7.68,18.384,0.0,15.090576923076924,0.6036230769230769,18.384,0.0,0.0,0,1,1,0,0.0,241.44923076923078,1207.246153846154,0.8024,0.3779
风电3-光伏4,3,4,45.0,14:00-15:00,15,3.63,10.604,5.12,15.724,0.0,11.628846153846156,0.4651538461538462,15.724000000000004,3.552713678800501e-15,0.0,0,1,1,0,0.0,186.0615384615385,930.3076923076924,0.8024,0.3779
风电3-光伏4,3,4,45.0,15:00-16:00,16,3.8202000000000003,14.552,1.28,15.831999999999999,17.966593406593628,19.999999999999996,1.428830769230777,43.2156241758244,27.3836241758244,0.0,1,1,1,1,251.53230769231078,319.99999999999994,2857.661538461554,0.6074,0.3779
风电3-光伏4,3,4,45.0,16:00-17:00,17,3.75,13.724,0.0,13.724,0.0,19.999999999999996,0.7999999999999998,24.549999999999997,10.825999999999997,0.0,0,1,1,1,0.0,319.99999999999994,1599.9999999999995,0.6074,0.3779
风电3-光伏4,3,4,45.0,17:00-18:00,18,3.1398,12.347999999999999,0.0,12.347999999999999,0.0,20.0,0.7999999999999999,23.9398,11.591800000000003,0.0,0,1,1,1,0.0,320.0,1599.9999999999998,0.6074,0.3779
风电3-光伏4,3,4,45.0,18:00-19:00,19,2.61,12.152000000000001,0.0,12.152000000000001,0.0,9.175000000000002,0.36700000000000005,12.152000000000003,1.7763568394002505e-15,0.0,0,1,1,0,0.0,146.80000000000004,734.0000000000001,0.8024,0.3779
风电3-光伏4,3,4,45.0,19:00-20:00,20,2.1198,9.236,0.0,9.236,0.0,6.842500000000002,0.27370000000000005,9.236000000000002,1.7763568394002505e-15,0.0,0,1,1,0,0.0,109.48000000000003,547.4000000000001,0.8024,0.3779
风电3-光伏4,3,4,45.0,20:00-21:00,21,1.8599999999999999,7.228,0.0,7.228,0.0,5.161538461538462,0.20646153846153847,7.228000000000001,8.881784197001252e-16,0.0,0,1,1,0,0.0,82.58461538461539,412.92307692307696,0.8024,0.3779
风电3-光伏4,3,4,45.0,21:00-22:00,22,1.6301999999999999,6.252,0.0,6.252,0.0,20.0,0.7999999999999999,22.4302,16.1782,0.0,0,1,1,1,0.0,320.0,1599.9999999999998,0.6074,0.3779
风电3-光伏4,3,4,45.0,22:00-23:00,23,1.56,6.452,0.0,6.452,0.0,20.0,0.7999999999999999,22.36,15.908,0.0,0,1,1,1,0.0,320.0,1599.9999999999998,0.6074,0.3779
风电3-光伏4,3,4,45.0,23:00-24:00,24,1.4802,7.972,0.0,7.972,20.0,20.0,1.5,42.980199999999996,35.008199999999995,0.0,1,1,1,1,280.0,320.0,3000.0,0.3424,0.3779
风电3-光伏4,3,4,36.0,0:00-1:00,1,1.3698000000000001,11.904,0.0,11.904,20.0,19.999999999999993,1.4999999999999998,42.8698,30.965799999999998,0.0,1,1,1,1,280.0,319.9999999999999,2999.9999999999995,0.3424,0.3779
风电3-光伏4,3,4,36.0,1:00-2:00,2,1.0997999999999999,13.384,0.0,13.384,19.999999999999993,20.0,1.4999999999999998,42.59979999999999,29.215799999999987,0.0,1,1,1,1,279.9999999999999,320.0,2999.9999999999995,0.3424,0.3779
风电3-光伏4,3,4,36.0,2:00-3:00,3,0.7998000000000001,14.268,0.0,14.268,20.0,20.0,1.5,42.299800000000005,28.031800000000004,0.0,1,1,1,1,280.0,320.0,3000.0,0.3424,0.3779
风电3-光伏4,3,4,36.0,3:00-4:00,4,0.99,15.72,0.0,15.72,20.0,19.999999999999993,1.4999999999999998,42.489999999999995,26.769999999999996,0.0,1,1,1,1,280.0,319.9999999999999,2999.9999999999995,0.3424,0.3779
风电3-光伏4,3,4,36.0,4:00-5:00,5,1.1802000000000001,15.088,0.0,15.088,20.0,20.0,1.5,42.6802,27.5922,0.0,1,1,1,1,280.0,320.0,3000.0,0.3424,0.3779
风电3-光伏4,3,4,36.0,5:00-6:00,6,1.6301999999999999,13.475999999999999,0.0,13.475999999999999,20.0,20.0,1.5,43.1302,29.654200000000003,0.0,1,1,1,1,280.0,320.0,3000.0,0.3424,0.3779
风电3-光伏4,3,4,36.0,6:00-7:00,7,2.5002,13.832,0.0,13.832,20.0,20.0,1.5,44.0002,30.1682,0.0,1,1,1,1,280.0,320.0,3000.0,0.3424,0.3779
风电3-光伏4,3,4,36.0,7:00-8:00,8,3.3701999999999996,12.76,0.0,12.76,0.0,9.028653846153846,0.3611461538461539,12.759999999999998,0.0,1.7763568394002505e-15,0,1,1,0,0.0,144.45846153846153,722.2923076923078,0.6074,0.3779
风电3-光伏4,3,4,36.0,8:00-9:00,9,4.0098,10.712,0.0,10.712,0.0,20.0,0.7999999999999999,24.8098,14.0978,0.0,0,1,1,1,0.0,320.0,1599.9999999999998,0.6074,0.3779
风电3-光伏4,3,4,36.0,9:00-10:00,10,4.199999999999999,11.916,0.0,11.916,0.0,12.550000000000054,0.5020000000000022,17.252000000000056,5.336000000000055,0.0,0,1,1,1,0.0,200.80000000000086,1004.0000000000044,0.6074,0.3779
风电3-光伏4,3,4,36.0,10:00-11:00,11,4.1202,8.804,0.0,8.804,0.0,4.5036538461538465,0.18014615384615387,8.804,0.0,0.0,0,1,1,0,0.0,72.05846153846154,360.29230769230776,0.8024,0.3779
风电3-光伏4,3,4,36.0,11:00-12:00,12,3.9000000000000004,9.3,1.28,10.58,0.0,6.423076923076923,0.2569230769230769,10.58,0.0,0.0,0,1,1,0,0.0,102.76923076923077,513.8461538461538,0.8024,0.3779
风电3-光伏4,3,4,36.0,12:00-13:00,13,3.2598000000000003,9.012,5.12,14.132000000000001,0.0,10.454038461538463,0.41816153846153853,14.132000000000001,0.0,0.0,0,1,1,0,0.0,167.2646153846154,836.3230769230771,0.8024,0.3779
风电3-光伏4,3,4,36.0,13:00-14:00,14,2.6898,10.704,7.68,18.384,0.0,15.090576923076924,0.6036230769230769,18.384,0.0,0.0,0,1,1,0,0.0,241.44923076923078,1207.246153846154,0.8024,0.3779
风电3-光伏4,3,4,36.0,14:00-15:00,15,3.63,10.604,5.12,15.724,0.0,11.628846153846155,0.4651538461538462,15.724,0.0,0.0,0,1,1,0,0.0,186.06153846153848,930.3076923076924,0.8024,0.3779
风电3-光伏4,3,4,36.0,15:00-16:00,16,3.8202000000000003,14.552,1.28,15.831999999999999,0.0,11.549807692307692,0.46199230769230765,15.831999999999999,0.0,0.0,0,1,1,0,0.0,184.79692307692306,923.9846153846153,0.6074,0.3779
风电3-光伏4,3,4,36.0,16:00-17:00,17,3.75,13.724,0.0,13.724,0.0,9.590384615384616,0.38361538461538464,13.724,0.0,0.0,0,1,1,0,0.0,153.44615384615386,767.2307692307693,0.6074,0.3779
风电3-光伏4,3,4,36.0,17:00-18:00,18,3.1398,12.347999999999999,0.0,12.347999999999999,0.0,8.854038461538458,0.35416153846153836,12.347999999999997,0.0,1.7763568394002505e-15,0,1,1,0,0.0,141.66461538461533,708.3230769230768,0.6074,0.3779
风电3-光伏4,3,4,36.0,18:00-19:00,19,2.61,12.152000000000001,0.0,12.152000000000001,0.0,9.175000000000002,0.36700000000000005,12.152000000000003,1.7763568394002505e-15,0.0,0,1,1,0,0.0,146.80000000000004,734.0000000000001,0.8024,0.3779
风电3-光伏4,3,4,36.0,19:00-20:00,20,2.1198,9.236,0.0,9.236,0.0,6.842500000000001,0.27370000000000005,9.236,0.0,0.0,0,1,1,0,0.0,109.48000000000002,547.4000000000001,0.8024,0.3779
风电3-光伏4,3,4,36.0,20:00-21:00,21,1.8599999999999999,7.228,0.0,7.228,0.0,5.161538461538462,0.20646153846153847,7.228000000000001,8.881784197001252e-16,0.0,0,1,1,0,0.0,82.58461538461539,412.92307692307696,0.8024,0.3779
风电3-光伏4,3,4,36.0,21:00-22:00,22,1.6301999999999999,6.252,0.0,6.252,0.0,4.444038461538422,0.17776153846153828,6.251999999999959,0.0,4.085620730620576e-14,0,1,1,0,0.0,71.10461538461475,355.52307692307653,0.6074,0.3779
风电3-光伏4,3,4,36.0,22:00-23:00,23,1.56,6.452,0.0,6.452,0.0,4.703846153846154,0.18815384615384614,6.452000000000001,8.881784197001252e-16,0.0,0,1,1,0,0.0,75.26153846153846,376.30769230769226,0.6074,0.3779
风电3-光伏4,3,4,36.0,23:00-24:00,24,1.4802,7.972,0.0,7.972,20.0,20.0,1.5,42.980199999999996,35.008199999999995,0.0,1,1,1,1,280.0,320.0,3000.0,0.3424,0.3779
风电4-光伏1,4,1,72.0,0:00-1:00,1,1.3698000000000001,13.495999999999999,0.0,13.495999999999999,20.0,20.0,1.5,42.8698,29.3738,0.0,1,1,1,1,280.0,320.0,3000.0,0.3424,0.3779
风电4-光伏1,4,1,72.0,1:00-2:00,2,1.0997999999999999,14.084000000000001,0.0,14.084000000000001,20.0,20.0,1.5,42.5998,28.5158,0.0,1,1,1,1,280.0,320.0,3000.0,0.3424,0.3779
风电4-光伏1,4,1,72.0,2:00-3:00,3,0.7998000000000001,13.091999999999999,0.0,13.091999999999999,20.0,20.0,1.5,42.299800000000005,29.207800000000006,0.0,1,1,1,1,280.0,320.0,3000.0,0.3424,0.3779
风电4-光伏1,4,1,72.0,3:00-4:00,4,0.99,20.168,0.0,20.168,20.0,20.0,1.5,42.489999999999995,22.321999999999996,0.0,1,1,1,1,280.0,320.0,3000.0,0.3424,0.3779
风电4-光伏1,4,1,72.0,4:00-5:00,5,1.1802000000000001,19.276,0.0,19.276,20.0,20.0,1.5,42.6802,23.4042,0.0,1,1,1,1,280.0,320.0,3000.0,0.3424,0.3779
风电4-光伏1,4,1,72.0,5:00-6:00,6,1.6301999999999999,23.08,0.0,23.08,20.0,20.0,1.5,43.1302,20.050200000000004,0.0,1,1,1,1,280.0,320.0,3000.0,0.3424,0.3779
风电4-光伏1,4,1,72.0,6:00-7:00,7,2.5002,28.355999999999998,14.08,42.436,20.0,20.0,1.5,44.0002,1.5641999999999996,0.0,1,1,1,1,280.0,320.0,3000.0,0.3424,0.3779
风电4-光伏1,4,1,72.0,7:00-8:00,8,3.3701999999999996,26.36,25.6,51.96,20.0,20.0,1.5,44.8702,0.0,7.089800000000004,1,1,1,0,280.0,320.0,3000.0,0.6074,0.3779
风电4-光伏1,4,1,72.0,8:00-9:00,9,4.0098,25.076,37.12,62.196,20.0,20.0,1.5,45.5098,0.0,16.6862,1,1,1,0,280.0,320.0,3000.0,0.6074,0.3779
风电4-光伏1,4,1,72.0,9:00-10:00,10,4.199999999999999,22.112,46.08,68.192,20.0,20.0,1.5,45.7,0.0,22.49199999999999,1,1,1,0,280.0,320.0,3000.0,0.6074,0.3779
风电4-光伏1,4,1,72.0,10:00-11:00,11,4.1202,8.995999999999999,52.48,61.476,20.0,20.0,1.5,45.6202,0.0,15.855800000000002,1,1,1,0,280.0,320.0,3000.0,0.8024,0.3779
风电4-光伏1,4,1,72.0,11:00-12:00,12,3.9000000000000004,7.652,55.04,62.692,20.0,20.0,1.5,45.4,0.0,17.292,1,1,1,0,280.0,320.0,3000.0,0.8024,0.3779
风电4-光伏1,4,1,72.0,12:00-13:00,13,3.2598000000000003,10.815999999999999,56.32,67.136,20.0,20.0,1.5,44.7598,0.0,22.376199999999997,1,1,1,0,280.0,320.0,3000.0,0.8024,0.3779
风电4-光伏1,4,1,72.0,13:00-14:00,14,2.6898,10.952,56.32,67.272,20.0,20.0,1.5,44.1898,0.0,23.082200000000007,1,1,1,0,280.0,320.0,3000.0,0.8024,0.3779
风电4-光伏1,4,1,72.0,14:00-15:00,15,3.63,15.152000000000001,52.48,67.632,20.0,20.0,1.5,45.129999999999995,0.0,22.50200000000001,1,1,1,0,280.0,320.0,3000.0,0.8024,0.3779
风电4-光伏1,4,1,72.0,15:00-16:00,16,3.8202000000000003,21.66,44.8,66.46,20.0,20.0,1.5,45.3202,0.0,21.139799999999994,1,1,1,0,280.0,320.0,3000.0,0.6074,0.3779
风电4-光伏1,4,1,72.0,16:00-17:00,17,3.75,17.16,33.28,50.44,20.0,20.0,1.5,45.25,0.0,5.189999999999998,1,1,1,0,280.0,320.0,3000.0,0.6074,0.3779
风电4-光伏1,4,1,72.0,17:00-18:00,18,3.1398,16.612000000000002,24.32,40.932,20.0,20.0,1.5,44.6398,3.707799999999999,0.0,1,1,1,1,280.0,320.0,3000.0,0.6074,0.3779
风电4-光伏1,4,1,72.0,18:00-19:00,19,2.61,15.328,11.52,26.848,20.0,20.0,1.5,44.11,17.262,0.0,1,1,1,1,280.0,320.0,3000.0,0.8024,0.3779
风电4-光伏1,4,1,72.0,19:00-20:00,20,2.1198,9.416,0.0,9.416,20.0,20.0,1.5,43.6198,34.2038,0.0,1,1,1,1,280.0,320.0,3000.0,0.8024,0.3779
风电4-光伏1,4,1,72.0,20:00-21:00,21,1.8599999999999999,8.808,0.0,8.808,20.0,20.0,1.5,43.36,34.552,0.0,1,1,1,1,280.0,320.0,3000.0,0.8024,0.3779
风电4-光伏1,4,1,72.0,21:00-22:00,22,1.6301999999999999,5.215999999999999,0.0,5.215999999999999,20.0,20.0,1.5,43.1302,37.9142,0.0,1,1,1,1,280.0,320.0,3000.0,0.6074,0.3779
风电4-光伏1,4,1,72.0,22:00-23:00,23,1.56,6.151999999999999,0.0,6.151999999999999,20.0,20.0,1.5,43.06,36.908,0.0,1,1,1,1,280.0,320.0,3000.0,0.6074,0.3779
风电4-光伏1,4,1,72.0,23:00-24:00,24,1.4802,8.464,0.0,8.464,20.0,20.0,1.5,42.980199999999996,34.5162,0.0,1,1,1,1,280.0,320.0,3000.0,0.3424,0.3779
风电4-光伏1,4,1,63.0,0:00-1:00,1,1.3698000000000001,13.495999999999999,0.0,13.495999999999999,20.0,20.0,1.5,42.8698,29.3738,0.0,1,1,1,1,280.0,320.0,3000.0,0.3424,0.3779
风电4-光伏1,4,1,63.0,1:00-2:00,2,1.0997999999999999,14.084000000000001,0.0,14.084000000000001,20.0,20.0,1.5,42.5998,28.5158,0.0,1,1,1,1,280.0,320.0,3000.0,0.3424,0.3779
风电4-光伏1,4,1,63.0,2:00-3:00,3,0.7998000000000001,13.091999999999999,0.0,13.091999999999999,20.0,20.0,1.5,42.299800000000005,29.207800000000006,0.0,1,1,1,1,280.0,320.0,3000.0,0.3424,0.3779
风电4-光伏1,4,1,63.0,3:00-4:00,4,0.99,20.168,0.0,20.168,20.0,19.999999999999993,1.4999999999999998,42.489999999999995,22.321999999999996,0.0,1,1,1,1,280.0,319.9999999999999,2999.9999999999995,0.3424,0.3779
风电4-光伏1,4,1,63.0,4:00-5:00,5,1.1802000000000001,19.276,0.0,19.276,20.0,20.0,1.5,42.6802,23.4042,0.0,1,1,1,1,280.0,320.0,3000.0,0.3424,0.3779
风电4-光伏1,4,1,63.0,5:00-6:00,6,1.6301999999999999,23.08,0.0,23.08,20.0,19.999999999999993,1.4999999999999998,43.13019999999999,20.05019999999999,0.0,1,1,1,1,280.0,319.9999999999999,2999.9999999999995,0.3424,0.3779
风电4-光伏1,4,1,63.0,6:00-7:00,7,2.5002,28.355999999999998,14.08,42.436,20.0,20.0,1.5,44.0002,1.5641999999999996,0.0,1,1,1,1,280.0,320.0,3000.0,0.3424,0.3779
风电4-光伏1,4,1,63.0,7:00-8:00,8,3.3701999999999996,26.36,25.6,51.96,20.0,20.0,1.5,44.8702,0.0,7.089800000000004,1,1,1,0,280.0,320.0,3000.0,0.6074,0.3779
风电4-光伏1,4,1,63.0,8:00-9:00,9,4.0098,25.076,37.12,62.196,20.0,20.0,1.5,45.5098,0.0,16.6862,1,1,1,0,280.0,320.0,3000.0,0.6074,0.3779
风电4-光伏1,4,1,63.0,9:00-10:00,10,4.199999999999999,22.112,46.08,68.192,20.0,20.0,1.5,45.7,0.0,22.49199999999999,1,1,1,0,280.0,320.0,3000.0,0.6074,0.3779
风电4-光伏1,4,1,63.0,10:00-11:00,11,4.1202,8.995999999999999,52.48,61.476,20.0,20.0,1.5,45.6202,0.0,15.855800000000002,1,1,1,0,280.0,320.0,3000.0,0.8024,0.3779
风电4-光伏1,4,1,63.0,11:00-12:00,12,3.9000000000000004,7.652,55.04,62.692,20.0,20.0,1.5,45.4,0.0,17.292,1,1,1,0,280.0,320.0,3000.0,0.8024,0.3779
风电4-光伏1,4,1,63.0,12:00-13:00,13,3.2598000000000003,10.815999999999999,56.32,67.136,20.0,20.0,1.5,44.7598,0.0,22.376199999999997,1,1,1,0,280.0,320.0,3000.0,0.8024,0.3779
风电4-光伏1,4,1,63.0,13:00-14:00,14,2.6898,10.952,56.32,67.272,20.0,20.0,1.5,44.1898,0.0,23.082200000000007,1,1,1,0,280.0,320.0,3000.0,0.8024,0.3779
风电4-光伏1,4,1,63.0,14:00-15:00,15,3.63,15.152000000000001,52.48,67.632,20.0,20.0,1.5,45.129999999999995,0.0,22.50200000000001,1,1,1,0,280.0,320.0,3000.0,0.8024,0.3779
风电4-光伏1,4,1,63.0,15:00-16:00,16,3.8202000000000003,21.66,44.8,66.46,20.0,20.0,1.5,45.3202,0.0,21.139799999999994,1,1,1,0,280.0,320.0,3000.0,0.6074,0.3779
风电4-光伏1,4,1,63.0,16:00-17:00,17,3.75,17.16,33.28,50.44,20.0,20.0,1.5,45.25,0.0,5.189999999999998,1,1,1,0,280.0,320.0,3000.0,0.6074,0.3779
风电4-光伏1,4,1,63.0,17:00-18:00,18,3.1398,16.612000000000002,24.32,40.932,18.168150979455266,19.999999999999993,1.4358852842809342,42.74383626373619,1.8118362637361898,0.0,1,1,1,1,254.35411371237373,319.9999999999999,2871.7705685618685,0.6074,0.3779
风电4-光伏1,4,1,63.0,18:00-19:00,19,2.61,15.328,11.52,26.848,3.3217391304347808,20.0,0.9162608695652174,26.848,0.0,0.0,1,1,1,0,46.50434782608693,320.0,1832.5217391304348,0.8024,0.3779
风电4-光伏1,4,1,63.0,19:00-20:00,20,2.1198,9.416,0.0,9.416,0.0,7.015576923076924,0.280623076923077,9.416,0.0,0.0,0,1,1,0,0.0,112.24923076923078,561.2461538461539,0.8024,0.3779
风电4-光伏1,4,1,63.0,20:00-21:00,21,1.8599999999999999,8.808,0.0,8.808,0.0,6.680769230769232,0.26723076923076927,8.808000000000002,1.7763568394002505e-15,0.0,0,1,1,0,0.0,106.89230769230771,534.4615384615386,0.8024,0.3779
风电4-光伏1,4,1,63.0,21:00-22:00,22,1.6301999999999999,5.215999999999999,0.0,5.215999999999999,0.0,20.0,0.8,22.4302,17.214199999999998,0.0,0,1,1,1,0.0,320.0,1600.0,0.6074,0.3779
风电4-光伏1,4,1,63.0,22:00-23:00,23,1.56,6.151999999999999,0.0,6.151999999999999,0.0,20.0,0.8,22.36,16.208,0.0,0,1,1,1,0.0,320.0,1600.0,0.6074,0.3779
风电4-光伏1,4,1,63.0,23:00-24:00,24,1.4802,8.464,0.0,8.464,19.999999999999982,20.0,1.4999999999999996,42.98019999999998,34.516199999999984,0.0,1,1,1,1,279.9999999999998,320.0,2999.999999999999,0.3424,0.3779
风电4-光伏1,4,1,54.0,0:00-1:00,1,1.3698000000000001,13.495999999999999,0.0,13.495999999999999,20.0,20.0,1.5,42.8698,29.3738,0.0,1,1,1,1,280.0,320.0,3000.0,0.3424,0.3779
风电4-光伏1,4,1,54.0,1:00-2:00,2,1.0997999999999999,14.084000000000001,0.0,14.084000000000001,20.0,20.0,1.5,42.5998,28.5158,0.0,1,1,1,1,280.0,320.0,3000.0,0.3424,0.3779
风电4-光伏1,4,1,54.0,2:00-3:00,3,0.7998000000000001,13.091999999999999,0.0,13.091999999999999,20.0,20.0,1.5,42.299800000000005,29.207800000000006,0.0,1,1,1,1,280.0,320.0,3000.0,0.3424,0.3779
风电4-光伏1,4,1,54.0,3:00-4:00,4,0.99,20.168,0.0,20.168,19.999999999999996,19.999999999999996,1.4999999999999998,42.489999999999995,22.321999999999996,0.0,1,1,1,1,279.99999999999994,319.99999999999994,2999.9999999999995,0.3424,0.3779
风电4-光伏1,4,1,54.0,4:00-5:00,5,1.1802000000000001,19.276,0.0,19.276,20.0,20.0,1.5,42.6802,23.4042,0.0,1,1,1,1,280.0,320.0,3000.0,0.3424,0.3779
风电4-光伏1,4,1,54.0,5:00-6:00,6,1.6301999999999999,23.08,0.0,23.08,20.0,19.999999999999993,1.4999999999999998,43.13019999999999,20.05019999999999,0.0,1,1,1,1,280.0,319.9999999999999,2999.9999999999995,0.3424,0.3779
风电4-光伏1,4,1,54.0,6:00-7:00,7,2.5002,28.355999999999998,14.08,42.436,20.0,20.0,1.5,44.0002,1.5641999999999996,0.0,1,1,1,1,280.0,320.0,3000.0,0.3424,0.3779
风电4-光伏1,4,1,54.0,7:00-8:00,8,3.3701999999999996,26.36,25.6,51.96,20.0,20.0,1.5,44.8702,0.0,7.089800000000004,1,1,1,0,280.0,320.0,3000.0,0.6074,0.3779
风电4-光伏1,4,1,54.0,8:00-9:00,9,4.0098,25.076,37.12,62.196,17.169009137694317,20.0,1.400915319819301,42.57972445751361,0.0,19.616275542486385,1,1,1,0,240.36612792772044,320.0,2801.830639638602,0.6074,0.3779
风电4-光伏1,4,1,54.0,9:00-10:00,10,4.199999999999999,22.112,46.08,68.192,20.0,20.0,1.5,45.7,0.0,22.49199999999999,1,1,1,0,280.0,320.0,3000.0,0.6074,0.3779
风电4-光伏1,4,1,54.0,10:00-11:00,11,4.1202,8.995999999999999,52.48,61.476,0.0,20.0,0.8,24.9202,0.0,36.5558,0,1,1,0,0.0,320.0,1600.0,0.8024,0.3779
风电4-光伏1,4,1,54.0,11:00-12:00,12,3.9000000000000004,7.652,55.04,62.692,20.0,20.0,1.5,45.4,0.0,17.292,1,1,1,0,280.0,320.0,3000.0,0.8024,0.3779
风电4-光伏1,4,1,54.0,12:00-13:00,13,3.2598000000000003,10.815999999999999,56.32,67.136,0.0,20.0,0.7999999999999999,24.0598,0.0,43.0762,0,1,1,0,0.0,320.0,1599.9999999999998,0.8024,0.3779
风电4-光伏1,4,1,54.0,13:00-14:00,14,2.6898,10.952,56.32,67.272,0.0,20.0,0.8,23.4898,0.0,43.7822,0,1,1,0,0.0,320.0,1600.0,0.8024,0.3779
风电4-光伏1,4,1,54.0,14:00-15:00,15,3.63,15.152000000000001,52.48,67.632,20.0,20.0,1.5,45.129999999999995,0.0,22.50200000000001,1,1,1,0,280.0,320.0,3000.0,0.8024,0.3779
风电4-光伏1,4,1,54.0,15:00-16:00,16,3.8202000000000003,21.66,44.8,66.46,20.0,20.0,1.5,45.3202,0.0,21.139799999999994,1,1,1,0,280.0,320.0,3000.0,0.6074,0.3779
风电4-光伏1,4,1,54.0,16:00-17:00,17,3.75,17.16,33.28,50.44,0.0,20.0,0.7999999999999999,24.55,0.0,25.889999999999997,0,1,1,0,0.0,320.0,1599.9999999999998,0.6074,0.3779
风电4-光伏1,4,1,54.0,17:00-18:00,18,3.1398,16.612000000000002,24.32,40.932,16.4175845410628,20.000000000000007,1.3746154589371982,40.93200000000001,7.105427357601002e-15,0.0,1,1,1,0,229.8461835748792,320.0000000000001,2749.2309178743963,0.6074,0.3779
风电4-光伏1,4,1,54.0,18:00-19:00,19,2.61,15.328,11.52,26.848,0.0,20.0,0.8,23.41,0.0,3.437999999999999,0,1,1,0,0.0,320.0,1600.0,0.8024,0.3779
风电4-光伏1,4,1,54.0,19:00-20:00,20,2.1198,9.416,0.0,9.416,0.0,7.015576923076923,0.280623076923077,9.415999999999999,0.0,1.7763568394002505e-15,0,1,1,0,0.0,112.24923076923076,561.2461538461539,0.8024,0.3779
风电4-光伏1,4,1,54.0,20:00-21:00,21,1.8599999999999999,8.808,0.0,8.808,0.0,6.680769230769232,0.26723076923076927,8.808000000000002,1.7763568394002505e-15,0.0,0,1,1,0,0.0,106.89230769230771,534.4615384615386,0.8024,0.3779
风电4-光伏1,4,1,54.0,21:00-22:00,22,1.6301999999999999,5.215999999999999,0.0,5.215999999999999,0.0,0.0,0.0,1.6301999999999999,0.0,3.5857999999999994,0,0,0,0,0.0,0.0,0.0,0.6074,0.3779
风电4-光伏1,4,1,54.0,22:00-23:00,23,1.56,6.151999999999999,0.0,6.151999999999999,0.0,4.415384615384614,0.17661538461538456,6.151999999999999,0.0,0.0,0,1,1,0,0.0,70.64615384615382,353.2307692307691,0.6074,0.3779
风电4-光伏1,4,1,54.0,23:00-24:00,24,1.4802,8.464,0.0,8.464,19.999999727836332,20.0,1.4999999904742718,42.98019971831061,34.51619971831061,0.0,1,1,1,1,279.99999618970867,320.0,2999.9999809485435,0.3424,0.3779
风电4-光伏1,4,1,45.0,0:00-1:00,1,1.3698000000000001,13.495999999999999,0.0,13.495999999999999,19.999999727836173,20.0,1.499999990474266,42.86979971831044,29.37379971831044,0.0,1,1,1,1,279.9999961897064,320.0,2999.999980948532,0.3424,0.3779
风电4-光伏1,4,1,45.0,1:00-2:00,2,1.0997999999999999,14.084000000000001,0.0,14.084000000000001,20.0,20.0,1.5,42.5998,28.5158,0.0,1,1,1,1,280.0,320.0,3000.0,0.3424,0.3779
风电4-光伏1,4,1,45.0,2:00-3:00,3,0.7998000000000001,13.091999999999999,0.0,13.091999999999999,20.0,20.0,1.5,42.299800000000005,29.207800000000006,0.0,1,1,1,1,280.0,320.0,3000.0,0.3424,0.3779
风电4-光伏1,4,1,45.0,3:00-4:00,4,0.99,20.168,0.0,20.168,20.0,20.0,1.5,42.489999999999995,22.321999999999996,0.0,1,1,1,1,280.0,320.0,3000.0,0.3424,0.3779
风电4-光伏1,4,1,45.0,4:00-5:00,5,1.1802000000000001,19.276,0.0,19.276,20.0,20.0,1.5,42.6802,23.4042,0.0,1,1,1,1,280.0,320.0,3000.0,0.3424,0.3779
风电4-光伏1,4,1,45.0,5:00-6:00,6,1.6301999999999999,23.08,0.0,23.08,20.0,19.999999999999993,1.4999999999999998,43.13019999999999,20.05019999999999,0.0,1,1,1,1,280.0,319.9999999999999,2999.9999999999995,0.3424,0.3779
风电4-光伏1,4,1,45.0,6:00-7:00,7,2.5002,28.355999999999998,14.08,42.436,20.0,20.0,1.5,44.0002,1.5641999999999996,0.0,1,1,1,1,280.0,320.0,3000.0,0.3424,0.3779
风电4-光伏1,4,1,45.0,7:00-8:00,8,3.3701999999999996,26.36,25.6,51.96,0.0,20.0,0.7999999999999999,24.1702,0.0,27.7898,0,1,1,0,0.0,320.0,1599.9999999999998,0.6074,0.3779
风电4-光伏1,4,1,45.0,8:00-9:00,9,4.0098,25.076,37.12,62.196,0.0,20.0,0.7999999999999999,24.8098,0.0,37.3862,0,1,1,0,0.0,320.0,1599.9999999999998,0.6074,0.3779
风电4-光伏1,4,1,45.0,9:00-10:00,10,4.199999999999999,22.112,46.08,68.192,0.0,20.0,0.7999999999999999,25.0,0.0,43.19199999999999,0,1,1,0,0.0,320.0,1599.9999999999998,0.6074,0.3779
风电4-光伏1,4,1,45.0,10:00-11:00,11,4.1202,8.995999999999999,52.48,61.476,0.0,20.0,0.8,24.9202,0.0,36.5558,0,1,1,0,0.0,320.0,1600.0,0.8024,0.3779
风电4-光伏1,4,1,45.0,11:00-12:00,12,3.9000000000000004,7.652,55.04,62.692,0.0,20.0,0.7999999999999999,24.7,0.0,37.992000000000004,0,1,1,0,0.0,320.0,1599.9999999999998,0.8024,0.3779
风电4-光伏1,4,1,45.0,12:00-13:00,13,3.2598000000000003,10.815999999999999,56.32,67.136,0.0,20.0,0.7999999999999999,24.0598,0.0,43.0762,0,1,1,0,0.0,320.0,1599.9999999999998,0.8024,0.3779
风电4-光伏1,4,1,45.0,13:00-14:00,14,2.6898,10.952,56.32,67.272,0.0,20.0,0.8,23.4898,0.0,43.7822,0,1,1,0,0.0,320.0,1600.0,0.8024,0.3779
风电4-光伏1,4,1,45.0,14:00-15:00,15,3.63,15.152000000000001,52.48,67.632,0.0,20.0,0.7999999999999999,24.43,0.0,43.202000000000005,0,1,1,0,0.0,320.0,1599.9999999999998,0.8024,0.3779
风电4-光伏1,4,1,45.0,15:00-16:00,16,3.8202000000000003,21.66,44.8,66.46,0.0,20.0,0.8,24.6202,0.0,41.8398,0,1,1,0,0.0,320.0,1600.0,0.6074,0.3779
风电4-光伏1,4,1,45.0,16:00-17:00,17,3.75,17.16,33.28,50.44,5.015165107328703,20.0,0.9755307787565046,29.740695886085206,0.0,20.699304113914792,1,1,1,0,70.21231150260184,320.0,1951.0615575130093,0.6074,0.3779
风电4-光伏1,4,1,45.0,17:00-18:00,18,3.1398,16.612000000000002,24.32,40.932,0.0,20.0,0.8,23.9398,0.0,16.9922,0,1,1,0,0.0,320.0,1600.0,0.6074,0.3779
风电4-光伏1,4,1,45.0,18:00-19:00,19,2.61,15.328,11.52,26.848,0.0,20.0,0.8,23.41,0.0,3.437999999999999,0,1,1,0,0.0,320.0,1600.0,0.8024,0.3779
风电4-光伏1,4,1,45.0,19:00-20:00,20,2.1198,9.416,0.0,9.416,0.0,7.015576923076924,0.280623076923077,9.416,0.0,0.0,0,1,1,0,0.0,112.24923076923078,561.2461538461539,0.8024,0.3779
风电4-光伏1,4,1,45.0,20:00-21:00,21,1.8599999999999999,8.808,0.0,8.808,0.0,6.680769230769232,0.26723076923076927,8.808000000000002,1.7763568394002505e-15,0.0,0,1,1,0,0.0,106.89230769230771,534.4615384615386,0.8024,0.3779
风电4-光伏1,4,1,45.0,21:00-22:00,22,1.6301999999999999,5.215999999999999,0.0,5.215999999999999,0.0,0.0,0.0,1.6301999999999999,0.0,3.5857999999999994,0,0,0,0,0.0,0.0,0.0,0.6074,0.3779
风电4-光伏1,4,1,45.0,22:00-23:00,23,1.56,6.151999999999999,0.0,6.151999999999999,0.0,4.415384615384614,0.17661538461538456,6.151999999999999,0.0,0.0,0,1,1,0,0.0,70.64615384615382,353.2307692307691,0.6074,0.3779
风电4-光伏1,4,1,45.0,23:00-24:00,24,1.4802,8.464,0.0,8.464,20.000000000000007,20.0,1.5000000000000002,42.98020000000001,34.51620000000001,0.0,1,1,1,1,280.0000000000001,320.0,3000.0000000000005,0.3424,0.3779
风电4-光伏1,4,1,36.0,0:00-1:00,1,1.3698000000000001,13.495999999999999,0.0,13.495999999999999,20.0,20.0,1.5,42.8698,29.3738,0.0,1,1,1,1,280.0,320.0,3000.0,0.3424,0.3779
风电4-光伏1,4,1,36.0,1:00-2:00,2,1.0997999999999999,14.084000000000001,0.0,14.084000000000001,19.99999951818958,20.0,1.4999999831366353,42.59979950132621,28.515799501326207,0.0,1,1,1,1,279.9999932546541,320.0,2999.9999662732707,0.3424,0.3779
风电4-光伏1,4,1,36.0,2:00-3:00,3,0.7998000000000001,13.091999999999999,0.0,13.091999999999999,20.0,20.0,1.5,42.299800000000005,29.207800000000006,0.0,1,1,1,1,280.0,320.0,3000.0,0.3424,0.3779
风电4-光伏1,4,1,36.0,3:00-4:00,4,0.99,20.168,0.0,20.168,19.999999999999996,19.999999999999996,1.4999999999999998,42.489999999999995,22.321999999999996,0.0,1,1,1,1,279.99999999999994,319.99999999999994,2999.9999999999995,0.3424,0.3779
风电4-光伏1,4,1,36.0,4:00-5:00,5,1.1802000000000001,19.276,0.0,19.276,20.0,20.0,1.5,42.6802,23.4042,0.0,1,1,1,1,280.0,320.0,3000.0,0.3424,0.3779
风电4-光伏1,4,1,36.0,5:00-6:00,6,1.6301999999999999,23.08,0.0,23.08,20.0,19.999999999999993,1.4999999999999998,43.13019999999999,20.05019999999999,0.0,1,1,1,1,280.0,319.9999999999999,2999.9999999999995,0.3424,0.3779
风电4-光伏1,4,1,36.0,6:00-7:00,7,2.5002,28.355999999999998,14.08,42.436,0.0,20.0,0.8,23.3002,0.0,19.1358,0,1,1,0,0.0,320.0,1600.0,0.3424,0.3779
风电4-光伏1,4,1,36.0,7:00-8:00,8,3.3701999999999996,26.36,25.6,51.96,0.0,7.500000421584111,0.3000000168633644,11.170200438447475,0.0,40.78979956155253,0,1,1,0,0.0,120.00000674534577,600.0000337267288,0.6074,0.3779
风电4-光伏1,4,1,36.0,8:00-9:00,9,4.0098,25.076,37.12,62.196,0.0,0.0,0.0,4.0098,0.0,58.1862,0,0,0,0,0.0,0.0,0.0,0.6074,0.3779
风电4-光伏1,4,1,36.0,9:00-10:00,10,4.199999999999999,22.112,46.08,68.192,0.0,20.0,0.7999999999999999,25.0,0.0,43.19199999999999,0,1,1,0,0.0,320.0,1599.9999999999998,0.6074,0.3779
风电4-光伏1,4,1,36.0,10:00-11:00,11,4.1202,8.995999999999999,52.48,61.476,0.0,20.0,0.8,24.9202,0.0,36.5558,0,1,1,0,0.0,320.0,1600.0,0.8024,0.3779
风电4-光伏1,4,1,36.0,11:00-12:00,12,3.9000000000000004,7.652,55.04,62.692,0.0,20.0,0.7999999999999999,24.7,0.0,37.992000000000004,0,1,1,0,0.0,320.0,1599.9999999999998,0.8024,0.3779
风电4-光伏1,4,1,36.0,12:00-13:00,13,3.2598000000000003,10.815999999999999,56.32,67.136,0.0,20.0,0.7999999999999999,24.0598,0.0,43.0762,0,1,1,0,0.0,320.0,1599.9999999999998,0.8024,0.3779
风电4-光伏1,4,1,36.0,13:00-14:00,14,2.6898,10.952,56.32,67.272,0.0,20.0,0.8,23.4898,0.0,43.7822,0,1,1,0,0.0,320.0,1600.0,0.8024,0.3779
风电4-光伏1,4,1,36.0,14:00-15:00,15,3.63,15.152000000000001,52.48,67.632,0.0,20.0,0.7999999999999999,24.43,0.0,43.202000000000005,0,1,1,0,0.0,320.0,1599.9999999999998,0.8024,0.3779
风电4-光伏1,4,1,36.0,15:00-16:00,16,3.8202000000000003,21.66,44.8,66.46,0.0,20.0,0.8,24.6202,0.0,41.8398,0,1,1,0,0.0,320.0,1600.0,0.6074,0.3779
风电4-光伏1,4,1,36.0,16:00-17:00,17,3.75,17.16,33.28,50.44,0.0,0.0,0.0,3.75,0.0,46.69,0,0,0,0,0.0,0.0,0.0,0.6074,0.3779
风电4-光伏1,4,1,36.0,17:00-18:00,18,3.1398,16.612000000000002,24.32,40.932,0.0,0.0,0.0,3.1398,0.0,37.7922,0,0,0,0,0.0,0.0,0.0,0.6074,0.3779
风电4-光伏1,4,1,36.0,18:00-19:00,19,2.61,15.328,11.52,26.848,0.0,20.0,0.8,23.41,0.0,3.437999999999999,0,1,1,0,0.0,320.0,1600.0,0.8024,0.3779
风电4-光伏1,4,1,36.0,19:00-20:00,20,2.1198,9.416,0.0,9.416,0.0,0.0,0.0,2.1198,0.0,7.296200000000001,0,0,0,0,0.0,0.0,0.0,0.8024,0.3779
风电4-光伏1,4,1,36.0,20:00-21:00,21,1.8599999999999999,8.808,0.0,8.808,0.0,0.0,0.0,1.8599999999999999,0.0,6.948,0,0,0,0,0.0,0.0,0.0,0.8024,0.3779
风电4-光伏1,4,1,36.0,21:00-22:00,22,1.6301999999999999,5.215999999999999,0.0,5.215999999999999,0.0,0.0,0.0,1.6301999999999999,0.0,3.5857999999999994,0,0,0,0,0.0,0.0,0.0,0.6074,0.3779
风电4-光伏1,4,1,36.0,22:00-23:00,23,1.56,6.151999999999999,0.0,6.151999999999999,0.0,0.0,0.0,1.56,0.0,4.591999999999999,0,0,0,0,0.0,0.0,0.0,0.6074,0.3779
风电4-光伏1,4,1,36.0,23:00-24:00,24,1.4802,8.464,0.0,8.464,20.000000000000007,20.0,1.5000000000000002,42.98020000000001,34.51620000000001,0.0,1,1,1,1,280.0000000000001,320.0,3000.0000000000005,0.3424,0.3779
风电4-光伏2,4,2,72.0,0:00-1:00,1,1.3698000000000001,13.495999999999999,0.0,13.495999999999999,20.0,20.0,1.5,42.8698,29.3738,0.0,1,1,1,1,280.0,320.0,3000.0,0.3424,0.3779
风电4-光伏2,4,2,72.0,1:00-2:00,2,1.0997999999999999,14.084000000000001,0.0,14.084000000000001,20.0,20.0,1.5,42.5998,28.5158,0.0,1,1,1,1,280.0,320.0,3000.0,0.3424,0.3779
风电4-光伏2,4,2,72.0,2:00-3:00,3,0.7998000000000001,13.091999999999999,0.0,13.091999999999999,20.0,20.0,1.5,42.299800000000005,29.207800000000006,0.0,1,1,1,1,280.0,320.0,3000.0,0.3424,0.3779
风电4-光伏2,4,2,72.0,3:00-4:00,4,0.99,20.168,0.0,20.168,20.0,20.0,1.5,42.489999999999995,22.321999999999996,0.0,1,1,1,1,280.0,320.0,3000.0,0.3424,0.3779
风电4-光伏2,4,2,72.0,4:00-5:00,5,1.1802000000000001,19.276,0.0,19.276,20.0,20.0,1.5,42.6802,23.4042,0.0,1,1,1,1,280.0,320.0,3000.0,0.3424,0.3779
风电4-光伏2,4,2,72.0,5:00-6:00,6,1.6301999999999999,23.08,0.0,23.08,20.0,20.0,1.5,43.1302,20.050200000000004,0.0,1,1,1,1,280.0,320.0,3000.0,0.3424,0.3779
风电4-光伏2,4,2,72.0,6:00-7:00,7,2.5002,28.355999999999998,0.0,28.355999999999998,20.0,20.0,1.5,44.0002,15.644200000000001,0.0,1,1,1,1,280.0,320.0,3000.0,0.3424,0.3779
风电4-光伏2,4,2,72.0,7:00-8:00,8,3.3701999999999996,26.36,3.2,29.56,20.0,20.0,1.5,44.8702,15.310199999999998,0.0,1,1,1,1,280.0,320.0,3000.0,0.6074,0.3779
风电4-光伏2,4,2,72.0,8:00-9:00,9,4.0098,25.076,10.88,35.956,20.0,20.0,1.5,45.5098,9.553799999999995,0.0,1,1,1,1,280.0,320.0,3000.0,0.6074,0.3779
风电4-光伏2,4,2,72.0,9:00-10:00,10,4.199999999999999,22.112,17.92,40.032,20.0,20.0,1.5,45.7,5.668000000000006,0.0,1,1,1,1,280.0,320.0,3000.0,0.6074,0.3779
风电4-光伏2,4,2,72.0,10:00-11:00,11,4.1202,8.995999999999999,24.96,33.956,20.0,20.0,1.5,45.6202,11.664199999999994,0.0,1,1,1,1,280.0,320.0,3000.0,0.8024,0.3779
风电4-光伏2,4,2,72.0,11:00-12:00,12,3.9000000000000004,7.652,31.36,39.012,20.0,20.0,1.5,45.4,6.387999999999998,0.0,1,1,1,1,280.0,320.0,3000.0,0.8024,0.3779
风电4-光伏2,4,2,72.0,12:00-13:00,13,3.2598000000000003,10.815999999999999,35.84,46.656000000000006,20.0,20.0,1.5,44.7598,0.0,1.8962000000000074,1,1,1,0,280.0,320.0,3000.0,0.8024,0.3779
风电4-光伏2,4,2,72.0,13:00-14:00,14,2.6898,10.952,37.12,48.071999999999996,20.0,20.0,1.5,44.1898,0.0,3.8821999999999974,1,1,1,0,280.0,320.0,3000.0,0.8024,0.3779
风电4-光伏2,4,2,72.0,14:00-15:00,15,3.63,15.152000000000001,32.0,47.152,20.0,20.0,1.5,45.129999999999995,0.0,2.0220000000000056,1,1,1,0,280.0,320.0,3000.0,0.8024,0.3779
风电4-光伏2,4,2,72.0,15:00-16:00,16,3.8202000000000003,21.66,25.6,47.260000000000005,20.0,20.0,1.5,45.3202,0.0,1.9398000000000053,1,1,1,0,280.0,320.0,3000.0,0.6074,0.3779
风电4-光伏2,4,2,72.0,16:00-17:00,17,3.75,17.16,19.2,36.36,20.0,20.0,1.5,45.25,8.89,0.0,1,1,1,1,280.0,320.0,3000.0,0.6074,0.3779
风电4-光伏2,4,2,72.0,17:00-18:00,18,3.1398,16.612000000000002,9.6,26.212000000000003,20.0,20.0,1.5,44.6398,18.427799999999998,0.0,1,1,1,1,280.0,320.0,3000.0,0.6074,0.3779
风电4-光伏2,4,2,72.0,18:00-19:00,19,2.61,15.328,3.2,18.528,20.0,20.0,1.5,44.11,25.582,0.0,1,1,1,1,280.0,320.0,3000.0,0.8024,0.3779
风电4-光伏2,4,2,72.0,19:00-20:00,20,2.1198,9.416,0.0,9.416,20.0,20.0,1.5,43.6198,34.2038,0.0,1,1,1,1,280.0,320.0,3000.0,0.8024,0.3779
风电4-光伏2,4,2,72.0,20:00-21:00,21,1.8599999999999999,8.808,0.0,8.808,20.0,20.0,1.5,43.36,34.552,0.0,1,1,1,1,280.0,320.0,3000.0,0.8024,0.3779
风电4-光伏2,4,2,72.0,21:00-22:00,22,1.6301999999999999,5.215999999999999,0.0,5.215999999999999,20.0,20.0,1.5,43.1302,37.9142,0.0,1,1,1,1,280.0,320.0,3000.0,0.6074,0.3779
风电4-光伏2,4,2,72.0,22:00-23:00,23,1.56,6.151999999999999,0.0,6.151999999999999,20.0,20.0,1.5,43.06,36.908,0.0,1,1,1,1,280.0,320.0,3000.0,0.6074,0.3779
风电4-光伏2,4,2,72.0,23:00-24:00,24,1.4802,8.464,0.0,8.464,20.0,20.0,1.5,42.980199999999996,34.5162,0.0,1,1,1,1,280.0,320.0,3000.0,0.3424,0.3779
风电4-光伏2,4,2,63.0,0:00-1:00,1,1.3698000000000001,13.495999999999999,0.0,13.495999999999999,20.0,20.0,1.5,42.8698,29.3738,0.0,1,1,1,1,280.0,320.0,3000.0,0.3424,0.3779
风电4-光伏2,4,2,63.0,1:00-2:00,2,1.0997999999999999,14.084000000000001,0.0,14.084000000000001,20.0,20.0,1.5,42.5998,28.5158,0.0,1,1,1,1,280.0,320.0,3000.0,0.3424,0.3779
风电4-光伏2,4,2,63.0,2:00-3:00,3,0.7998000000000001,13.091999999999999,0.0,13.091999999999999,20.0,20.0,1.5,42.299800000000005,29.207800000000006,0.0,1,1,1,1,280.0,320.0,3000.0,0.3424,0.3779
风电4-光伏2,4,2,63.0,3:00-4:00,4,0.99,20.168,0.0,20.168,19.999999999999996,19.999999999999996,1.4999999999999998,42.489999999999995,22.321999999999996,0.0,1,1,1,1,279.99999999999994,319.99999999999994,2999.9999999999995,0.3424,0.3779
风电4-光伏2,4,2,63.0,4:00-5:00,5,1.1802000000000001,19.276,0.0,19.276,20.0,20.0,1.5,42.6802,23.4042,0.0,1,1,1,1,280.0,320.0,3000.0,0.3424,0.3779
风电4-光伏2,4,2,63.0,5:00-6:00,6,1.6301999999999999,23.08,0.0,23.08,20.0,19.999999999999993,1.4999999999999998,43.13019999999999,20.05019999999999,0.0,1,1,1,1,280.0,319.9999999999999,2999.9999999999995,0.3424,0.3779
风电4-光伏2,4,2,63.0,6:00-7:00,7,2.5002,28.355999999999998,0.0,28.355999999999998,20.0,20.0,1.5,44.0002,15.644200000000001,0.0,1,1,1,1,280.0,320.0,3000.0,0.3424,0.3779
风电4-光伏2,4,2,63.0,7:00-8:00,8,3.3701999999999996,26.36,3.2,29.56,20.0,20.0,1.5,44.8702,15.310199999999998,0.0,1,1,1,1,280.0,320.0,3000.0,0.6074,0.3779
风电4-光伏2,4,2,63.0,8:00-9:00,9,4.0098,25.076,10.88,35.956,10.769275362318846,20.0,1.1769246376811595,35.95600000000001,7.105427357601002e-15,0.0,1,1,1,0,150.76985507246383,320.0,2353.849275362319,0.6074,0.3779
风电4-光伏2,4,2,63.0,9:00-10:00,10,4.199999999999999,22.112,17.92,40.032,14.52367149758454,20.0,1.3083285024154587,40.032,0.0,0.0,1,1,1,0,203.33140096618354,320.0,2616.6570048309172,0.6074,0.3779
风电4-光伏2,4,2,63.0,10:00-11:00,11,4.1202,8.995999999999999,24.96,33.956,8.730241545893723,20.0,1.1055584541062802,33.956,0.0,0.0,1,1,1,0,122.22338164251212,320.0,2211.1169082125602,0.8024,0.3779
风电4-光伏2,4,2,63.0,11:00-12:00,12,3.9000000000000004,7.652,31.36,39.012,13.828019801220162,19.999999524747246,1.2839806740325954,39.01200000000001,7.105427357601002e-15,0.0,1,1,1,0,193.59227721708226,319.9999923959559,2567.961348065191,0.8024,0.3779
风电4-光伏2,4,2,63.0,12:00-13:00,13,3.2598000000000003,10.815999999999999,35.84,46.656000000000006,20.000000000000007,20.0,1.5000000000000002,44.759800000000006,0.0,1.8962000000000003,1,1,1,0,280.0000000000001,320.0,3000.0000000000005,0.8024,0.3779
风电4-光伏2,4,2,63.0,13:00-14:00,14,2.6898,10.952,37.12,48.071999999999996,20.0,20.0,1.5,44.1898,0.0,3.8821999999999974,1,1,1,0,280.0,320.0,3000.0,0.8024,0.3779
风电4-光伏2,4,2,63.0,14:00-15:00,15,3.63,15.152000000000001,32.0,47.152,20.000000000000007,20.0,1.5000000000000002,45.13000000000001,0.0,2.0219999999999914,1,1,1,0,280.0000000000001,320.0,3000.0000000000005,0.8024,0.3779
风电4-光伏2,4,2,63.0,15:00-16:00,16,3.8202000000000003,21.66,25.6,47.260000000000005,20.0,20.0,1.5,45.3202,0.0,1.9398000000000053,1,1,1,0,280.0,320.0,3000.0,0.6074,0.3779
风电4-光伏2,4,2,63.0,16:00-17:00,17,3.75,17.16,19.2,36.36,19.999999999999993,20.0,1.4999999999999998,45.24999999999999,8.889999999999993,0.0,1,1,1,1,279.9999999999999,320.0,2999.9999999999995,0.6074,0.3779
风电4-光伏2,4,2,63.0,17:00-18:00,18,3.1398,16.612000000000002,9.6,26.212000000000003,20.0,19.999999999999993,1.4999999999999998,44.639799999999994,18.42779999999999,0.0,1,1,1,1,280.0,319.9999999999999,2999.9999999999995,0.6074,0.3779
风电4-光伏2,4,2,63.0,18:00-19:00,19,2.61,15.328,3.2,18.528,0.0,15.305769230769231,0.6122307692307692,18.528000000000002,3.552713678800501e-15,0.0,0,1,1,0,0.0,244.8923076923077,1224.4615384615386,0.8024,0.3779
风电4-光伏2,4,2,63.0,19:00-20:00,20,2.1198,9.416,0.0,9.416,0.0,7.015576923076924,0.280623076923077,9.416,0.0,0.0,0,1,1,0,0.0,112.24923076923078,561.2461538461539,0.8024,0.3779
风电4-光伏2,4,2,63.0,20:00-21:00,21,1.8599999999999999,8.808,0.0,8.808,0.0,6.680769230769232,0.26723076923076927,8.808000000000002,1.7763568394002505e-15,0.0,0,1,1,0,0.0,106.89230769230771,534.4615384615386,0.8024,0.3779
风电4-光伏2,4,2,63.0,21:00-22:00,22,1.6301999999999999,5.215999999999999,0.0,5.215999999999999,19.0035176108539,20.0,1.4651231163798866,42.098840727233785,36.882840727233784,0.0,1,1,1,1,266.04924655195464,320.0,2930.246232759773,0.6074,0.3779
风电4-光伏2,4,2,63.0,22:00-23:00,23,1.56,6.151999999999999,0.0,6.151999999999999,20.0,19.999999999999993,1.4999999999999998,43.05999999999999,36.90799999999999,0.0,1,1,1,1,280.0,319.9999999999999,2999.9999999999995,0.6074,0.3779
风电4-光伏2,4,2,63.0,23:00-24:00,24,1.4802,8.464,0.0,8.464,20.000000000000007,20.0,1.5000000000000002,42.98020000000001,34.51620000000001,0.0,1,1,1,1,280.0000000000001,320.0,3000.0000000000005,0.3424,0.3779
风电4-光伏2,4,2,54.0,0:00-1:00,1,1.3698000000000001,13.495999999999999,0.0,13.495999999999999,20.0,20.0,1.5,42.8698,29.3738,0.0,1,1,1,1,280.0,320.0,3000.0,0.3424,0.3779
风电4-光伏2,4,2,54.0,1:00-2:00,2,1.0997999999999999,14.084000000000001,0.0,14.084000000000001,20.0,20.0,1.5,42.5998,28.5158,0.0,1,1,1,1,280.0,320.0,3000.0,0.3424,0.3779
风电4-光伏2,4,2,54.0,2:00-3:00,3,0.7998000000000001,13.091999999999999,0.0,13.091999999999999,20.0,20.0,1.5,42.299800000000005,29.207800000000006,0.0,1,1,1,1,280.0,320.0,3000.0,0.3424,0.3779
风电4-光伏2,4,2,54.0,3:00-4:00,4,0.99,20.168,0.0,20.168,20.0,20.0,1.5,42.489999999999995,22.321999999999996,0.0,1,1,1,1,280.0,320.0,3000.0,0.3424,0.3779
风电4-光伏2,4,2,54.0,4:00-5:00,5,1.1802000000000001,19.276,0.0,19.276,20.0,20.0,1.5,42.6802,23.4042,0.0,1,1,1,1,280.0,320.0,3000.0,0.3424,0.3779
风电4-光伏2,4,2,54.0,5:00-6:00,6,1.6301999999999999,23.08,0.0,23.08,20.0,19.999999999999993,1.4999999999999998,43.13019999999999,20.05019999999999,0.0,1,1,1,1,280.0,319.9999999999999,2999.9999999999995,0.3424,0.3779
风电4-光伏2,4,2,54.0,6:00-7:00,7,2.5002,28.355999999999998,0.0,28.355999999999998,20.0,20.0,1.5,44.0002,15.644200000000001,0.0,1,1,1,1,280.0,320.0,3000.0,0.3424,0.3779
风电4-光伏2,4,2,54.0,7:00-8:00,8,3.3701999999999996,26.36,3.2,29.56,5.207536231884055,20.0,0.982263768115942,29.559999999999995,0.0,3.552713678800501e-15,1,1,1,0,72.90550724637677,320.0,1964.527536231884,0.6074,0.3779
风电4-光伏2,4,2,54.0,8:00-9:00,9,4.0098,25.076,10.88,35.956,10.769275362318846,20.0,1.1769246376811595,35.95600000000001,7.105427357601002e-15,0.0,1,1,1,0,150.76985507246383,320.0,2353.849275362319,0.6074,0.3779
风电4-光伏2,4,2,54.0,9:00-10:00,10,4.199999999999999,22.112,17.92,40.032,14.52367149758454,20.0,1.3083285024154587,40.032,0.0,0.0,1,1,1,0,203.33140096618354,320.0,2616.6570048309172,0.6074,0.3779
风电4-光伏2,4,2,54.0,10:00-11:00,11,4.1202,8.995999999999999,24.96,33.956,3.212298136645825,20.000000000000018,0.9124304347826045,28.244928571428446,0.0,5.711071428571557,1,1,1,0,44.97217391304155,320.0000000000003,1824.860869565209,0.8024,0.3779
风电4-光伏2,4,2,54.0,11:00-12:00,12,3.9000000000000004,7.652,31.36,39.012,13.828019323671501,20.0,1.2839806763285024,39.01200000000001,7.105427357601002e-15,0.0,1,1,1,0,193.59227053140103,320.0,2567.9613526570047,0.8024,0.3779
风电4-光伏2,4,2,54.0,12:00-13:00,13,3.2598000000000003,10.815999999999999,35.84,46.656000000000006,20.000000000000007,20.0,1.5000000000000002,44.759800000000006,0.0,1.8962000000000003,1,1,1,0,280.0000000000001,320.0,3000.0000000000005,0.8024,0.3779
风电4-光伏2,4,2,54.0,13:00-14:00,14,2.6898,10.952,37.12,48.071999999999996,20.0,20.0,1.5,44.1898,0.0,3.8821999999999974,1,1,1,0,280.0,320.0,3000.0,0.8024,0.3779
风电4-光伏2,4,2,54.0,14:00-15:00,15,3.63,15.152000000000001,32.0,47.152,20.000000000000007,20.0,1.5000000000000002,45.13000000000001,0.0,2.0219999999999914,1,1,1,0,280.0000000000001,320.0,3000.0000000000005,0.8024,0.3779
风电4-光伏2,4,2,54.0,15:00-16:00,16,3.8202000000000003,21.66,25.6,47.260000000000005,20.0,20.0,1.5,45.3202,0.0,1.9398000000000053,1,1,1,0,280.0,320.0,3000.0,0.6074,0.3779
风电4-光伏2,4,2,54.0,16:00-17:00,17,3.75,17.16,19.2,36.36,11.41062801932367,20.0,1.1993719806763286,36.35999999999999,0.0,7.105427357601002e-15,1,1,1,0,159.7487922705314,320.0,2398.743961352657,0.6074,0.3779
风电4-光伏2,4,2,54.0,17:00-18:00,18,3.1398,16.612000000000002,9.6,26.212000000000003,0.0,20.0,0.7999999999999999,23.9398,0.0,2.2722000000000016,0,1,1,0,0.0,320.0,1599.9999999999998,0.6074,0.3779
风电4-光伏2,4,2,54.0,18:00-19:00,19,2.61,15.328,3.2,18.528,0.0,15.305769230769231,0.6122307692307692,18.528000000000002,3.552713678800501e-15,0.0,0,1,1,0,0.0,244.8923076923077,1224.4615384615386,0.8024,0.3779
风电4-光伏2,4,2,54.0,19:00-20:00,20,2.1198,9.416,0.0,9.416,0.0,7.015576923076924,0.280623076923077,9.416,0.0,0.0,0,1,1,0,0.0,112.24923076923078,561.2461538461539,0.8024,0.3779
风电4-光伏2,4,2,54.0,20:00-21:00,21,1.8599999999999999,8.808,0.0,8.808,0.0,6.680769230769232,0.26723076923076927,8.808000000000002,1.7763568394002505e-15,0.0,0,1,1,0,0.0,106.89230769230771,534.4615384615386,0.8024,0.3779
风电4-光伏2,4,2,54.0,21:00-22:00,22,1.6301999999999999,5.215999999999999,0.0,5.215999999999999,0.0,0.0,0.0,1.6301999999999999,0.0,3.5857999999999994,0,0,0,0,0.0,0.0,0.0,0.6074,0.3779
风电4-光伏2,4,2,54.0,22:00-23:00,23,1.56,6.151999999999999,0.0,6.151999999999999,0.0,4.415384615384614,0.17661538461538456,6.151999999999999,0.0,0.0,0,1,1,0,0.0,70.64615384615382,353.2307692307691,0.6074,0.3779
风电4-光伏2,4,2,54.0,23:00-24:00,24,1.4802,8.464,0.0,8.464,20.000000000000007,20.0,1.5000000000000002,42.98020000000001,34.51620000000001,0.0,1,1,1,1,280.0000000000001,320.0,3000.0000000000005,0.3424,0.3779
风电4-光伏2,4,2,45.0,0:00-1:00,1,1.3698000000000001,13.495999999999999,0.0,13.495999999999999,20.0,20.0,1.5,42.8698,29.3738,0.0,1,1,1,1,280.0,320.0,3000.0,0.3424,0.3779
风电4-光伏2,4,2,45.0,1:00-2:00,2,1.0997999999999999,14.084000000000001,0.0,14.084000000000001,20.0,20.0,1.5,42.5998,28.5158,0.0,1,1,1,1,280.0,320.0,3000.0,0.3424,0.3779
风电4-光伏2,4,2,45.0,2:00-3:00,3,0.7998000000000001,13.091999999999999,0.0,13.091999999999999,20.0,20.0,1.5,42.299800000000005,29.207800000000006,0.0,1,1,1,1,280.0,320.0,3000.0,0.3424,0.3779
风电4-光伏2,4,2,45.0,3:00-4:00,4,0.99,20.168,0.0,20.168,20.0,20.0,1.5,42.489999999999995,22.321999999999996,0.0,1,1,1,1,280.0,320.0,3000.0,0.3424,0.3779
风电4-光伏2,4,2,45.0,4:00-5:00,5,1.1802000000000001,19.276,0.0,19.276,20.0,20.0,1.5,42.6802,23.4042,0.0,1,1,1,1,280.0,320.0,3000.0,0.3424,0.3779
风电4-光伏2,4,2,45.0,5:00-6:00,6,1.6301999999999999,23.08,0.0,23.08,19.999999727834982,19.999999999999996,1.4999999904742243,43.1301997183092,20.0501997183092,0.0,1,1,1,1,279.99999618968974,319.99999999999994,2999.9999809484484,0.3424,0.3779
风电4-光伏2,4,2,45.0,6:00-7:00,7,2.5002,28.355999999999998,0.0,28.355999999999998,20.0,20.0,1.5,44.0002,15.644200000000001,0.0,1,1,1,1,280.0,320.0,3000.0,0.3424,0.3779
风电4-光伏2,4,2,45.0,7:00-8:00,8,3.3701999999999996,26.36,3.2,29.56,0.0,20.0,0.8,24.1702,0.0,5.3897999999999975,0,1,1,0,0.0,320.0,1600.0,0.6074,0.3779
风电4-光伏2,4,2,45.0,8:00-9:00,9,4.0098,25.076,10.88,35.956,0.0,20.0,0.8,24.8098,0.0,11.146200000000004,0,1,1,0,0.0,320.0,1600.0,0.6074,0.3779
风电4-光伏2,4,2,45.0,9:00-10:00,10,4.199999999999999,22.112,17.92,40.032,0.0,20.0,0.8,25.0,0.0,15.031999999999996,0,1,1,0,0.0,320.0,1600.0,0.6074,0.3779
风电4-光伏2,4,2,45.0,10:00-11:00,11,4.1202,8.995999999999999,24.96,33.956,0.0,20.000000000000004,0.8000000000000002,24.920200000000005,0.0,9.035799999999998,0,1,1,0,0.0,320.00000000000006,1600.0000000000002,0.8024,0.3779
风电4-光伏2,4,2,45.0,11:00-12:00,12,3.9000000000000004,7.652,31.36,39.012,0.0,20.0,0.7999999999999999,24.7,0.0,14.312000000000001,0,1,1,0,0.0,320.0,1599.9999999999998,0.8024,0.3779
风电4-光伏2,4,2,45.0,12:00-13:00,13,3.2598000000000003,10.815999999999999,35.84,46.656000000000006,0.0,20.0,0.8,24.0598,0.0,22.596200000000007,0,1,1,0,0.0,320.0,1600.0,0.8024,0.3779
风电4-光伏2,4,2,45.0,13:00-14:00,14,2.6898,10.952,37.12,48.071999999999996,0.0,20.0,0.8,23.4898,0.0,24.582199999999997,0,1,1,0,0.0,320.0,1600.0,0.8024,0.3779
风电4-光伏2,4,2,45.0,14:00-15:00,15,3.63,15.152000000000001,32.0,47.152,0.0,20.0,0.8,24.43,0.0,22.722,0,1,1,0,0.0,320.0,1600.0,0.8024,0.3779
风电4-光伏2,4,2,45.0,15:00-16:00,16,3.8202000000000003,21.66,25.6,47.260000000000005,10.380000272164933,20.0,1.1633000095257726,35.363500281690705,0.0,11.8964997183093,1,1,1,0,145.32000381030906,320.0,2326.600019051545,0.6074,0.3779
风电4-光伏2,4,2,45.0,16:00-17:00,17,3.75,17.16,19.2,36.36,0.0,20.0,0.7999999999999999,24.55,0.0,11.809999999999999,0,1,1,0,0.0,320.0,1599.9999999999998,0.6074,0.3779
风电4-光伏2,4,2,45.0,17:00-18:00,18,3.1398,16.612000000000002,9.6,26.212000000000003,0.0,20.0,0.7999999999999999,23.9398,0.0,2.2722000000000016,0,1,1,0,0.0,320.0,1599.9999999999998,0.6074,0.3779
风电4-光伏2,4,2,45.0,18:00-19:00,19,2.61,15.328,3.2,18.528,0.0,15.305769230769231,0.6122307692307692,18.528000000000002,3.552713678800501e-15,0.0,0,1,1,0,0.0,244.8923076923077,1224.4615384615386,0.8024,0.3779
风电4-光伏2,4,2,45.0,19:00-20:00,20,2.1198,9.416,0.0,9.416,0.0,7.015576923076924,0.280623076923077,9.416,0.0,0.0,0,1,1,0,0.0,112.24923076923078,561.2461538461539,0.8024,0.3779
风电4-光伏2,4,2,45.0,20:00-21:00,21,1.8599999999999999,8.808,0.0,8.808,0.0,6.680769230769232,0.26723076923076927,8.808000000000002,1.7763568394002505e-15,0.0,0,1,1,0,0.0,106.89230769230771,534.4615384615386,0.8024,0.3779
风电4-光伏2,4,2,45.0,21:00-22:00,22,1.6301999999999999,5.215999999999999,0.0,5.215999999999999,0.0,0.0,0.0,1.6301999999999999,0.0,3.5857999999999994,0,0,0,0,0.0,0.0,0.0,0.6074,0.3779
风电4-光伏2,4,2,45.0,22:00-23:00,23,1.56,6.151999999999999,0.0,6.151999999999999,0.0,4.415384615384614,0.17661538461538456,6.151999999999999,0.0,0.0,0,1,1,0,0.0,70.64615384615382,353.2307692307691,0.6074,0.3779
风电4-光伏2,4,2,45.0,23:00-24:00,24,1.4802,8.464,0.0,8.464,20.0,20.0,1.5,42.980199999999996,34.5162,0.0,1,1,1,1,280.0,320.0,3000.0,0.3424,0.3779
风电4-光伏2,4,2,36.0,0:00-1:00,1,1.3698000000000001,13.495999999999999,0.0,13.495999999999999,20.0,20.0,1.5,42.8698,29.3738,0.0,1,1,1,1,280.0,320.0,3000.0,0.3424,0.3779
风电4-光伏2,4,2,36.0,1:00-2:00,2,1.0997999999999999,14.084000000000001,0.0,14.084000000000001,19.999999518189366,20.0,1.499999983136628,42.59979950132599,28.515799501325986,0.0,1,1,1,1,279.99999325465114,320.0,2999.9999662732557,0.3424,0.3779
风电4-光伏2,4,2,36.0,2:00-3:00,3,0.7998000000000001,13.091999999999999,0.0,13.091999999999999,20.0,20.0,1.5,42.299800000000005,29.207800000000006,0.0,1,1,1,1,280.0,320.0,3000.0,0.3424,0.3779
风电4-光伏2,4,2,36.0,3:00-4:00,4,0.99,20.168,0.0,20.168,19.999999999999996,19.999999999999996,1.4999999999999998,42.489999999999995,22.321999999999996,0.0,1,1,1,1,279.99999999999994,319.99999999999994,2999.9999999999995,0.3424,0.3779
风电4-光伏2,4,2,36.0,4:00-5:00,5,1.1802000000000001,19.276,0.0,19.276,20.0,20.0,1.5,42.6802,23.4042,0.0,1,1,1,1,280.0,320.0,3000.0,0.3424,0.3779
风电4-光伏2,4,2,36.0,5:00-6:00,6,1.6301999999999999,23.08,0.0,23.08,20.0,19.999999999999993,1.4999999999999998,43.13019999999999,20.05019999999999,0.0,1,1,1,1,280.0,319.9999999999999,2999.9999999999995,0.3424,0.3779
风电4-光伏2,4,2,36.0,6:00-7:00,7,2.5002,28.355999999999998,0.0,28.355999999999998,20.0,20.0,1.5,44.0002,15.644200000000001,0.0,1,1,1,1,280.0,320.0,3000.0,0.3424,0.3779
风电4-光伏2,4,2,36.0,7:00-8:00,8,3.3701999999999996,26.36,3.2,29.56,0.0,0.0,0.0,3.3701999999999996,0.0,26.189799999999998,0,0,0,0,0.0,0.0,0.0,0.6074,0.3779
风电4-光伏2,4,2,36.0,8:00-9:00,9,4.0098,25.076,10.88,35.956,0.0,20.0,0.7999999999999999,24.8098,0.0,11.146200000000004,0,1,1,0,0.0,320.0,1599.9999999999998,0.6074,0.3779
风电4-光伏2,4,2,36.0,9:00-10:00,10,4.199999999999999,22.112,17.92,40.032,0.0,0.0,0.0,4.199999999999999,0.0,35.831999999999994,0,0,0,0,0.0,0.0,0.0,0.6074,0.3779
风电4-光伏2,4,2,36.0,10:00-11:00,11,4.1202,8.995999999999999,24.96,33.956,0.0,20.0,0.8,24.9202,0.0,9.035800000000002,0,1,1,0,0.0,320.0,1600.0,0.8024,0.3779
风电4-光伏2,4,2,36.0,11:00-12:00,12,3.9000000000000004,7.652,31.36,39.012,0.0,20.0,0.7999999999999999,24.7,0.0,14.312000000000001,0,1,1,0,0.0,320.0,1599.9999999999998,0.8024,0.3779
风电4-光伏2,4,2,36.0,12:00-13:00,13,3.2598000000000003,10.815999999999999,35.84,46.656000000000006,0.0,20.0,0.8,24.0598,0.0,22.596200000000007,0,1,1,0,0.0,320.0,1600.0,0.8024,0.3779
风电4-光伏2,4,2,36.0,13:00-14:00,14,2.6898,10.952,37.12,48.071999999999996,0.0,10.000000421584353,0.4000000168633741,13.089800438447726,0.0,34.98219956155227,0,1,1,0,0.0,160.00000674534965,800.0000337267483,0.8024,0.3779
风电4-光伏2,4,2,36.0,14:00-15:00,15,3.63,15.152000000000001,32.0,47.152,0.0,0.0,0.0,3.63,0.0,43.522,0,0,0,0,0.0,0.0,0.0,0.8024,0.3779
风电4-光伏2,4,2,36.0,15:00-16:00,16,3.8202000000000003,21.66,25.6,47.260000000000005,0.0,20.0,0.8,24.6202,0.0,22.639800000000005,0,1,1,0,0.0,320.0,1600.0,0.6074,0.3779
风电4-光伏2,4,2,36.0,16:00-17:00,17,3.75,17.16,19.2,36.36,0.0,20.0,0.7999999999999999,24.55,0.0,11.809999999999999,0,1,1,0,0.0,320.0,1599.9999999999998,0.6074,0.3779
风电4-光伏2,4,2,36.0,17:00-18:00,18,3.1398,16.612000000000002,9.6,26.212000000000003,0.0,20.0,0.7999999999999999,23.9398,0.0,2.2722000000000016,0,1,1,0,0.0,320.0,1599.9999999999998,0.6074,0.3779
风电4-光伏2,4,2,36.0,18:00-19:00,19,2.61,15.328,3.2,18.528,0.0,0.0,0.0,2.61,0.0,15.918,0,0,0,0,0.0,0.0,0.0,0.8024,0.3779
风电4-光伏2,4,2,36.0,19:00-20:00,20,2.1198,9.416,0.0,9.416,0.0,0.0,0.0,2.1198,0.0,7.296200000000001,0,0,0,0,0.0,0.0,0.0,0.8024,0.3779
风电4-光伏2,4,2,36.0,20:00-21:00,21,1.8599999999999999,8.808,0.0,8.808,0.0,0.0,0.0,1.8599999999999999,0.0,6.948,0,0,0,0,0.0,0.0,0.0,0.8024,0.3779
风电4-光伏2,4,2,36.0,21:00-22:00,22,1.6301999999999999,5.215999999999999,0.0,5.215999999999999,0.0,0.0,0.0,1.6301999999999999,0.0,3.5857999999999994,0,0,0,0,0.0,0.0,0.0,0.6074,0.3779
风电4-光伏2,4,2,36.0,22:00-23:00,23,1.56,6.151999999999999,0.0,6.151999999999999,0.0,0.0,0.0,1.56,0.0,4.591999999999999,0,0,0,0,0.0,0.0,0.0,0.6074,0.3779
风电4-光伏2,4,2,36.0,23:00-24:00,24,1.4802,8.464,0.0,8.464,20.000000000000007,20.0,1.5000000000000002,42.98020000000001,34.51620000000001,0.0,1,1,1,1,280.0000000000001,320.0,3000.0000000000005,0.3424,0.3779
风电4-光伏3,4,3,72.0,0:00-1:00,1,1.3698000000000001,13.495999999999999,0.0,13.495999999999999,20.0,20.0,1.5,42.8698,29.3738,0.0,1,1,1,1,280.0,320.0,3000.0,0.3424,0.3779
风电4-光伏3,4,3,72.0,1:00-2:00,2,1.0997999999999999,14.084000000000001,0.0,14.084000000000001,20.0,20.0,1.5,42.5998,28.5158,0.0,1,1,1,1,280.0,320.0,3000.0,0.3424,0.3779
风电4-光伏3,4,3,72.0,2:00-3:00,3,0.7998000000000001,13.091999999999999,0.0,13.091999999999999,20.0,20.0,1.5,42.299800000000005,29.207800000000006,0.0,1,1,1,1,280.0,320.0,3000.0,0.3424,0.3779
风电4-光伏3,4,3,72.0,3:00-4:00,4,0.99,20.168,0.0,20.168,20.0,20.0,1.5,42.489999999999995,22.321999999999996,0.0,1,1,1,1,280.0,320.0,3000.0,0.3424,0.3779
风电4-光伏3,4,3,72.0,4:00-5:00,5,1.1802000000000001,19.276,0.0,19.276,20.0,20.0,1.5,42.6802,23.4042,0.0,1,1,1,1,280.0,320.0,3000.0,0.3424,0.3779
风电4-光伏3,4,3,72.0,5:00-6:00,6,1.6301999999999999,23.08,0.0,23.08,20.0,20.0,1.5,43.1302,20.050200000000004,0.0,1,1,1,1,280.0,320.0,3000.0,0.3424,0.3779
风电4-光伏3,4,3,72.0,6:00-7:00,7,2.5002,28.355999999999998,0.0,28.355999999999998,20.0,20.0,1.5,44.0002,15.644200000000001,0.0,1,1,1,1,280.0,320.0,3000.0,0.3424,0.3779
风电4-光伏3,4,3,72.0,7:00-8:00,8,3.3701999999999996,26.36,1.28,27.64,20.0,20.0,1.5,44.8702,17.230199999999996,0.0,1,1,1,1,280.0,320.0,3000.0,0.6074,0.3779
风电4-光伏3,4,3,72.0,8:00-9:00,9,4.0098,25.076,3.2,28.276,20.0,20.0,1.5,45.5098,17.2338,0.0,1,1,1,1,280.0,320.0,3000.0,0.6074,0.3779
风电4-光伏3,4,3,72.0,9:00-10:00,10,4.199999999999999,22.112,5.12,27.232,20.0,20.0,1.5,45.7,18.468000000000004,0.0,1,1,1,1,280.0,320.0,3000.0,0.6074,0.3779
风电4-光伏3,4,3,72.0,10:00-11:00,11,4.1202,8.995999999999999,7.68,16.676,20.0,20.0,1.5,45.6202,28.9442,0.0,1,1,1,1,280.0,320.0,3000.0,0.8024,0.3779
风电4-光伏3,4,3,72.0,11:00-12:00,12,3.9000000000000004,7.652,11.52,19.172,20.0,20.0,1.5,45.4,26.227999999999998,0.0,1,1,1,1,280.0,320.0,3000.0,0.8024,0.3779
风电4-光伏3,4,3,72.0,12:00-13:00,13,3.2598000000000003,10.815999999999999,14.08,24.896,20.0,20.0,1.5,44.7598,19.863799999999998,0.0,1,1,1,1,280.0,320.0,3000.0,0.8024,0.3779
风电4-光伏3,4,3,72.0,13:00-14:00,14,2.6898,10.952,14.08,25.032,20.0,20.0,1.5,44.1898,19.157799999999998,0.0,1,1,1,1,280.0,320.0,3000.0,0.8024,0.3779
风电4-光伏3,4,3,72.0,14:00-15:00,15,3.63,15.152000000000001,11.52,26.672,20.0,20.0,1.5,45.129999999999995,18.457999999999995,0.0,1,1,1,1,280.0,320.0,3000.0,0.8024,0.3779
风电4-光伏3,4,3,72.0,15:00-16:00,16,3.8202000000000003,21.66,7.04,28.7,20.0,20.0,1.5,45.3202,16.6202,0.0,1,1,1,1,280.0,320.0,3000.0,0.6074,0.3779
风电4-光伏3,4,3,72.0,16:00-17:00,17,3.75,17.16,5.12,22.28,20.0,20.0,1.5,45.25,22.97,0.0,1,1,1,1,280.0,320.0,3000.0,0.6074,0.3779
风电4-光伏3,4,3,72.0,17:00-18:00,18,3.1398,16.612000000000002,3.2,19.812,20.0,20.0,1.5,44.6398,24.8278,0.0,1,1,1,1,280.0,320.0,3000.0,0.6074,0.3779
风电4-光伏3,4,3,72.0,18:00-19:00,19,2.61,15.328,1.28,16.608,20.0,20.0,1.5,44.11,27.502,0.0,1,1,1,1,280.0,320.0,3000.0,0.8024,0.3779
风电4-光伏3,4,3,72.0,19:00-20:00,20,2.1198,9.416,0.0,9.416,20.0,20.0,1.5,43.6198,34.2038,0.0,1,1,1,1,280.0,320.0,3000.0,0.8024,0.3779
风电4-光伏3,4,3,72.0,20:00-21:00,21,1.8599999999999999,8.808,0.0,8.808,20.0,20.0,1.5,43.36,34.552,0.0,1,1,1,1,280.0,320.0,3000.0,0.8024,0.3779
风电4-光伏3,4,3,72.0,21:00-22:00,22,1.6301999999999999,5.215999999999999,0.0,5.215999999999999,20.0,20.0,1.5,43.1302,37.9142,0.0,1,1,1,1,280.0,320.0,3000.0,0.6074,0.3779
风电4-光伏3,4,3,72.0,22:00-23:00,23,1.56,6.151999999999999,0.0,6.151999999999999,20.0,20.0,1.5,43.06,36.908,0.0,1,1,1,1,280.0,320.0,3000.0,0.6074,0.3779
风电4-光伏3,4,3,72.0,23:00-24:00,24,1.4802,8.464,0.0,8.464,20.0,20.0,1.5,42.980199999999996,34.5162,0.0,1,1,1,1,280.0,320.0,3000.0,0.3424,0.3779
风电4-光伏3,4,3,63.0,0:00-1:00,1,1.3698000000000001,13.495999999999999,0.0,13.495999999999999,20.0,20.0,1.5,42.8698,29.3738,0.0,1,1,1,1,280.0,320.0,3000.0,0.3424,0.3779
风电4-光伏3,4,3,63.0,1:00-2:00,2,1.0997999999999999,14.084000000000001,0.0,14.084000000000001,20.0,20.0,1.5,42.5998,28.5158,0.0,1,1,1,1,280.0,320.0,3000.0,0.3424,0.3779
风电4-光伏3,4,3,63.0,2:00-3:00,3,0.7998000000000001,13.091999999999999,0.0,13.091999999999999,20.0,20.0,1.5,42.299800000000005,29.207800000000006,0.0,1,1,1,1,280.0,320.0,3000.0,0.3424,0.3779
风电4-光伏3,4,3,63.0,3:00-4:00,4,0.99,20.168,0.0,20.168,19.999999999999996,19.999999999999996,1.4999999999999998,42.489999999999995,22.321999999999996,0.0,1,1,1,1,279.99999999999994,319.99999999999994,2999.9999999999995,0.3424,0.3779
风电4-光伏3,4,3,63.0,4:00-5:00,5,1.1802000000000001,19.276,0.0,19.276,20.0,20.0,1.5,42.6802,23.4042,0.0,1,1,1,1,280.0,320.0,3000.0,0.3424,0.3779
风电4-光伏3,4,3,63.0,5:00-6:00,6,1.6301999999999999,23.08,0.0,23.08,20.0,19.999999999999993,1.4999999999999998,43.13019999999999,20.05019999999999,0.0,1,1,1,1,280.0,319.9999999999999,2999.9999999999995,0.3424,0.3779
风电4-光伏3,4,3,63.0,6:00-7:00,7,2.5002,28.355999999999998,0.0,28.355999999999998,20.0,20.0,1.5,44.0002,15.644200000000001,0.0,1,1,1,1,280.0,320.0,3000.0,0.3424,0.3779
风电4-光伏3,4,3,63.0,7:00-8:00,8,3.3701999999999996,26.36,1.28,27.64,20.0,20.0,1.5,44.8702,17.230199999999996,0.0,1,1,1,1,280.0,320.0,3000.0,0.6074,0.3779
风电4-光伏3,4,3,63.0,8:00-9:00,9,4.0098,25.076,3.2,28.276,20.0,19.999999999999993,1.4999999999999998,45.50979999999999,17.23379999999999,0.0,1,1,1,1,280.0,319.9999999999999,2999.9999999999995,0.6074,0.3779
风电4-光伏3,4,3,63.0,9:00-10:00,10,4.199999999999999,22.112,5.12,27.232,20.0,20.0,1.5,45.7,18.468000000000004,0.0,1,1,1,1,280.0,320.0,3000.0,0.6074,0.3779
风电4-光伏3,4,3,63.0,10:00-11:00,11,4.1202,8.995999999999999,7.68,16.676,0.0,20.0,0.7999999999999999,24.9202,8.244200000000003,0.0,0,1,1,1,0.0,320.0,1599.9999999999998,0.8024,0.3779
风电4-光伏3,4,3,63.0,11:00-12:00,12,3.9000000000000004,7.652,11.52,19.172,0.0,20.0,0.8,24.7,5.527999999999999,0.0,0,1,1,1,0.0,320.0,1600.0,0.8024,0.3779
风电4-光伏3,4,3,63.0,12:00-13:00,13,3.2598000000000003,10.815999999999999,14.08,24.896,9.262387915662389,20.0,1.1241835770481836,33.64637149271057,8.75037149271057,0.0,1,1,1,1,129.67343081927345,320.0,2248.3671540963674,0.8024,0.3779
风电4-光伏3,4,3,63.0,13:00-14:00,14,2.6898,10.952,14.08,25.032,19.999999999999996,19.999999999999996,1.4999999999999998,44.18979999999999,19.15779999999999,0.0,1,1,1,1,279.99999999999994,319.99999999999994,2999.9999999999995,0.8024,0.3779
风电4-光伏3,4,3,63.0,14:00-15:00,15,3.63,15.152000000000001,11.52,26.672,2.1661840260235783,19.999999551024615,0.8758164229518098,26.672000000000004,3.552713678800501e-15,0.0,1,1,1,0,30.326576364330094,319.99999281639384,1751.6328459036197,0.8024,0.3779
风电4-光伏3,4,3,63.0,15:00-16:00,16,3.8202000000000003,21.66,7.04,28.7,20.0,20.0,1.5,45.3202,16.6202,0.0,1,1,1,1,280.0,320.0,3000.0,0.6074,0.3779
风电4-光伏3,4,3,63.0,16:00-17:00,17,3.75,17.16,5.12,22.28,20.0,20.0,1.5,45.25,22.97,0.0,1,1,1,1,280.0,320.0,3000.0,0.6074,0.3779
风电4-光伏3,4,3,63.0,17:00-18:00,18,3.1398,16.612000000000002,3.2,19.812,20.0,19.999999999999993,1.4999999999999998,44.639799999999994,24.827799999999993,0.0,1,1,1,1,280.0,319.9999999999999,2999.9999999999995,0.6074,0.3779
风电4-光伏3,4,3,63.0,18:00-19:00,19,2.61,15.328,1.28,16.608,0.0,20.0,0.7999999999999999,23.41,6.802,0.0,0,1,1,1,0.0,320.0,1599.9999999999998,0.8024,0.3779
风电4-光伏3,4,3,63.0,19:00-20:00,20,2.1198,9.416,0.0,9.416,0.0,19.999999999999996,0.7999999999999999,22.9198,13.503799999999998,0.0,0,1,1,1,0.0,319.99999999999994,1599.9999999999998,0.8024,0.3779
风电4-光伏3,4,3,63.0,20:00-21:00,21,1.8599999999999999,8.808,0.0,8.808,0.0,20.0,0.7999999999999999,22.66,13.852,0.0,0,1,1,1,0.0,320.0,1599.9999999999998,0.8024,0.3779
风电4-光伏3,4,3,63.0,21:00-22:00,22,1.6301999999999999,5.215999999999999,0.0,5.215999999999999,20.0,20.0,1.5,43.1302,37.9142,0.0,1,1,1,1,280.0,320.0,3000.0,0.6074,0.3779
风电4-光伏3,4,3,63.0,22:00-23:00,23,1.56,6.151999999999999,0.0,6.151999999999999,19.999999999999996,19.999999999999996,1.4999999999999998,43.05999999999999,36.90799999999999,0.0,1,1,1,1,279.99999999999994,319.99999999999994,2999.9999999999995,0.6074,0.3779
风电4-光伏3,4,3,63.0,23:00-24:00,24,1.4802,8.464,0.0,8.464,20.000000000000007,20.0,1.5000000000000002,42.98020000000001,34.51620000000001,0.0,1,1,1,1,280.0000000000001,320.0,3000.0000000000005,0.3424,0.3779
风电4-光伏3,4,3,54.0,0:00-1:00,1,1.3698000000000001,13.495999999999999,0.0,13.495999999999999,20.0,20.0,1.5,42.8698,29.3738,0.0,1,1,1,1,280.0,320.0,3000.0,0.3424,0.3779
风电4-光伏3,4,3,54.0,1:00-2:00,2,1.0997999999999999,14.084000000000001,0.0,14.084000000000001,20.0,20.0,1.5,42.5998,28.5158,0.0,1,1,1,1,280.0,320.0,3000.0,0.3424,0.3779
风电4-光伏3,4,3,54.0,2:00-3:00,3,0.7998000000000001,13.091999999999999,0.0,13.091999999999999,20.0,20.0,1.5,42.299800000000005,29.207800000000006,0.0,1,1,1,1,280.0,320.0,3000.0,0.3424,0.3779
风电4-光伏3,4,3,54.0,3:00-4:00,4,0.99,20.168,0.0,20.168,19.999999999999996,19.999999999999996,1.4999999999999998,42.489999999999995,22.321999999999996,0.0,1,1,1,1,279.99999999999994,319.99999999999994,2999.9999999999995,0.3424,0.3779
风电4-光伏3,4,3,54.0,4:00-5:00,5,1.1802000000000001,19.276,0.0,19.276,20.0,20.0,1.5,42.6802,23.4042,0.0,1,1,1,1,280.0,320.0,3000.0,0.3424,0.3779
风电4-光伏3,4,3,54.0,5:00-6:00,6,1.6301999999999999,23.08,0.0,23.08,20.0,19.999999999999993,1.4999999999999998,43.13019999999999,20.05019999999999,0.0,1,1,1,1,280.0,319.9999999999999,2999.9999999999995,0.3424,0.3779
风电4-光伏3,4,3,54.0,6:00-7:00,7,2.5002,28.355999999999998,0.0,28.355999999999998,20.0,20.0,1.5,44.0002,15.644200000000001,0.0,1,1,1,1,280.0,320.0,3000.0,0.3424,0.3779
风电4-光伏3,4,3,54.0,7:00-8:00,8,3.3701999999999996,26.36,1.28,27.64,20.0,20.0,1.5,44.8702,17.230199999999996,0.0,1,1,1,1,280.0,320.0,3000.0,0.6074,0.3779
风电4-光伏3,4,3,54.0,8:00-9:00,9,4.0098,25.076,3.2,28.276,3.348985507246376,19.999999999999996,0.9172144927536231,28.275999999999996,0.0,3.552713678800501e-15,1,1,1,0,46.88579710144926,319.99999999999994,1834.4289855072461,0.6074,0.3779
风电4-光伏3,4,3,54.0,9:00-10:00,10,4.199999999999999,22.112,5.12,27.232,20.0,20.0,1.5,45.7,18.468000000000004,0.0,1,1,1,1,280.0,320.0,3000.0,0.6074,0.3779
风电4-光伏3,4,3,54.0,10:00-11:00,11,4.1202,8.995999999999999,7.68,16.676,0.0,12.072884615384613,0.4829153846153845,16.676,0.0,0.0,0,1,1,0,0.0,193.1661538461538,965.8307692307691,0.8024,0.3779
风电4-光伏3,4,3,54.0,11:00-12:00,12,3.9000000000000004,7.652,11.52,19.172,0.0,14.684615384615386,0.5873846153846154,19.172,0.0,0.0,0,1,1,0,0.0,234.95384615384617,1174.7692307692307,0.8024,0.3779
风电4-光伏3,4,3,54.0,12:00-13:00,13,3.2598000000000003,10.815999999999999,14.08,24.896,2.0000004885908953,18.81365335991195,0.8225461514971593,24.896000000000004,3.552713678800501e-15,0.0,1,1,1,0,28.000006840272533,301.0184537585912,1645.0923029943185,0.8024,0.3779
风电4-光伏3,4,3,54.0,13:00-14:00,14,2.6898,10.952,14.08,25.032,2.0,19.492499999999996,0.8496999999999999,25.031999999999996,0.0,3.552713678800501e-15,1,1,1,0,28.0,311.87999999999994,1699.3999999999999,0.8024,0.3779
风电4-光伏3,4,3,54.0,14:00-15:00,15,3.63,15.152000000000001,11.52,26.672,2.166183574879231,20.0,0.8758164251207731,26.672000000000004,3.552713678800501e-15,0.0,1,1,1,0,30.326570048309236,320.0,1751.632850241546,0.8024,0.3779
风电4-光伏3,4,3,54.0,15:00-16:00,16,3.8202000000000003,21.66,7.04,28.7,3.9418357487922693,20.0,0.9379642512077294,28.700000000000003,3.552713678800501e-15,0.0,1,1,1,0,55.18570048309177,320.0,1875.9285024154588,0.6074,0.3779
风电4-光伏3,4,3,54.0,16:00-17:00,17,3.75,17.16,5.12,22.28,20.0,20.0,1.5,45.25,22.97,0.0,1,1,1,1,280.0,320.0,3000.0,0.6074,0.3779
风电4-光伏3,4,3,54.0,17:00-18:00,18,3.1398,16.612000000000002,3.2,19.812,4.006291939492751,20.0,0.9402202178822463,28.086312157374998,8.274312157374997,0.0,1,1,1,1,56.08808715289852,320.0,1880.4404357644926,0.6074,0.3779
风电4-光伏3,4,3,54.0,18:00-19:00,19,2.61,15.328,1.28,16.608,0.0,13.459615384615384,0.5383846153846154,16.608,0.0,0.0,0,1,1,0,0.0,215.35384615384615,1076.7692307692307,0.8024,0.3779
风电4-光伏3,4,3,54.0,19:00-20:00,20,2.1198,9.416,0.0,9.416,0.0,7.015576923076924,0.280623076923077,9.416,0.0,0.0,0,1,1,0,0.0,112.24923076923078,561.2461538461539,0.8024,0.3779
风电4-光伏3,4,3,54.0,20:00-21:00,21,1.8599999999999999,8.808,0.0,8.808,0.0,6.680769230769232,0.26723076923076927,8.808000000000002,1.7763568394002505e-15,0.0,0,1,1,0,0.0,106.89230769230771,534.4615384615386,0.8024,0.3779
风电4-光伏3,4,3,54.0,21:00-22:00,22,1.6301999999999999,5.215999999999999,0.0,5.215999999999999,20.0,20.0,1.5,43.1302,37.9142,0.0,1,1,1,1,280.0,320.0,3000.0,0.6074,0.3779
风电4-光伏3,4,3,54.0,22:00-23:00,23,1.56,6.151999999999999,0.0,6.151999999999999,19.999999999999996,19.999999999999996,1.4999999999999998,43.05999999999999,36.90799999999999,0.0,1,1,1,1,279.99999999999994,319.99999999999994,2999.9999999999995,0.6074,0.3779
风电4-光伏3,4,3,54.0,23:00-24:00,24,1.4802,8.464,0.0,8.464,20.000000000000007,20.0,1.5000000000000002,42.98020000000001,34.51620000000001,0.0,1,1,1,1,280.0000000000001,320.0,3000.0000000000005,0.3424,0.3779
风电4-光伏3,4,3,45.0,0:00-1:00,1,1.3698000000000001,13.495999999999999,0.0,13.495999999999999,20.0,20.0,1.5,42.8698,29.3738,0.0,1,1,1,1,280.0,320.0,3000.0,0.3424,0.3779
风电4-光伏3,4,3,45.0,1:00-2:00,2,1.0997999999999999,14.084000000000001,0.0,14.084000000000001,20.0,20.0,1.5,42.5998,28.5158,0.0,1,1,1,1,280.0,320.0,3000.0,0.3424,0.3779
风电4-光伏3,4,3,45.0,2:00-3:00,3,0.7998000000000001,13.091999999999999,0.0,13.091999999999999,20.0,20.0,1.5,42.299800000000005,29.207800000000006,0.0,1,1,1,1,280.0,320.0,3000.0,0.3424,0.3779
风电4-光伏3,4,3,45.0,3:00-4:00,4,0.99,20.168,0.0,20.168,19.999999999999996,19.999999999999996,1.4999999999999998,42.489999999999995,22.321999999999996,0.0,1,1,1,1,279.99999999999994,319.99999999999994,2999.9999999999995,0.3424,0.3779
风电4-光伏3,4,3,45.0,4:00-5:00,5,1.1802000000000001,19.276,0.0,19.276,20.0,20.0,1.5,42.6802,23.4042,0.0,1,1,1,1,280.0,320.0,3000.0,0.3424,0.3779
风电4-光伏3,4,3,45.0,5:00-6:00,6,1.6301999999999999,23.08,0.0,23.08,20.0,19.999999999999993,1.4999999999999998,43.13019999999999,20.05019999999999,0.0,1,1,1,1,280.0,319.9999999999999,2999.9999999999995,0.3424,0.3779
风电4-光伏3,4,3,45.0,6:00-7:00,7,2.5002,28.355999999999998,0.0,28.355999999999998,20.0,20.0,1.5,44.0002,15.644200000000001,0.0,1,1,1,1,280.0,320.0,3000.0,0.3424,0.3779
风电4-光伏3,4,3,45.0,7:00-8:00,8,3.3701999999999996,26.36,1.28,27.64,3.352463768115943,20.0,0.917336231884058,27.64,0.0,0.0,1,1,1,0,46.9344927536232,320.0,1834.672463768116,0.6074,0.3779
风电4-光伏3,4,3,45.0,8:00-9:00,9,4.0098,25.076,3.2,28.276,3.348985507246376,19.999999999999996,0.9172144927536231,28.275999999999996,0.0,3.552713678800501e-15,1,1,1,0,46.88579710144926,319.99999999999994,1834.4289855072461,0.6074,0.3779
风电4-光伏3,4,3,45.0,9:00-10:00,10,4.199999999999999,22.112,5.12,27.232,2.1565220881174576,19.9999996526908,0.875478259191743,27.232,0.0,0.0,1,1,1,0,30.191309233644407,319.9999944430528,1750.9565183834861,0.6074,0.3779
风电4-光伏3,4,3,45.0,10:00-11:00,11,4.1202,8.995999999999999,7.68,16.676,0.0,12.072884615384613,0.4829153846153845,16.676,0.0,0.0,0,1,1,0,0.0,193.1661538461538,965.8307692307691,0.8024,0.3779
风电4-光伏3,4,3,45.0,11:00-12:00,12,3.9000000000000004,7.652,11.52,19.172,0.0,14.684615384615384,0.5873846153846154,19.171999999999997,0.0,3.552713678800501e-15,0,1,1,0,0.0,234.95384615384614,1174.7692307692307,0.8024,0.3779
风电4-光伏3,4,3,45.0,12:00-13:00,13,3.2598000000000003,10.815999999999999,14.08,24.896,2.0,18.813653846153848,0.8225461538461539,24.896,0.0,0.0,1,1,1,0,28.0,301.01846153846157,1645.092307692308,0.8024,0.3779
风电4-光伏3,4,3,45.0,13:00-14:00,14,2.6898,10.952,14.08,25.032,2.0,19.492499999999996,0.8496999999999999,25.031999999999996,0.0,3.552713678800501e-15,1,1,1,0,28.0,311.87999999999994,1699.3999999999999,0.8024,0.3779
风电4-光伏3,4,3,45.0,14:00-15:00,15,3.63,15.152000000000001,11.52,26.672,2.166183574879231,20.0,0.8758164251207731,26.672000000000004,3.552713678800501e-15,0.0,1,1,1,0,30.326570048309236,320.0,1751.632850241546,0.8024,0.3779
风电4-光伏3,4,3,45.0,15:00-16:00,16,3.8202000000000003,21.66,7.04,28.7,3.9418357487922693,20.0,0.9379642512077294,28.700000000000003,3.552713678800501e-15,0.0,1,1,1,0,55.18570048309177,320.0,1875.9285024154588,0.6074,0.3779
风电4-光伏3,4,3,45.0,16:00-17:00,17,3.75,17.16,5.12,22.28,0.0,17.817307692307693,0.7126923076923077,22.28,0.0,0.0,0,1,1,0,0.0,285.0769230769231,1425.3846153846155,0.6074,0.3779
风电4-光伏3,4,3,45.0,17:00-18:00,18,3.1398,16.612000000000002,3.2,19.812,0.0,16.03096153846154,0.6412384615384615,19.812,0.0,0.0,0,1,1,0,0.0,256.49538461538464,1282.476923076923,0.6074,0.3779
风电4-光伏3,4,3,45.0,18:00-19:00,19,2.61,15.328,1.28,16.608,0.0,13.459615384615386,0.5383846153846155,16.608,0.0,0.0,0,1,1,0,0.0,215.35384615384618,1076.769230769231,0.8024,0.3779
风电4-光伏3,4,3,45.0,19:00-20:00,20,2.1198,9.416,0.0,9.416,0.0,7.015576923076924,0.280623076923077,9.416,0.0,0.0,0,1,1,0,0.0,112.24923076923078,561.2461538461539,0.8024,0.3779
风电4-光伏3,4,3,45.0,20:00-21:00,21,1.8599999999999999,8.808,0.0,8.808,0.0,6.680769230769232,0.26723076923076927,8.808000000000002,1.7763568394002505e-15,0.0,0,1,1,0,0.0,106.89230769230771,534.4615384615386,0.8024,0.3779
风电4-光伏3,4,3,45.0,21:00-22:00,22,1.6301999999999999,5.215999999999999,0.0,5.215999999999999,0.0,15.42148926528262,0.6168595706113048,17.668548835893922,12.452548835893923,0.0,0,1,1,1,0.0,246.74382824452192,1233.7191412226096,0.6074,0.3779
风电4-光伏3,4,3,45.0,22:00-23:00,23,1.56,6.151999999999999,0.0,6.151999999999999,0.0,4.415384615384614,0.17661538461538456,6.151999999999999,0.0,0.0,0,1,1,0,0.0,70.64615384615382,353.2307692307691,0.6074,0.3779
风电4-光伏3,4,3,45.0,23:00-24:00,24,1.4802,8.464,0.0,8.464,19.999999999999993,20.0,1.4999999999999998,42.980199999999996,34.5162,0.0,1,1,1,1,279.9999999999999,320.0,2999.9999999999995,0.3424,0.3779
风电4-光伏3,4,3,36.0,0:00-1:00,1,1.3698000000000001,13.495999999999999,0.0,13.495999999999999,20.0,20.0,1.5,42.8698,29.3738,0.0,1,1,1,1,280.0,320.0,3000.0,0.3424,0.3779
风电4-光伏3,4,3,36.0,1:00-2:00,2,1.0997999999999999,14.084000000000001,0.0,14.084000000000001,20.0,20.0,1.5,42.5998,28.5158,0.0,1,1,1,1,280.0,320.0,3000.0,0.3424,0.3779
风电4-光伏3,4,3,36.0,2:00-3:00,3,0.7998000000000001,13.091999999999999,0.0,13.091999999999999,20.0,20.0,1.5,42.299800000000005,29.207800000000006,0.0,1,1,1,1,280.0,320.0,3000.0,0.3424,0.3779
风电4-光伏3,4,3,36.0,3:00-4:00,4,0.99,20.168,0.0,20.168,19.999999999999996,19.999999999999996,1.4999999999999998,42.489999999999995,22.321999999999996,0.0,1,1,1,1,279.99999999999994,319.99999999999994,2999.9999999999995,0.3424,0.3779
风电4-光伏3,4,3,36.0,4:00-5:00,5,1.1802000000000001,19.276,0.0,19.276,20.0,20.0,1.5,42.6802,23.4042,0.0,1,1,1,1,280.0,320.0,3000.0,0.3424,0.3779
风电4-光伏3,4,3,36.0,5:00-6:00,6,1.6301999999999999,23.08,0.0,23.08,19.999999518186033,19.999999999999996,1.4999999831365112,43.130199501322544,20.050199501322545,0.0,1,1,1,1,279.9999932546045,319.99999999999994,2999.9999662730224,0.3424,0.3779
风电4-光伏3,4,3,36.0,6:00-7:00,7,2.5002,28.355999999999998,0.0,28.355999999999998,20.0,20.0,1.5,44.0002,15.644200000000001,0.0,1,1,1,1,280.0,320.0,3000.0,0.3424,0.3779
风电4-光伏3,4,3,36.0,7:00-8:00,8,3.3701999999999996,26.36,1.28,27.64,0.0,20.0,0.8,24.1702,0.0,3.4697999999999993,0,1,1,0,0.0,320.0,1600.0,0.6074,0.3779
风电4-光伏3,4,3,36.0,8:00-9:00,9,4.0098,25.076,3.2,28.276,0.0,0.0,0.0,4.0098,0.0,24.266199999999998,0,0,0,0,0.0,0.0,0.0,0.6074,0.3779
风电4-光伏3,4,3,36.0,9:00-10:00,10,4.199999999999999,22.112,5.12,27.232,0.0,20.0,0.7999999999999999,25.0,0.0,2.2319999999999993,0,1,1,0,0.0,320.0,1599.9999999999998,0.6074,0.3779
风电4-光伏3,4,3,36.0,10:00-11:00,11,4.1202,8.995999999999999,7.68,16.676,0.0,0.0,0.0,4.1202,0.0,12.555799999999998,0,0,0,0,0.0,0.0,0.0,0.8024,0.3779
风电4-光伏3,4,3,36.0,11:00-12:00,12,3.9000000000000004,7.652,11.52,19.172,0.0,14.684615384615386,0.5873846153846154,19.172,0.0,0.0,0,1,1,0,0.0,234.95384615384617,1174.7692307692307,0.8024,0.3779
风电4-光伏3,4,3,36.0,12:00-13:00,13,3.2598000000000003,10.815999999999999,14.08,24.896,0.0,20.0,0.7999999999999999,24.0598,0.0,0.8362000000000016,0,1,1,0,0.0,320.0,1599.9999999999998,0.8024,0.3779
风电4-光伏3,4,3,36.0,13:00-14:00,14,2.6898,10.952,14.08,25.032,0.0,20.0,0.8,23.4898,0.0,1.5422000000000011,0,1,1,0,0.0,320.0,1600.0,0.8024,0.3779
风电4-光伏3,4,3,36.0,14:00-15:00,15,3.63,15.152000000000001,11.52,26.672,0.0,15.534423498510256,0.6213769399404102,19.785800438450668,0.0,6.886199561549333,0,1,1,0,0.0,248.5507759761641,1242.7538798808205,0.8024,0.3779
风电4-光伏3,4,3,36.0,15:00-16:00,16,3.8202000000000003,21.66,7.04,28.7,0.0,20.0,0.8,24.6202,0.0,4.079799999999999,0,1,1,0,0.0,320.0,1600.0,0.6074,0.3779
风电4-光伏3,4,3,36.0,16:00-17:00,17,3.75,17.16,5.12,22.28,0.0,3.750000000000001,0.14999999999999997,7.650000000000001,0.0,14.629999999999999,0,1,1,0,0.0,60.000000000000014,299.99999999999994,0.6074,0.3779
风电4-光伏3,4,3,36.0,17:00-18:00,18,3.1398,16.612000000000002,3.2,19.812,0.0,16.03096153846154,0.6412384615384615,19.812,0.0,0.0,0,1,1,0,0.0,256.49538461538464,1282.476923076923,0.6074,0.3779
风电4-光伏3,4,3,36.0,18:00-19:00,19,2.61,15.328,1.28,16.608,0.0,0.0,0.0,2.61,0.0,13.998000000000001,0,0,0,0,0.0,0.0,0.0,0.8024,0.3779
风电4-光伏3,4,3,36.0,19:00-20:00,20,2.1198,9.416,0.0,9.416,0.0,0.0,0.0,2.1198,0.0,7.296200000000001,0,0,0,0,0.0,0.0,0.0,0.8024,0.3779
风电4-光伏3,4,3,36.0,20:00-21:00,21,1.8599999999999999,8.808,0.0,8.808,0.0,0.0,0.0,1.8599999999999999,0.0,6.948,0,0,0,0,0.0,0.0,0.0,0.8024,0.3779
风电4-光伏3,4,3,36.0,21:00-22:00,22,1.6301999999999999,5.215999999999999,0.0,5.215999999999999,0.0,0.0,0.0,1.6301999999999999,0.0,3.5857999999999994,0,0,0,0,0.0,0.0,0.0,0.6074,0.3779
风电4-光伏3,4,3,36.0,22:00-23:00,23,1.56,6.151999999999999,0.0,6.151999999999999,0.0,0.0,0.0,1.56,0.0,4.591999999999999,0,0,0,0,0.0,0.0,0.0,0.6074,0.3779
风电4-光伏3,4,3,36.0,23:00-24:00,24,1.4802,8.464,0.0,8.464,20.000000000000007,20.0,1.5000000000000002,42.98020000000001,34.51620000000001,0.0,1,1,1,1,280.0000000000001,320.0,3000.0000000000005,0.3424,0.3779
风电4-光伏4,4,4,72.0,0:00-1:00,1,1.3698000000000001,13.495999999999999,0.0,13.495999999999999,20.0,20.0,1.5,42.8698,29.3738,0.0,1,1,1,1,280.0,320.0,3000.0,0.3424,0.3779
风电4-光伏4,4,4,72.0,1:00-2:00,2,1.0997999999999999,14.084000000000001,0.0,14.084000000000001,20.0,20.0,1.5,42.5998,28.5158,0.0,1,1,1,1,280.0,320.0,3000.0,0.3424,0.3779
风电4-光伏4,4,4,72.0,2:00-3:00,3,0.7998000000000001,13.091999999999999,0.0,13.091999999999999,20.0,20.0,1.5,42.299800000000005,29.207800000000006,0.0,1,1,1,1,280.0,320.0,3000.0,0.3424,0.3779
风电4-光伏4,4,4,72.0,3:00-4:00,4,0.99,20.168,0.0,20.168,20.0,20.0,1.5,42.489999999999995,22.321999999999996,0.0,1,1,1,1,280.0,320.0,3000.0,0.3424,0.3779
风电4-光伏4,4,4,72.0,4:00-5:00,5,1.1802000000000001,19.276,0.0,19.276,20.0,20.0,1.5,42.6802,23.4042,0.0,1,1,1,1,280.0,320.0,3000.0,0.3424,0.3779
风电4-光伏4,4,4,72.0,5:00-6:00,6,1.6301999999999999,23.08,0.0,23.08,20.0,20.0,1.5,43.1302,20.050200000000004,0.0,1,1,1,1,280.0,320.0,3000.0,0.3424,0.3779
风电4-光伏4,4,4,72.0,6:00-7:00,7,2.5002,28.355999999999998,0.0,28.355999999999998,20.0,20.0,1.5,44.0002,15.644200000000001,0.0,1,1,1,1,280.0,320.0,3000.0,0.3424,0.3779
风电4-光伏4,4,4,72.0,7:00-8:00,8,3.3701999999999996,26.36,0.0,26.36,20.0,20.0,1.5,44.8702,18.510199999999998,0.0,1,1,1,1,280.0,320.0,3000.0,0.6074,0.3779
风电4-光伏4,4,4,72.0,8:00-9:00,9,4.0098,25.076,0.0,25.076,20.0,20.0,1.5,45.5098,20.433799999999998,0.0,1,1,1,1,280.0,320.0,3000.0,0.6074,0.3779
风电4-光伏4,4,4,72.0,9:00-10:00,10,4.199999999999999,22.112,0.0,22.112,20.0,20.0,1.5,45.7,23.588000000000005,0.0,1,1,1,1,280.0,320.0,3000.0,0.6074,0.3779
风电4-光伏4,4,4,72.0,10:00-11:00,11,4.1202,8.995999999999999,0.0,8.995999999999999,20.0,20.0,1.5,45.6202,36.6242,0.0,1,1,1,1,280.0,320.0,3000.0,0.8024,0.3779
风电4-光伏4,4,4,72.0,11:00-12:00,12,3.9000000000000004,7.652,1.28,8.932,20.0,20.0,1.5,45.4,36.467999999999996,0.0,1,1,1,1,280.0,320.0,3000.0,0.8024,0.3779
风电4-光伏4,4,4,72.0,12:00-13:00,13,3.2598000000000003,10.815999999999999,5.12,15.936,20.0,20.0,1.5,44.7598,28.8238,0.0,1,1,1,1,280.0,320.0,3000.0,0.8024,0.3779
风电4-光伏4,4,4,72.0,13:00-14:00,14,2.6898,10.952,7.68,18.631999999999998,20.0,20.0,1.5,44.1898,25.5578,0.0,1,1,1,1,280.0,320.0,3000.0,0.8024,0.3779
风电4-光伏4,4,4,72.0,14:00-15:00,15,3.63,15.152000000000001,5.12,20.272000000000002,20.0,20.0,1.5,45.129999999999995,24.857999999999993,0.0,1,1,1,1,280.0,320.0,3000.0,0.8024,0.3779
风电4-光伏4,4,4,72.0,15:00-16:00,16,3.8202000000000003,21.66,1.28,22.94,20.0,20.0,1.5,45.3202,22.3802,0.0,1,1,1,1,280.0,320.0,3000.0,0.6074,0.3779
风电4-光伏4,4,4,72.0,16:00-17:00,17,3.75,17.16,0.0,17.16,20.0,20.0,1.5,45.25,28.09,0.0,1,1,1,1,280.0,320.0,3000.0,0.6074,0.3779
风电4-光伏4,4,4,72.0,17:00-18:00,18,3.1398,16.612000000000002,0.0,16.612000000000002,20.0,20.0,1.5,44.6398,28.0278,0.0,1,1,1,1,280.0,320.0,3000.0,0.6074,0.3779
风电4-光伏4,4,4,72.0,18:00-19:00,19,2.61,15.328,0.0,15.328,20.0,20.0,1.5,44.11,28.782,0.0,1,1,1,1,280.0,320.0,3000.0,0.8024,0.3779
风电4-光伏4,4,4,72.0,19:00-20:00,20,2.1198,9.416,0.0,9.416,20.0,20.0,1.5,43.6198,34.2038,0.0,1,1,1,1,280.0,320.0,3000.0,0.8024,0.3779
风电4-光伏4,4,4,72.0,20:00-21:00,21,1.8599999999999999,8.808,0.0,8.808,20.0,20.0,1.5,43.36,34.552,0.0,1,1,1,1,280.0,320.0,3000.0,0.8024,0.3779
风电4-光伏4,4,4,72.0,21:00-22:00,22,1.6301999999999999,5.215999999999999,0.0,5.215999999999999,20.0,20.0,1.5,43.1302,37.9142,0.0,1,1,1,1,280.0,320.0,3000.0,0.6074,0.3779
风电4-光伏4,4,4,72.0,22:00-23:00,23,1.56,6.151999999999999,0.0,6.151999999999999,20.0,20.0,1.5,43.06,36.908,0.0,1,1,1,1,280.0,320.0,3000.0,0.6074,0.3779
风电4-光伏4,4,4,72.0,23:00-24:00,24,1.4802,8.464,0.0,8.464,20.0,20.0,1.5,42.980199999999996,34.5162,0.0,1,1,1,1,280.0,320.0,3000.0,0.3424,0.3779
风电4-光伏4,4,4,63.0,0:00-1:00,1,1.3698000000000001,13.495999999999999,0.0,13.495999999999999,20.0,20.0,1.5,42.8698,29.3738,0.0,1,1,1,1,280.0,320.0,3000.0,0.3424,0.3779
风电4-光伏4,4,4,63.0,1:00-2:00,2,1.0997999999999999,14.084000000000001,0.0,14.084000000000001,20.0,20.0,1.5,42.5998,28.5158,0.0,1,1,1,1,280.0,320.0,3000.0,0.3424,0.3779
风电4-光伏4,4,4,63.0,2:00-3:00,3,0.7998000000000001,13.091999999999999,0.0,13.091999999999999,20.0,20.0,1.5,42.299800000000005,29.207800000000006,0.0,1,1,1,1,280.0,320.0,3000.0,0.3424,0.3779
风电4-光伏4,4,4,63.0,3:00-4:00,4,0.99,20.168,0.0,20.168,20.0,19.999999999999993,1.4999999999999998,42.489999999999995,22.321999999999996,0.0,1,1,1,1,280.0,319.9999999999999,2999.9999999999995,0.3424,0.3779
风电4-光伏4,4,4,63.0,4:00-5:00,5,1.1802000000000001,19.276,0.0,19.276,20.0,20.0,1.5,42.6802,23.4042,0.0,1,1,1,1,280.0,320.0,3000.0,0.3424,0.3779
风电4-光伏4,4,4,63.0,5:00-6:00,6,1.6301999999999999,23.08,0.0,23.08,20.0,19.999999999999993,1.4999999999999998,43.13019999999999,20.05019999999999,0.0,1,1,1,1,280.0,319.9999999999999,2999.9999999999995,0.3424,0.3779
风电4-光伏4,4,4,63.0,6:00-7:00,7,2.5002,28.355999999999998,0.0,28.355999999999998,20.0,20.0,1.5,44.0002,15.644200000000001,0.0,1,1,1,1,280.0,320.0,3000.0,0.3424,0.3779
风电4-光伏4,4,4,63.0,7:00-8:00,8,3.3701999999999996,26.36,0.0,26.36,20.0,20.0,1.5,44.8702,18.510199999999998,0.0,1,1,1,1,280.0,320.0,3000.0,0.6074,0.3779
风电4-光伏4,4,4,63.0,8:00-9:00,9,4.0098,25.076,0.0,25.076,20.0,19.999999999999993,1.4999999999999998,45.50979999999999,20.43379999999999,0.0,1,1,1,1,280.0,319.9999999999999,2999.9999999999995,0.6074,0.3779
风电4-光伏4,4,4,63.0,9:00-10:00,10,4.199999999999999,22.112,0.0,22.112,19.999999999999993,20.0,1.4999999999999998,45.69999999999999,23.58799999999999,0.0,1,1,1,1,279.9999999999999,320.0,2999.9999999999995,0.6074,0.3779
风电4-光伏4,4,4,63.0,10:00-11:00,11,4.1202,8.995999999999999,0.0,8.995999999999999,0.0,20.0,0.8,24.9202,15.924200000000003,0.0,0,1,1,1,0.0,320.0,1600.0,0.8024,0.3779
风电4-光伏4,4,4,63.0,11:00-12:00,12,3.9000000000000004,7.652,1.28,8.932,11.428571428571274,20.0,1.1999999999999946,36.52857142857127,27.596571428571266,0.0,1,1,1,1,159.99999999999784,320.0,2399.999999999989,0.8024,0.3779
风电4-光伏4,4,4,63.0,12:00-13:00,13,3.2598000000000003,10.815999999999999,5.12,15.936,0.0,20.0,0.7999999999999999,24.0598,8.1238,0.0,0,1,1,1,0.0,320.0,1599.9999999999998,0.8024,0.3779
风电4-光伏4,4,4,63.0,13:00-14:00,14,2.6898,10.952,7.68,18.631999999999998,0.0,20.0,0.7999999999999999,23.4898,4.857800000000001,0.0,0,1,1,1,0.0,320.0,1599.9999999999998,0.8024,0.3779
风电4-光伏4,4,4,63.0,14:00-15:00,15,3.63,15.152000000000001,5.12,20.272000000000002,20.0,20.0,1.5,45.129999999999995,24.857999999999993,0.0,1,1,1,1,280.0,320.0,3000.0,0.8024,0.3779
风电4-光伏4,4,4,63.0,15:00-16:00,16,3.8202000000000003,21.66,1.28,22.94,20.0,20.0,1.5,45.3202,22.3802,0.0,1,1,1,1,280.0,320.0,3000.0,0.6074,0.3779
风电4-光伏4,4,4,63.0,16:00-17:00,17,3.75,17.16,0.0,17.16,20.0,20.0,1.5,45.25,28.09,0.0,1,1,1,1,280.0,320.0,3000.0,0.6074,0.3779
风电4-光伏4,4,4,63.0,17:00-18:00,18,3.1398,16.612000000000002,0.0,16.612000000000002,20.0,19.999999999999993,1.4999999999999998,44.639799999999994,28.027799999999992,0.0,1,1,1,1,280.0,319.9999999999999,2999.9999999999995,0.6074,0.3779
风电4-光伏4,4,4,63.0,18:00-19:00,19,2.61,15.328,0.0,15.328,0.0,20.0,0.8,23.41,8.082,0.0,0,1,1,1,0.0,320.0,1600.0,0.8024,0.3779
风电4-光伏4,4,4,63.0,19:00-20:00,20,2.1198,9.416,0.0,9.416,0.0,20.0,0.7999999999999999,22.919800000000002,13.503800000000002,0.0,0,1,1,1,0.0,320.0,1599.9999999999998,0.8024,0.3779
风电4-光伏4,4,4,63.0,20:00-21:00,21,1.8599999999999999,8.808,0.0,8.808,0.0,20.0,0.7999999999999999,22.66,13.852,0.0,0,1,1,1,0.0,320.0,1599.9999999999998,0.8024,0.3779
风电4-光伏4,4,4,63.0,21:00-22:00,22,1.6301999999999999,5.215999999999999,0.0,5.215999999999999,20.0,20.0,1.5,43.1302,37.9142,0.0,1,1,1,1,280.0,320.0,3000.0,0.6074,0.3779
风电4-光伏4,4,4,63.0,22:00-23:00,23,1.56,6.151999999999999,0.0,6.151999999999999,20.0,19.999999999999993,1.4999999999999998,43.05999999999999,36.90799999999999,0.0,1,1,1,1,280.0,319.9999999999999,2999.9999999999995,0.6074,0.3779
风电4-光伏4,4,4,63.0,23:00-24:00,24,1.4802,8.464,0.0,8.464,19.999999999999982,20.0,1.4999999999999996,42.98019999999998,34.516199999999984,0.0,1,1,1,1,279.9999999999998,320.0,2999.999999999999,0.3424,0.3779
风电4-光伏4,4,4,54.0,0:00-1:00,1,1.3698000000000001,13.495999999999999,0.0,13.495999999999999,20.0,20.0,1.5,42.8698,29.3738,0.0,1,1,1,1,280.0,320.0,3000.0,0.3424,0.3779
风电4-光伏4,4,4,54.0,1:00-2:00,2,1.0997999999999999,14.084000000000001,0.0,14.084000000000001,20.0,20.0,1.5,42.5998,28.5158,0.0,1,1,1,1,280.0,320.0,3000.0,0.3424,0.3779
风电4-光伏4,4,4,54.0,2:00-3:00,3,0.7998000000000001,13.091999999999999,0.0,13.091999999999999,20.0,20.0,1.5,42.299800000000005,29.207800000000006,0.0,1,1,1,1,280.0,320.0,3000.0,0.3424,0.3779
风电4-光伏4,4,4,54.0,3:00-4:00,4,0.99,20.168,0.0,20.168,20.0,19.999999999999993,1.4999999999999998,42.489999999999995,22.321999999999996,0.0,1,1,1,1,280.0,319.9999999999999,2999.9999999999995,0.3424,0.3779
风电4-光伏4,4,4,54.0,4:00-5:00,5,1.1802000000000001,19.276,0.0,19.276,20.0,20.0,1.5,42.6802,23.4042,0.0,1,1,1,1,280.0,320.0,3000.0,0.3424,0.3779
风电4-光伏4,4,4,54.0,5:00-6:00,6,1.6301999999999999,23.08,0.0,23.08,20.0,19.999999999999993,1.4999999999999998,43.13019999999999,20.05019999999999,0.0,1,1,1,1,280.0,319.9999999999999,2999.9999999999995,0.3424,0.3779
风电4-光伏4,4,4,54.0,6:00-7:00,7,2.5002,28.355999999999998,0.0,28.355999999999998,20.0,20.0,1.5,44.0002,15.644200000000001,0.0,1,1,1,1,280.0,320.0,3000.0,0.3424,0.3779
风电4-光伏4,4,4,54.0,7:00-8:00,8,3.3701999999999996,26.36,0.0,26.36,20.0,20.0,1.5,44.8702,18.510199999999998,0.0,1,1,1,1,280.0,320.0,3000.0,0.6074,0.3779
风电4-光伏4,4,4,54.0,8:00-9:00,9,4.0098,25.076,0.0,25.076,20.0,19.999999999999993,1.4999999999999998,45.50979999999999,20.43379999999999,0.0,1,1,1,1,280.0,319.9999999999999,2999.9999999999995,0.6074,0.3779
风电4-光伏4,4,4,54.0,9:00-10:00,10,4.199999999999999,22.112,0.0,22.112,19.999999999999993,20.0,1.4999999999999998,45.69999999999999,23.58799999999999,0.0,1,1,1,1,279.9999999999999,320.0,2999.9999999999995,0.6074,0.3779
风电4-光伏4,4,4,54.0,10:00-11:00,11,4.1202,8.995999999999999,0.0,8.995999999999999,0.0,4.6882692307692295,0.1875307692307692,8.995999999999999,0.0,0.0,0,1,1,0,0.0,75.01230769230767,375.0615384615384,0.8024,0.3779
风电4-光伏4,4,4,54.0,11:00-12:00,12,3.9000000000000004,7.652,1.28,8.932,0.0,4.83846153846154,0.19353846153846155,8.932,0.0,0.0,0,1,1,0,0.0,77.41538461538464,387.0769230769231,0.8024,0.3779
风电4-光伏4,4,4,54.0,12:00-13:00,13,3.2598000000000003,10.815999999999999,5.12,15.936,0.0,12.188653846153846,0.48754615384615385,15.936,0.0,0.0,0,1,1,0,0.0,195.01846153846154,975.0923076923077,0.8024,0.3779
风电4-光伏4,4,4,54.0,13:00-14:00,14,2.6898,10.952,7.68,18.631999999999998,0.0,15.329038461538461,0.6131615384615384,18.632,3.552713678800501e-15,0.0,0,1,1,0,0.0,245.26461538461538,1226.3230769230768,0.8024,0.3779
风电4-光伏4,4,4,54.0,14:00-15:00,15,3.63,15.152000000000001,5.12,20.272000000000002,0.0,16.00192307692308,0.6400769230769232,20.272000000000002,0.0,0.0,0,1,1,0,0.0,256.0307692307693,1280.1538461538464,0.8024,0.3779
风电4-光伏4,4,4,54.0,15:00-16:00,16,3.8202000000000003,21.66,1.28,22.94,20.0,20.0,1.5,45.3202,22.3802,0.0,1,1,1,1,280.0,320.0,3000.0,0.6074,0.3779
风电4-光伏4,4,4,54.0,16:00-17:00,17,3.75,17.16,0.0,17.16,20.0,20.0,1.5,45.25,28.09,0.0,1,1,1,1,280.0,320.0,3000.0,0.6074,0.3779
风电4-光伏4,4,4,54.0,17:00-18:00,18,3.1398,16.612000000000002,0.0,16.612000000000002,15.461098901098811,19.999999999999996,1.3411384615384583,39.942037362637265,23.330037362637263,0.0,1,1,1,1,216.45538461538337,319.99999999999994,2682.276923076917,0.6074,0.3779
风电4-光伏4,4,4,54.0,18:00-19:00,19,2.61,15.328,0.0,15.328,0.0,12.228846153846154,0.48915384615384616,15.328,0.0,0.0,0,1,1,0,0.0,195.66153846153847,978.3076923076924,0.8024,0.3779
风电4-光伏4,4,4,54.0,19:00-20:00,20,2.1198,9.416,0.0,9.416,0.0,7.015576923076924,0.280623076923077,9.416,0.0,0.0,0,1,1,0,0.0,112.24923076923078,561.2461538461539,0.8024,0.3779
风电4-光伏4,4,4,54.0,20:00-21:00,21,1.8599999999999999,8.808,0.0,8.808,0.0,6.680769230769232,0.26723076923076927,8.808000000000002,1.7763568394002505e-15,0.0,0,1,1,0,0.0,106.89230769230771,534.4615384615386,0.8024,0.3779
风电4-光伏4,4,4,54.0,21:00-22:00,22,1.6301999999999999,5.215999999999999,0.0,5.215999999999999,20.0,20.0,1.5,43.1302,37.9142,0.0,1,1,1,1,280.0,320.0,3000.0,0.6074,0.3779
风电4-光伏4,4,4,54.0,22:00-23:00,23,1.56,6.151999999999999,0.0,6.151999999999999,20.0,19.999999999999993,1.4999999999999998,43.05999999999999,36.90799999999999,0.0,1,1,1,1,280.0,319.9999999999999,2999.9999999999995,0.6074,0.3779
风电4-光伏4,4,4,54.0,23:00-24:00,24,1.4802,8.464,0.0,8.464,19.999999999999982,20.0,1.4999999999999996,42.98019999999998,34.516199999999984,0.0,1,1,1,1,279.9999999999998,320.0,2999.999999999999,0.3424,0.3779
风电4-光伏4,4,4,45.0,0:00-1:00,1,1.3698000000000001,13.495999999999999,0.0,13.495999999999999,20.0,20.0,1.5,42.8698,29.3738,0.0,1,1,1,1,280.0,320.0,3000.0,0.3424,0.3779
风电4-光伏4,4,4,45.0,1:00-2:00,2,1.0997999999999999,14.084000000000001,0.0,14.084000000000001,20.0,20.0,1.5,42.5998,28.5158,0.0,1,1,1,1,280.0,320.0,3000.0,0.3424,0.3779
风电4-光伏4,4,4,45.0,2:00-3:00,3,0.7998000000000001,13.091999999999999,0.0,13.091999999999999,20.0,20.0,1.5,42.299800000000005,29.207800000000006,0.0,1,1,1,1,280.0,320.0,3000.0,0.3424,0.3779
风电4-光伏4,4,4,45.0,3:00-4:00,4,0.99,20.168,0.0,20.168,20.0,19.999999999999993,1.4999999999999998,42.489999999999995,22.321999999999996,0.0,1,1,1,1,280.0,319.9999999999999,2999.9999999999995,0.3424,0.3779
风电4-光伏4,4,4,45.0,4:00-5:00,5,1.1802000000000001,19.276,0.0,19.276,20.0,20.0,1.5,42.6802,23.4042,0.0,1,1,1,1,280.0,320.0,3000.0,0.3424,0.3779
风电4-光伏4,4,4,45.0,5:00-6:00,6,1.6301999999999999,23.08,0.0,23.08,20.0,19.999999999999993,1.4999999999999998,43.13019999999999,20.05019999999999,0.0,1,1,1,1,280.0,319.9999999999999,2999.9999999999995,0.3424,0.3779
风电4-光伏4,4,4,45.0,6:00-7:00,7,2.5002,28.355999999999998,0.0,28.355999999999998,20.0,20.0,1.5,44.0002,15.644200000000001,0.0,1,1,1,1,280.0,320.0,3000.0,0.3424,0.3779
风电4-光伏4,4,4,45.0,7:00-8:00,8,3.3701999999999996,26.36,0.0,26.36,2.115748792270531,20.0,0.8740512077294685,26.36,0.0,0.0,1,1,1,1,29.620483091787435,320.0,1748.102415458937,0.6074,0.3779
风电4-光伏4,4,4,45.0,8:00-9:00,9,4.0098,25.076,0.0,25.076,2.0,19.999999617042334,0.8699999846816934,26.879799601724027,1.8037996017240268,0.0,1,1,1,1,28.0,319.99999387267735,1739.9999693633868,0.6074,0.3779
风电4-光伏4,4,4,45.0,9:00-10:00,10,4.199999999999999,22.112,0.0,22.112,1.999999999999996,20.0,0.8699999999999999,27.069999999999997,4.957999999999998,0.0,1,1,1,1,27.999999999999943,320.0,1739.9999999999998,0.6074,0.3779
风电4-光伏4,4,4,45.0,10:00-11:00,11,4.1202,8.995999999999999,0.0,8.995999999999999,0.0,4.6882692307692295,0.1875307692307692,8.995999999999999,0.0,0.0,0,1,1,0,0.0,75.01230769230767,375.0615384615384,0.8024,0.3779
风电4-光伏4,4,4,45.0,11:00-12:00,12,3.9000000000000004,7.652,1.28,8.932,0.0,4.83846153846154,0.19353846153846155,8.932,0.0,0.0,0,1,1,0,0.0,77.41538461538464,387.0769230769231,0.8024,0.3779
风电4-光伏4,4,4,45.0,12:00-13:00,13,3.2598000000000003,10.815999999999999,5.12,15.936,0.0,12.188653846153846,0.48754615384615385,15.936,0.0,0.0,0,1,1,0,0.0,195.01846153846154,975.0923076923077,0.8024,0.3779
风电4-光伏4,4,4,45.0,13:00-14:00,14,2.6898,10.952,7.68,18.631999999999998,0.0,15.329038461538461,0.6131615384615384,18.632,3.552713678800501e-15,0.0,0,1,1,0,0.0,245.26461538461538,1226.3230769230768,0.8024,0.3779
风电4-光伏4,4,4,45.0,14:00-15:00,15,3.63,15.152000000000001,5.12,20.272000000000002,0.0,16.00192307692308,0.6400769230769232,20.272000000000002,0.0,0.0,0,1,1,0,0.0,256.0307692307693,1280.1538461538464,0.8024,0.3779
风电4-光伏4,4,4,45.0,15:00-16:00,16,3.8202000000000003,21.66,1.28,22.94,2.0,20.0,0.87,26.6902,3.7501999999999995,0.0,1,1,1,1,28.0,320.0,1740.0,0.6074,0.3779
风电4-光伏4,4,4,45.0,16:00-17:00,17,3.75,17.16,0.0,17.16,0.0,20.0,0.8,24.55,7.390000000000001,0.0,0,1,1,1,0.0,320.0,1600.0,0.6074,0.3779
风电4-光伏4,4,4,45.0,17:00-18:00,18,3.1398,16.612000000000002,0.0,16.612000000000002,2.0,20.0,0.87,26.009800000000002,9.3978,0.0,1,1,1,1,28.0,320.0,1740.0,0.6074,0.3779
风电4-光伏4,4,4,45.0,18:00-19:00,19,2.61,15.328,0.0,15.328,0.0,12.228846153846154,0.48915384615384616,15.328,0.0,0.0,0,1,1,0,0.0,195.66153846153847,978.3076923076924,0.8024,0.3779
风电4-光伏4,4,4,45.0,19:00-20:00,20,2.1198,9.416,0.0,9.416,0.0,7.015576923076924,0.280623076923077,9.416,0.0,0.0,0,1,1,0,0.0,112.24923076923078,561.2461538461539,0.8024,0.3779
风电4-光伏4,4,4,45.0,20:00-21:00,21,1.8599999999999999,8.808,0.0,8.808,0.0,6.680769230769232,0.26723076923076927,8.808000000000002,1.7763568394002505e-15,0.0,0,1,1,0,0.0,106.89230769230771,534.4615384615386,0.8024,0.3779
风电4-光伏4,4,4,45.0,21:00-22:00,22,1.6301999999999999,5.215999999999999,0.0,5.215999999999999,2.0,20.0,0.87,24.5002,19.2842,0.0,1,1,1,1,28.0,320.0,1740.0,0.6074,0.3779
风电4-光伏4,4,4,45.0,22:00-23:00,23,1.56,6.151999999999999,0.0,6.151999999999999,14.773921975065644,20.0,1.3170872691272975,37.65100924419294,31.49900924419294,0.0,1,1,1,1,206.834907650919,320.0,2634.174538254595,0.6074,0.3779
风电4-光伏4,4,4,45.0,23:00-24:00,24,1.4802,8.464,0.0,8.464,19.999999999999982,20.0,1.4999999999999996,42.98019999999998,34.516199999999984,0.0,1,1,1,1,279.9999999999998,320.0,2999.999999999999,0.3424,0.3779
风电4-光伏4,4,4,36.0,0:00-1:00,1,1.3698000000000001,13.495999999999999,0.0,13.495999999999999,20.0,20.0,1.5,42.8698,29.3738,0.0,1,1,1,1,280.0,320.0,3000.0,0.3424,0.3779
风电4-光伏4,4,4,36.0,1:00-2:00,2,1.0997999999999999,14.084000000000001,0.0,14.084000000000001,20.0,20.0,1.5,42.5998,28.5158,0.0,1,1,1,1,280.0,320.0,3000.0,0.3424,0.3779
风电4-光伏4,4,4,36.0,2:00-3:00,3,0.7998000000000001,13.091999999999999,0.0,13.091999999999999,20.0,20.0,1.5,42.299800000000005,29.207800000000006,0.0,1,1,1,1,280.0,320.0,3000.0,0.3424,0.3779
风电4-光伏4,4,4,36.0,3:00-4:00,4,0.99,20.168,0.0,20.168,20.0,20.0,1.5,42.489999999999995,22.321999999999996,0.0,1,1,1,1,280.0,320.0,3000.0,0.3424,0.3779
风电4-光伏4,4,4,36.0,4:00-5:00,5,1.1802000000000001,19.276,0.0,19.276,20.0,20.0,1.5,42.6802,23.4042,0.0,1,1,1,1,280.0,320.0,3000.0,0.3424,0.3779
风电4-光伏4,4,4,36.0,5:00-6:00,6,1.6301999999999999,23.08,0.0,23.08,19.99999944072322,19.999999999999996,1.4999999804253126,43.13019942114853,20.050199421148534,0.0,1,1,1,1,279.99999217012504,319.99999999999994,2999.999960850625,0.3424,0.3779
风电4-光伏4,4,4,36.0,6:00-7:00,7,2.5002,28.355999999999998,0.0,28.355999999999998,20.0,20.0,1.5,44.0002,15.644200000000001,0.0,1,1,1,1,280.0,320.0,3000.0,0.3424,0.3779
风电4-光伏4,4,4,36.0,7:00-8:00,8,3.3701999999999996,26.36,0.0,26.36,0.0,20.0,0.8,24.1702,0.0,2.189799999999998,0,1,1,0,0.0,320.0,1600.0,0.6074,0.3779
风电4-光伏4,4,4,36.0,8:00-9:00,9,4.0098,25.076,0.0,25.076,0.0,20.0,0.7999999999999999,24.8098,0.0,0.2662000000000013,0,1,1,0,0.0,320.0,1599.9999999999998,0.6074,0.3779
风电4-光伏4,4,4,36.0,9:00-10:00,10,4.199999999999999,22.112,0.0,22.112,0.0,17.223076923076924,0.6889230769230769,22.112000000000002,3.552713678800501e-15,0.0,0,1,1,0,0.0,275.5692307692308,1377.8461538461538,0.6074,0.3779
风电4-光伏4,4,4,36.0,10:00-11:00,11,4.1202,8.995999999999999,0.0,8.995999999999999,0.0,0.0,0.0,4.1202,0.0,4.875799999999999,0,0,0,0,0.0,0.0,0.0,0.8024,0.3779
风电4-光伏4,4,4,36.0,11:00-12:00,12,3.9000000000000004,7.652,1.28,8.932,0.0,0.0,0.0,3.9000000000000004,0.0,5.032,0,0,0,0,0.0,0.0,0.0,0.8024,0.3779
风电4-光伏4,4,4,36.0,12:00-13:00,13,3.2598000000000003,10.815999999999999,5.12,15.936,0.0,12.188653846153846,0.48754615384615385,15.936,0.0,0.0,0,1,1,0,0.0,195.01846153846154,975.0923076923077,0.8024,0.3779
风电4-光伏4,4,4,36.0,13:00-14:00,14,2.6898,10.952,7.68,18.631999999999998,0.0,15.329038461538461,0.6131615384615384,18.632,3.552713678800501e-15,0.0,0,1,1,0,0.0,245.26461538461538,1226.3230769230768,0.8024,0.3779
风电4-光伏4,4,4,36.0,14:00-15:00,15,3.63,15.152000000000001,5.12,20.272000000000002,0.0,16.00192307692308,0.6400769230769232,20.272000000000002,0.0,0.0,0,1,1,0,0.0,256.0307692307693,1280.1538461538464,0.8024,0.3779
风电4-光伏4,4,4,36.0,15:00-16:00,16,3.8202000000000003,21.66,1.28,22.94,0.0,18.384423076923078,0.7353769230769232,22.94,0.0,0.0,0,1,1,0,0.0,294.15076923076924,1470.7538461538463,0.6074,0.3779
风电4-光伏4,4,4,36.0,16:00-17:00,17,3.75,17.16,0.0,17.16,0.0,12.89423076923077,0.5157692307692308,17.16,0.0,0.0,0,1,1,0,0.0,206.30769230769232,1031.5384615384614,0.6074,0.3779
风电4-光伏4,4,4,36.0,17:00-18:00,18,3.1398,16.612000000000002,0.0,16.612000000000002,0.0,0.0,0.0,3.1398,0.0,13.4722,0,0,0,0,0.0,0.0,0.0,0.6074,0.3779
风电4-光伏4,4,4,36.0,18:00-19:00,19,2.61,15.328,0.0,15.328,0.0,12.228846153846154,0.48915384615384616,15.328,0.0,0.0,0,1,1,0,0.0,195.66153846153847,978.3076923076924,0.8024,0.3779
风电4-光伏4,4,4,36.0,19:00-20:00,20,2.1198,9.416,0.0,9.416,0.0,5.749808181674936,0.22999232726699745,8.099600508941933,0.0,1.3163994910580676,0,1,1,0,0.0,91.99693090679898,459.9846545339949,0.8024,0.3779
风电4-光伏4,4,4,36.0,20:00-21:00,21,1.8599999999999999,8.808,0.0,8.808,0.0,0.0,0.0,1.8599999999999999,0.0,6.948,0,0,0,0,0.0,0.0,0.0,0.8024,0.3779
风电4-光伏4,4,4,36.0,21:00-22:00,22,1.6301999999999999,5.215999999999999,0.0,5.215999999999999,0.0,0.0,0.0,1.6301999999999999,0.0,3.5857999999999994,0,0,0,0,0.0,0.0,0.0,0.6074,0.3779
风电4-光伏4,4,4,36.0,22:00-23:00,23,1.56,6.151999999999999,0.0,6.151999999999999,0.0,0.0,0.0,1.56,0.0,4.591999999999999,0,0,0,0,0.0,0.0,0.0,0.6074,0.3779
风电4-光伏4,4,4,36.0,23:00-24:00,24,1.4802,8.464,0.0,8.464,19.999999999999993,20.0,1.4999999999999998,42.980199999999996,34.5162,0.0,1,1,1,1,279.9999999999999,320.0,2999.9999999999995,0.3424,0.3779
风电5-光伏1,5,1,72.0,0:00-1:00,1,1.3698000000000001,9.776,0.0,9.776,20.0,20.0,1.5,42.8698,33.0938,0.0,1,1,1,1,280.0,320.0,3000.0,0.3424,0.3779
风电5-光伏1,5,1,72.0,1:00-2:00,2,1.0997999999999999,13.5,0.0,13.5,20.0,20.0,1.5,42.5998,29.099800000000002,0.0,1,1,1,1,280.0,320.0,3000.0,0.3424,0.3779
风电5-光伏1,5,1,72.0,2:00-3:00,3,0.7998000000000001,15.392,0.0,15.392,20.0,20.0,1.5,42.299800000000005,26.907800000000005,0.0,1,1,1,1,280.0,320.0,3000.0,0.3424,0.3779
风电5-光伏1,5,1,72.0,3:00-4:00,4,0.99,13.312,0.0,13.312,20.0,20.0,1.5,42.489999999999995,29.177999999999997,0.0,1,1,1,1,280.0,320.0,3000.0,0.3424,0.3779
风电5-光伏1,5,1,72.0,4:00-5:00,5,1.1802000000000001,15.144,0.0,15.144,20.0,20.0,1.5,42.6802,27.5362,0.0,1,1,1,1,280.0,320.0,3000.0,0.3424,0.3779
风电5-光伏1,5,1,72.0,5:00-6:00,6,1.6301999999999999,14.315999999999999,0.0,14.315999999999999,20.0,20.0,1.5,43.1302,28.814200000000003,0.0,1,1,1,1,280.0,320.0,3000.0,0.3424,0.3779
风电5-光伏1,5,1,72.0,6:00-7:00,7,2.5002,17.852,14.08,31.932000000000002,20.0,20.0,1.5,44.0002,12.068199999999997,0.0,1,1,1,1,280.0,320.0,3000.0,0.3424,0.3779
风电5-光伏1,5,1,72.0,7:00-8:00,8,3.3701999999999996,9.628,25.6,35.228,20.0,20.0,1.5,44.8702,9.642199999999995,0.0,1,1,1,1,280.0,320.0,3000.0,0.6074,0.3779
风电5-光伏1,5,1,72.0,8:00-9:00,9,4.0098,22.324,37.12,59.444,20.0,20.0,1.5,45.5098,0.0,13.934200000000004,1,1,1,0,280.0,320.0,3000.0,0.6074,0.3779
风电5-光伏1,5,1,72.0,9:00-10:00,10,4.199999999999999,20.928,46.08,67.008,20.0,20.0,1.5,45.7,0.0,21.307999999999993,1,1,1,0,280.0,320.0,3000.0,0.6074,0.3779
风电5-光伏1,5,1,72.0,10:00-11:00,11,4.1202,15.995999999999999,52.48,68.476,20.0,20.0,1.5,45.6202,0.0,22.855800000000002,1,1,1,0,280.0,320.0,3000.0,0.8024,0.3779
风电5-光伏1,5,1,72.0,11:00-12:00,12,3.9000000000000004,14.328000000000001,55.04,69.368,20.0,20.0,1.5,45.4,0.0,23.967999999999996,1,1,1,0,280.0,320.0,3000.0,0.8024,0.3779
风电5-光伏1,5,1,72.0,12:00-13:00,13,3.2598000000000003,12.74,56.32,69.06,20.0,20.0,1.5,44.7598,0.0,24.300200000000004,1,1,1,0,280.0,320.0,3000.0,0.8024,0.3779
风电5-光伏1,5,1,72.0,13:00-14:00,14,2.6898,12.812,56.32,69.132,20.0,20.0,1.5,44.1898,0.0,24.942200000000007,1,1,1,0,280.0,320.0,3000.0,0.8024,0.3779
风电5-光伏1,5,1,72.0,14:00-15:00,15,3.63,8.256,52.48,60.736,20.0,20.0,1.5,45.129999999999995,0.0,15.606000000000002,1,1,1,0,280.0,320.0,3000.0,0.8024,0.3779
风电5-光伏1,5,1,72.0,15:00-16:00,16,3.8202000000000003,8.556000000000001,44.8,53.355999999999995,20.0,20.0,1.5,45.3202,0.0,8.035799999999995,1,1,1,0,280.0,320.0,3000.0,0.6074,0.3779
风电5-光伏1,5,1,72.0,16:00-17:00,17,3.75,15.664,33.28,48.944,20.0,20.0,1.5,45.25,0.0,3.6940000000000026,1,1,1,0,280.0,320.0,3000.0,0.6074,0.3779
风电5-光伏1,5,1,72.0,17:00-18:00,18,3.1398,8.372,24.32,32.692,20.0,20.0,1.5,44.6398,11.9478,0.0,1,1,1,1,280.0,320.0,3000.0,0.6074,0.3779
风电5-光伏1,5,1,72.0,18:00-19:00,19,2.61,7.872,11.52,19.392,20.0,20.0,1.5,44.11,24.718,0.0,1,1,1,1,280.0,320.0,3000.0,0.8024,0.3779
风电5-光伏1,5,1,72.0,19:00-20:00,20,2.1198,11.175999999999998,0.0,11.175999999999998,20.0,20.0,1.5,43.6198,32.443799999999996,0.0,1,1,1,1,280.0,320.0,3000.0,0.8024,0.3779
风电5-光伏1,5,1,72.0,20:00-21:00,21,1.8599999999999999,9.884,0.0,9.884,20.0,20.0,1.5,43.36,33.476,0.0,1,1,1,1,280.0,320.0,3000.0,0.8024,0.3779
风电5-光伏1,5,1,72.0,21:00-22:00,22,1.6301999999999999,9.02,0.0,9.02,20.0,20.0,1.5,43.1302,34.110200000000006,0.0,1,1,1,1,280.0,320.0,3000.0,0.6074,0.3779
风电5-光伏1,5,1,72.0,22:00-23:00,23,1.56,6.204,0.0,6.204,20.0,20.0,1.5,43.06,36.856,0.0,1,1,1,1,280.0,320.0,3000.0,0.6074,0.3779
风电5-光伏1,5,1,72.0,23:00-24:00,24,1.4802,16.928,0.0,16.928,20.0,20.0,1.5,42.980199999999996,26.052199999999996,0.0,1,1,1,1,280.0,320.0,3000.0,0.3424,0.3779
风电5-光伏1,5,1,63.0,0:00-1:00,1,1.3698000000000001,9.776,0.0,9.776,20.0,19.999999999999993,1.4999999999999998,42.8698,33.0938,0.0,1,1,1,1,280.0,319.9999999999999,2999.9999999999995,0.3424,0.3779
风电5-光伏1,5,1,63.0,1:00-2:00,2,1.0997999999999999,13.5,0.0,13.5,20.0,20.0,1.5,42.5998,29.099800000000002,0.0,1,1,1,1,280.0,320.0,3000.0,0.3424,0.3779
风电5-光伏1,5,1,63.0,2:00-3:00,3,0.7998000000000001,15.392,0.0,15.392,20.0,20.0,1.5,42.299800000000005,26.907800000000005,0.0,1,1,1,1,280.0,320.0,3000.0,0.3424,0.3779
风电5-光伏1,5,1,63.0,3:00-4:00,4,0.99,13.312,0.0,13.312,20.0,19.999999999999993,1.4999999999999998,42.489999999999995,29.177999999999997,0.0,1,1,1,1,280.0,319.9999999999999,2999.9999999999995,0.3424,0.3779
风电5-光伏1,5,1,63.0,4:00-5:00,5,1.1802000000000001,15.144,0.0,15.144,20.0,20.0,1.5,42.6802,27.5362,0.0,1,1,1,1,280.0,320.0,3000.0,0.3424,0.3779
风电5-光伏1,5,1,63.0,5:00-6:00,6,1.6301999999999999,14.315999999999999,0.0,14.315999999999999,20.0,20.0,1.5,43.1302,28.814200000000003,0.0,1,1,1,1,280.0,320.0,3000.0,0.3424,0.3779
风电5-光伏1,5,1,63.0,6:00-7:00,7,2.5002,17.852,14.08,31.932000000000002,20.0,20.0,1.5,44.0002,12.068199999999997,0.0,1,1,1,1,280.0,320.0,3000.0,0.3424,0.3779
风电5-光伏1,5,1,63.0,7:00-8:00,8,3.3701999999999996,9.628,25.6,35.228,10.683864734299517,20.0,1.1739352657004831,35.228,0.0,0.0,1,1,1,0,149.57410628019323,320.0,2347.8705314009662,0.6074,0.3779
风电5-光伏1,5,1,63.0,8:00-9:00,9,4.0098,22.324,37.12,59.444,20.0,20.0,1.5,45.5098,0.0,13.934200000000004,1,1,1,0,280.0,320.0,3000.0,0.6074,0.3779
风电5-光伏1,5,1,63.0,9:00-10:00,10,4.199999999999999,20.928,46.08,67.008,20.0,20.0,1.5,45.7,0.0,21.307999999999993,1,1,1,0,280.0,320.0,3000.0,0.6074,0.3779
风电5-光伏1,5,1,63.0,10:00-11:00,11,4.1202,15.995999999999999,52.48,68.476,20.0,20.0,1.5,45.6202,0.0,22.855800000000002,1,1,1,0,280.0,320.0,3000.0,0.8024,0.3779
风电5-光伏1,5,1,63.0,11:00-12:00,12,3.9000000000000004,14.328000000000001,55.04,69.368,20.0,20.0,1.5,45.4,0.0,23.967999999999996,1,1,1,0,280.0,320.0,3000.0,0.8024,0.3779
风电5-光伏1,5,1,63.0,12:00-13:00,13,3.2598000000000003,12.74,56.32,69.06,20.0,20.0,1.5,44.7598,0.0,24.300200000000004,1,1,1,0,280.0,320.0,3000.0,0.8024,0.3779
风电5-光伏1,5,1,63.0,13:00-14:00,14,2.6898,12.812,56.32,69.132,20.0,20.0,1.5,44.1898,0.0,24.942200000000007,1,1,1,0,280.0,320.0,3000.0,0.8024,0.3779
风电5-光伏1,5,1,63.0,14:00-15:00,15,3.63,8.256,52.48,60.736,20.0,20.0,1.5,45.129999999999995,0.0,15.606000000000002,1,1,1,0,280.0,320.0,3000.0,0.8024,0.3779
风电5-光伏1,5,1,63.0,15:00-16:00,16,3.8202000000000003,8.556000000000001,44.8,53.355999999999995,20.0,20.0,1.5,45.3202,0.0,8.035799999999995,1,1,1,0,280.0,320.0,3000.0,0.6074,0.3779
风电5-光伏1,5,1,63.0,16:00-17:00,17,3.75,15.664,33.28,48.944,20.0,20.0,1.5,45.25,0.0,3.6940000000000026,1,1,1,0,280.0,320.0,3000.0,0.6074,0.3779
风电5-光伏1,5,1,63.0,17:00-18:00,18,3.1398,8.372,24.32,32.692,8.456231884057972,19.999999999999996,1.095968115942029,32.692,0.0,0.0,1,1,1,0,118.38724637681162,319.99999999999994,2191.9362318840576,0.6074,0.3779
风电5-光伏1,5,1,63.0,18:00-19:00,19,2.61,7.872,11.52,19.392,0.0,16.136538461538464,0.6454615384615385,19.392000000000003,3.552713678800501e-15,0.0,0,1,1,0,0.0,258.1846153846154,1290.9230769230771,0.8024,0.3779
风电5-光伏1,5,1,63.0,19:00-20:00,20,2.1198,11.175999999999998,0.0,11.175999999999998,0.0,8.707884615384614,0.3483153846153846,11.175999999999998,0.0,0.0,0,1,1,0,0.0,139.32615384615383,696.6307692307691,0.8024,0.3779
风电5-光伏1,5,1,63.0,20:00-21:00,21,1.8599999999999999,9.884,0.0,9.884,0.0,7.7153846153846155,0.3086153846153846,9.884,0.0,0.0,0,1,1,0,0.0,123.44615384615385,617.2307692307693,0.8024,0.3779
风电5-光伏1,5,1,63.0,21:00-22:00,22,1.6301999999999999,9.02,0.0,9.02,19.999999999999993,20.0,1.4999999999999998,43.13019999999999,34.11019999999999,0.0,1,1,1,1,279.9999999999999,320.0,2999.9999999999995,0.6074,0.3779
风电5-光伏1,5,1,63.0,22:00-23:00,23,1.56,6.204,0.0,6.204,3.648694590433665,19.999999999999996,0.9277043106651782,26.13639890109884,19.93239890109884,0.0,1,1,1,1,51.08172426607131,319.99999999999994,1855.4086213303565,0.6074,0.3779
风电5-光伏1,5,1,63.0,23:00-24:00,24,1.4802,16.928,0.0,16.928,20.0,20.0,1.5,42.980199999999996,26.052199999999996,0.0,1,1,1,1,280.0,320.0,3000.0,0.3424,0.3779
风电5-光伏1,5,1,54.0,0:00-1:00,1,1.3698000000000001,9.776,0.0,9.776,20.0,20.0,1.5,42.8698,33.0938,0.0,1,1,1,1,280.0,320.0,3000.0,0.3424,0.3779
风电5-光伏1,5,1,54.0,1:00-2:00,2,1.0997999999999999,13.5,0.0,13.5,20.0,20.0,1.5,42.5998,29.099800000000002,0.0,1,1,1,1,280.0,320.0,3000.0,0.3424,0.3779
风电5-光伏1,5,1,54.0,2:00-3:00,3,0.7998000000000001,15.392,0.0,15.392,20.0,20.0,1.5,42.299800000000005,26.907800000000005,0.0,1,1,1,1,280.0,320.0,3000.0,0.3424,0.3779
风电5-光伏1,5,1,54.0,3:00-4:00,4,0.99,13.312,0.0,13.312,20.0,19.999999999999993,1.4999999999999998,42.489999999999995,29.177999999999997,0.0,1,1,1,1,280.0,319.9999999999999,2999.9999999999995,0.3424,0.3779
风电5-光伏1,5,1,54.0,4:00-5:00,5,1.1802000000000001,15.144,0.0,15.144,19.999999727839867,20.0,1.4999999904743953,42.680199718314256,27.536199718314258,0.0,1,1,1,1,279.9999961897581,320.0,2999.9999809487904,0.3424,0.3779
风电5-光伏1,5,1,54.0,5:00-6:00,6,1.6301999999999999,14.315999999999999,0.0,14.315999999999999,20.0,20.0,1.5,43.1302,28.814200000000003,0.0,1,1,1,1,280.0,320.0,3000.0,0.3424,0.3779
风电5-光伏1,5,1,54.0,6:00-7:00,7,2.5002,17.852,14.08,31.932000000000002,20.0,20.0,1.5,44.0002,12.068199999999997,0.0,1,1,1,1,280.0,320.0,3000.0,0.3424,0.3779
风电5-光伏1,5,1,54.0,7:00-8:00,8,3.3701999999999996,9.628,25.6,35.228,0.0,20.0,0.8,24.1702,0.0,11.0578,0,1,1,0,0.0,320.0,1600.0,0.6074,0.3779
风电5-光伏1,5,1,54.0,8:00-9:00,9,4.0098,22.324,37.12,59.444,6.7076925798524485,20.0,1.0347692402948356,31.752261820147282,0.0,27.69173817985272,1,1,1,0,93.90769611793428,320.0,2069.538480589671,0.6074,0.3779
风电5-光伏1,5,1,54.0,9:00-10:00,10,4.199999999999999,20.928,46.08,67.008,20.0,20.0,1.5,45.7,0.0,21.307999999999993,1,1,1,0,280.0,320.0,3000.0,0.6074,0.3779
风电5-光伏1,5,1,54.0,10:00-11:00,11,4.1202,15.995999999999999,52.48,68.476,0.0,20.0,0.7999999999999999,24.9202,0.0,43.5558,0,1,1,0,0.0,320.0,1599.9999999999998,0.8024,0.3779
风电5-光伏1,5,1,54.0,11:00-12:00,12,3.9000000000000004,14.328000000000001,55.04,69.368,0.0,20.0,0.7999999999999999,24.7,0.0,44.66799999999999,0,1,1,0,0.0,320.0,1599.9999999999998,0.8024,0.3779
风电5-光伏1,5,1,54.0,12:00-13:00,13,3.2598000000000003,12.74,56.32,69.06,20.0,20.0,1.5,44.7598,0.0,24.300200000000004,1,1,1,0,280.0,320.0,3000.0,0.8024,0.3779
风电5-光伏1,5,1,54.0,13:00-14:00,14,2.6898,12.812,56.32,69.132,20.0,20.0,1.5,44.1898,0.0,24.942200000000007,1,1,1,0,280.0,320.0,3000.0,0.8024,0.3779
风电5-光伏1,5,1,54.0,14:00-15:00,15,3.63,8.256,52.48,60.736,20.0,20.0,1.5,45.129999999999995,0.0,15.606000000000002,1,1,1,0,280.0,320.0,3000.0,0.8024,0.3779
风电5-光伏1,5,1,54.0,15:00-16:00,16,3.8202000000000003,8.556000000000001,44.8,53.355999999999995,20.0,20.0,1.5,45.3202,0.0,8.035799999999995,1,1,1,0,280.0,320.0,3000.0,0.6074,0.3779
风电5-光伏1,5,1,54.0,16:00-17:00,17,3.75,15.664,33.28,48.944,20.0,20.0,1.5,45.25,0.0,3.6940000000000026,1,1,1,0,280.0,320.0,3000.0,0.6074,0.3779
风电5-光伏1,5,1,54.0,17:00-18:00,18,3.1398,8.372,24.32,32.692,0.0,20.0,0.7999999999999999,23.9398,0.0,8.752199999999998,0,1,1,0,0.0,320.0,1599.9999999999998,0.6074,0.3779
风电5-光伏1,5,1,54.0,18:00-19:00,19,2.61,7.872,11.52,19.392,0.0,16.136538461538464,0.6454615384615385,19.392000000000003,3.552713678800501e-15,0.0,0,1,1,0,0.0,258.1846153846154,1290.9230769230771,0.8024,0.3779
风电5-光伏1,5,1,54.0,19:00-20:00,20,2.1198,11.175999999999998,0.0,11.175999999999998,0.0,8.707884615384614,0.3483153846153846,11.175999999999998,0.0,0.0,0,1,1,0,0.0,139.32615384615383,696.6307692307691,0.8024,0.3779
风电5-光伏1,5,1,54.0,20:00-21:00,21,1.8599999999999999,9.884,0.0,9.884,0.0,7.7153846153846155,0.3086153846153846,9.884,0.0,0.0,0,1,1,0,0.0,123.44615384615385,617.2307692307693,0.8024,0.3779
风电5-光伏1,5,1,54.0,21:00-22:00,22,1.6301999999999999,9.02,0.0,9.02,0.0,7.105576923076923,0.2842230769230769,9.02,0.0,0.0,0,1,1,0,0.0,113.68923076923076,568.4461538461538,0.6074,0.3779
风电5-光伏1,5,1,54.0,22:00-23:00,23,1.56,6.204,0.0,6.204,0.0,4.4653846153846155,0.17861538461538462,6.204,0.0,0.0,0,1,1,0,0.0,71.44615384615385,357.2307692307692,0.6074,0.3779
风电5-光伏1,5,1,54.0,23:00-24:00,24,1.4802,16.928,0.0,16.928,20.0,20.0,1.5,42.980199999999996,26.052199999999996,0.0,1,1,1,1,280.0,320.0,3000.0,0.3424,0.3779
风电5-光伏1,5,1,45.0,0:00-1:00,1,1.3698000000000001,9.776,0.0,9.776,20.0,20.0,1.5,42.8698,33.0938,0.0,1,1,1,1,280.0,320.0,3000.0,0.3424,0.3779
风电5-光伏1,5,1,45.0,1:00-2:00,2,1.0997999999999999,13.5,0.0,13.5,20.000000000000007,20.0,1.5000000000000002,42.5998,29.099800000000002,0.0,1,1,1,1,280.0000000000001,320.0,3000.0000000000005,0.3424,0.3779
风电5-光伏1,5,1,45.0,2:00-3:00,3,0.7998000000000001,15.392,0.0,15.392,20.0,20.0,1.5,42.299800000000005,26.907800000000005,0.0,1,1,1,1,280.0,320.0,3000.0,0.3424,0.3779
风电5-光伏1,5,1,45.0,3:00-4:00,4,0.99,13.312,0.0,13.312,19.999999518186783,20.0,1.4999999831365374,42.48999950132332,29.17799950132332,0.0,1,1,1,1,279.999993254615,320.0,2999.9999662730747,0.3424,0.3779
风电5-光伏1,5,1,45.0,4:00-5:00,5,1.1802000000000001,15.144,0.0,15.144,20.0,20.0,1.5,42.6802,27.5362,0.0,1,1,1,1,280.0,320.0,3000.0,0.3424,0.3779
风电5-光伏1,5,1,45.0,5:00-6:00,6,1.6301999999999999,14.315999999999999,0.0,14.315999999999999,20.0,19.999999999999993,1.4999999999999998,43.13019999999999,28.81419999999999,0.0,1,1,1,1,280.0,319.9999999999999,2999.9999999999995,0.3424,0.3779
风电5-光伏1,5,1,45.0,6:00-7:00,7,2.5002,17.852,14.08,31.932000000000002,20.0,20.0,1.5,44.0002,12.068199999999997,0.0,1,1,1,1,280.0,320.0,3000.0,0.3424,0.3779
风电5-光伏1,5,1,45.0,7:00-8:00,8,3.3701999999999996,9.628,25.6,35.228,0.0,20.0,0.8,24.1702,0.0,11.0578,0,1,1,0,0.0,320.0,1600.0,0.6074,0.3779
风电5-光伏1,5,1,45.0,8:00-9:00,9,4.0098,22.324,37.12,59.444,0.0,20.0,0.7999999999999999,24.8098,0.0,34.63420000000001,0,1,1,0,0.0,320.0,1599.9999999999998,0.6074,0.3779
风电5-光伏1,5,1,45.0,9:00-10:00,10,4.199999999999999,20.928,46.08,67.008,0.0,18.369231190817338,0.7347692476326936,23.304000438450032,0.0,43.70399956154996,0,1,1,0,0.0,293.9076990530774,1469.5384952653872,0.6074,0.3779
风电5-光伏1,5,1,45.0,10:00-11:00,11,4.1202,15.995999999999999,52.48,68.476,0.0,20.0,0.7999999999999999,24.9202,0.0,43.5558,0,1,1,0,0.0,320.0,1599.9999999999998,0.8024,0.3779
风电5-光伏1,5,1,45.0,11:00-12:00,12,3.9000000000000004,14.328000000000001,55.04,69.368,0.0,20.0,0.7999999999999999,24.7,0.0,44.66799999999999,0,1,1,0,0.0,320.0,1599.9999999999998,0.8024,0.3779
风电5-光伏1,5,1,45.0,12:00-13:00,13,3.2598000000000003,12.74,56.32,69.06,0.0,20.0,0.7999999999999999,24.0598,0.0,45.00020000000001,0,1,1,0,0.0,320.0,1599.9999999999998,0.8024,0.3779
风电5-光伏1,5,1,45.0,13:00-14:00,14,2.6898,12.812,56.32,69.132,0.0,20.0,0.7999999999999999,23.4898,0.0,45.6422,0,1,1,0,0.0,320.0,1599.9999999999998,0.8024,0.3779
风电5-光伏1,5,1,45.0,14:00-15:00,15,3.63,8.256,52.48,60.736,0.0,20.0,0.7999999999999999,24.43,0.0,36.306,0,1,1,0,0.0,320.0,1599.9999999999998,0.8024,0.3779
风电5-光伏1,5,1,45.0,15:00-16:00,16,3.8202000000000003,8.556000000000001,44.8,53.355999999999995,0.0,20.0,0.7999999999999999,24.6202,0.0,28.735799999999994,0,1,1,0,0.0,320.0,1599.9999999999998,0.6074,0.3779
风电5-光伏1,5,1,45.0,16:00-17:00,17,3.75,15.664,33.28,48.944,0.0,20.0,0.7999999999999999,24.55,0.0,24.394000000000002,0,1,1,0,0.0,320.0,1599.9999999999998,0.6074,0.3779
风电5-光伏1,5,1,45.0,17:00-18:00,18,3.1398,8.372,24.32,32.692,0.0,20.0,0.7999999999999999,23.9398,0.0,8.752199999999998,0,1,1,0,0.0,320.0,1599.9999999999998,0.6074,0.3779
风电5-光伏1,5,1,45.0,18:00-19:00,19,2.61,7.872,11.52,19.392,0.0,16.136538461538464,0.6454615384615385,19.392000000000003,3.552713678800501e-15,0.0,0,1,1,0,0.0,258.1846153846154,1290.9230769230771,0.8024,0.3779
风电5-光伏1,5,1,45.0,19:00-20:00,20,2.1198,11.175999999999998,0.0,11.175999999999998,0.0,8.707884615384614,0.3483153846153846,11.175999999999998,0.0,0.0,0,1,1,0,0.0,139.32615384615383,696.6307692307691,0.8024,0.3779
风电5-光伏1,5,1,45.0,20:00-21:00,21,1.8599999999999999,9.884,0.0,9.884,0.0,7.7153846153846155,0.3086153846153846,9.884,0.0,0.0,0,1,1,0,0.0,123.44615384615385,617.2307692307693,0.8024,0.3779
风电5-光伏1,5,1,45.0,21:00-22:00,22,1.6301999999999999,9.02,0.0,9.02,0.0,7.105576923076923,0.2842230769230769,9.02,0.0,0.0,0,1,1,0,0.0,113.68923076923076,568.4461538461538,0.6074,0.3779
风电5-光伏1,5,1,45.0,22:00-23:00,23,1.56,6.204,0.0,6.204,0.0,4.4653846153846155,0.17861538461538462,6.204,0.0,0.0,0,1,1,0,0.0,71.44615384615385,357.2307692307692,0.6074,0.3779
风电5-光伏1,5,1,45.0,23:00-24:00,24,1.4802,16.928,0.0,16.928,20.0,20.0,1.5,42.980199999999996,26.052199999999996,0.0,1,1,1,1,280.0,320.0,3000.0,0.3424,0.3779
风电5-光伏1,5,1,36.0,0:00-1:00,1,1.3698000000000001,9.776,0.0,9.776,20.0,20.0,1.5,42.8698,33.0938,0.0,1,1,1,1,280.0,320.0,3000.0,0.3424,0.3779
风电5-光伏1,5,1,36.0,1:00-2:00,2,1.0997999999999999,13.5,0.0,13.5,20.000000000000007,20.0,1.5000000000000002,42.5998,29.099800000000002,0.0,1,1,1,1,280.0000000000001,320.0,3000.0000000000005,0.3424,0.3779
风电5-光伏1,5,1,36.0,2:00-3:00,3,0.7998000000000001,15.392,0.0,15.392,19.99999951818675,20.0,1.4999999831365363,42.299799501323285,26.907799501323286,0.0,1,1,1,1,279.99999325461454,320.0,2999.9999662730725,0.3424,0.3779
风电5-光伏1,5,1,36.0,3:00-4:00,4,0.99,13.312,0.0,13.312,20.0,19.999999999999993,1.4999999999999998,42.489999999999995,29.177999999999997,0.0,1,1,1,1,280.0,319.9999999999999,2999.9999999999995,0.3424,0.3779
风电5-光伏1,5,1,36.0,4:00-5:00,5,1.1802000000000001,15.144,0.0,15.144,20.0,20.0,1.5,42.6802,27.5362,0.0,1,1,1,1,280.0,320.0,3000.0,0.3424,0.3779
风电5-光伏1,5,1,36.0,5:00-6:00,6,1.6301999999999999,14.315999999999999,0.0,14.315999999999999,20.0,20.0,1.5,43.1302,28.814200000000003,0.0,1,1,1,1,280.0,320.0,3000.0,0.3424,0.3779
风电5-光伏1,5,1,36.0,6:00-7:00,7,2.5002,17.852,14.08,31.932000000000002,20.0,20.0,1.5,44.0002,12.068199999999997,0.0,1,1,1,1,280.0,320.0,3000.0,0.3424,0.3779
风电5-光伏1,5,1,36.0,7:00-8:00,8,3.3701999999999996,9.628,25.6,35.228,0.0,20.0,0.8,24.1702,0.0,11.0578,0,1,1,0,0.0,320.0,1600.0,0.6074,0.3779
风电5-光伏1,5,1,36.0,8:00-9:00,9,4.0098,22.324,37.12,59.444,0.0,0.0,0.0,4.0098,0.0,55.434200000000004,0,0,0,0,0.0,0.0,0.0,0.6074,0.3779
风电5-光伏1,5,1,36.0,9:00-10:00,10,4.199999999999999,20.928,46.08,67.008,0.0,13.863461960048095,0.5545384784019238,18.618000438450018,0.0,48.38999956154998,0,1,1,0,0.0,221.81539136076952,1109.0769568038477,0.6074,0.3779
风电5-光伏1,5,1,36.0,10:00-11:00,11,4.1202,15.995999999999999,52.48,68.476,0.0,0.0,0.0,4.1202,0.0,64.3558,0,0,0,0,0.0,0.0,0.0,0.8024,0.3779
风电5-光伏1,5,1,36.0,11:00-12:00,12,3.9000000000000004,14.328000000000001,55.04,69.368,0.0,0.0,0.0,3.9000000000000004,0.0,65.46799999999999,0,0,0,0,0.0,0.0,0.0,0.8024,0.3779
风电5-光伏1,5,1,36.0,12:00-13:00,13,3.2598000000000003,12.74,56.32,69.06,0.0,20.0,0.7999999999999999,24.0598,0.0,45.00020000000001,0,1,1,0,0.0,320.0,1599.9999999999998,0.8024,0.3779
风电5-光伏1,5,1,36.0,13:00-14:00,14,2.6898,12.812,56.32,69.132,0.0,20.0,0.8,23.4898,0.0,45.6422,0,1,1,0,0.0,320.0,1600.0,0.8024,0.3779
风电5-光伏1,5,1,36.0,14:00-15:00,15,3.63,8.256,52.48,60.736,0.0,20.0,0.7999999999999999,24.43,0.0,36.306,0,1,1,0,0.0,320.0,1599.9999999999998,0.8024,0.3779
风电5-光伏1,5,1,36.0,15:00-16:00,16,3.8202000000000003,8.556000000000001,44.8,53.355999999999995,0.0,20.0,0.8,24.6202,0.0,28.735799999999994,0,1,1,0,0.0,320.0,1600.0,0.6074,0.3779
风电5-光伏1,5,1,36.0,16:00-17:00,17,3.75,15.664,33.28,48.944,0.0,0.0,0.0,3.75,0.0,45.194,0,0,0,0,0.0,0.0,0.0,0.6074,0.3779
风电5-光伏1,5,1,36.0,17:00-18:00,18,3.1398,8.372,24.32,32.692,0.0,20.0,0.7999999999999999,23.9398,0.0,8.752199999999998,0,1,1,0,0.0,320.0,1599.9999999999998,0.6074,0.3779
风电5-光伏1,5,1,36.0,18:00-19:00,19,2.61,7.872,11.52,19.392,0.0,16.136538461538464,0.6454615384615385,19.392000000000003,3.552713678800501e-15,0.0,0,1,1,0,0.0,258.1846153846154,1290.9230769230771,0.8024,0.3779
风电5-光伏1,5,1,36.0,19:00-20:00,20,2.1198,11.175999999999998,0.0,11.175999999999998,0.0,0.0,0.0,2.1198,0.0,9.056199999999999,0,0,0,0,0.0,0.0,0.0,0.8024,0.3779
风电5-光伏1,5,1,36.0,20:00-21:00,21,1.8599999999999999,9.884,0.0,9.884,0.0,0.0,0.0,1.8599999999999999,0.0,8.024000000000001,0,0,0,0,0.0,0.0,0.0,0.8024,0.3779
风电5-光伏1,5,1,36.0,21:00-22:00,22,1.6301999999999999,9.02,0.0,9.02,0.0,0.0,0.0,1.6301999999999999,0.0,7.389799999999999,0,0,0,0,0.0,0.0,0.0,0.6074,0.3779
风电5-光伏1,5,1,36.0,22:00-23:00,23,1.56,6.204,0.0,6.204,0.0,0.0,0.0,1.56,0.0,4.644,0,0,0,0,0.0,0.0,0.0,0.6074,0.3779
风电5-光伏1,5,1,36.0,23:00-24:00,24,1.4802,16.928,0.0,16.928,20.0,20.0,1.5,42.980199999999996,26.052199999999996,0.0,1,1,1,1,280.0,320.0,3000.0,0.3424,0.3779
风电5-光伏2,5,2,72.0,0:00-1:00,1,1.3698000000000001,9.776,0.0,9.776,20.0,20.0,1.5,42.8698,33.0938,0.0,1,1,1,1,280.0,320.0,3000.0,0.3424,0.3779
风电5-光伏2,5,2,72.0,1:00-2:00,2,1.0997999999999999,13.5,0.0,13.5,20.0,20.0,1.5,42.5998,29.099800000000002,0.0,1,1,1,1,280.0,320.0,3000.0,0.3424,0.3779
风电5-光伏2,5,2,72.0,2:00-3:00,3,0.7998000000000001,15.392,0.0,15.392,20.0,20.0,1.5,42.299800000000005,26.907800000000005,0.0,1,1,1,1,280.0,320.0,3000.0,0.3424,0.3779
风电5-光伏2,5,2,72.0,3:00-4:00,4,0.99,13.312,0.0,13.312,20.0,20.0,1.5,42.489999999999995,29.177999999999997,0.0,1,1,1,1,280.0,320.0,3000.0,0.3424,0.3779
风电5-光伏2,5,2,72.0,4:00-5:00,5,1.1802000000000001,15.144,0.0,15.144,20.0,20.0,1.5,42.6802,27.5362,0.0,1,1,1,1,280.0,320.0,3000.0,0.3424,0.3779
风电5-光伏2,5,2,72.0,5:00-6:00,6,1.6301999999999999,14.315999999999999,0.0,14.315999999999999,20.0,20.0,1.5,43.1302,28.814200000000003,0.0,1,1,1,1,280.0,320.0,3000.0,0.3424,0.3779
风电5-光伏2,5,2,72.0,6:00-7:00,7,2.5002,17.852,0.0,17.852,20.0,20.0,1.5,44.0002,26.1482,0.0,1,1,1,1,280.0,320.0,3000.0,0.3424,0.3779
风电5-光伏2,5,2,72.0,7:00-8:00,8,3.3701999999999996,9.628,3.2,12.828,20.0,20.0,1.5,44.8702,32.042199999999994,0.0,1,1,1,1,280.0,320.0,3000.0,0.6074,0.3779
风电5-光伏2,5,2,72.0,8:00-9:00,9,4.0098,22.324,10.88,33.204,20.0,20.0,1.5,45.5098,12.305799999999998,0.0,1,1,1,1,280.0,320.0,3000.0,0.6074,0.3779
风电5-光伏2,5,2,72.0,9:00-10:00,10,4.199999999999999,20.928,17.92,38.848,20.0,20.0,1.5,45.7,6.852000000000004,0.0,1,1,1,1,280.0,320.0,3000.0,0.6074,0.3779
风电5-光伏2,5,2,72.0,10:00-11:00,11,4.1202,15.995999999999999,24.96,40.956,20.0,20.0,1.5,45.6202,4.664199999999994,0.0,1,1,1,1,280.0,320.0,3000.0,0.8024,0.3779
风电5-光伏2,5,2,72.0,11:00-12:00,12,3.9000000000000004,14.328000000000001,31.36,45.688,20.0,20.0,1.5,45.4,0.0,0.2880000000000038,1,1,1,0,280.0,320.0,3000.0,0.8024,0.3779
风电5-光伏2,5,2,72.0,12:00-13:00,13,3.2598000000000003,12.74,35.84,48.580000000000005,20.0,20.0,1.5,44.7598,0.0,3.820200000000007,1,1,1,0,280.0,320.0,3000.0,0.8024,0.3779
风电5-光伏2,5,2,72.0,13:00-14:00,14,2.6898,12.812,37.12,49.931999999999995,20.0,20.0,1.5,44.1898,0.0,5.742199999999997,1,1,1,0,280.0,320.0,3000.0,0.8024,0.3779
风电5-光伏2,5,2,72.0,14:00-15:00,15,3.63,8.256,32.0,40.256,20.0,20.0,1.5,45.129999999999995,4.873999999999995,0.0,1,1,1,1,280.0,320.0,3000.0,0.8024,0.3779
风电5-光伏2,5,2,72.0,15:00-16:00,16,3.8202000000000003,8.556000000000001,25.6,34.156000000000006,20.0,20.0,1.5,45.3202,11.164199999999994,0.0,1,1,1,1,280.0,320.0,3000.0,0.6074,0.3779
风电5-光伏2,5,2,72.0,16:00-17:00,17,3.75,15.664,19.2,34.864,20.0,20.0,1.5,45.25,10.386000000000003,0.0,1,1,1,1,280.0,320.0,3000.0,0.6074,0.3779
风电5-光伏2,5,2,72.0,17:00-18:00,18,3.1398,8.372,9.6,17.972,20.0,20.0,1.5,44.6398,26.6678,0.0,1,1,1,1,280.0,320.0,3000.0,0.6074,0.3779
风电5-光伏2,5,2,72.0,18:00-19:00,19,2.61,7.872,3.2,11.072,20.0,20.0,1.5,44.11,33.038,0.0,1,1,1,1,280.0,320.0,3000.0,0.8024,0.3779
风电5-光伏2,5,2,72.0,19:00-20:00,20,2.1198,11.175999999999998,0.0,11.175999999999998,20.0,20.0,1.5,43.6198,32.443799999999996,0.0,1,1,1,1,280.0,320.0,3000.0,0.8024,0.3779
风电5-光伏2,5,2,72.0,20:00-21:00,21,1.8599999999999999,9.884,0.0,9.884,20.0,20.0,1.5,43.36,33.476,0.0,1,1,1,1,280.0,320.0,3000.0,0.8024,0.3779
风电5-光伏2,5,2,72.0,21:00-22:00,22,1.6301999999999999,9.02,0.0,9.02,20.0,20.0,1.5,43.1302,34.110200000000006,0.0,1,1,1,1,280.0,320.0,3000.0,0.6074,0.3779
风电5-光伏2,5,2,72.0,22:00-23:00,23,1.56,6.204,0.0,6.204,20.0,20.0,1.5,43.06,36.856,0.0,1,1,1,1,280.0,320.0,3000.0,0.6074,0.3779
风电5-光伏2,5,2,72.0,23:00-24:00,24,1.4802,16.928,0.0,16.928,20.0,20.0,1.5,42.980199999999996,26.052199999999996,0.0,1,1,1,1,280.0,320.0,3000.0,0.3424,0.3779
风电5-光伏2,5,2,63.0,0:00-1:00,1,1.3698000000000001,9.776,0.0,9.776,20.0,19.999999999999993,1.4999999999999998,42.8698,33.0938,0.0,1,1,1,1,280.0,319.9999999999999,2999.9999999999995,0.3424,0.3779
风电5-光伏2,5,2,63.0,1:00-2:00,2,1.0997999999999999,13.5,0.0,13.5,20.0,20.0,1.5,42.5998,29.099800000000002,0.0,1,1,1,1,280.0,320.0,3000.0,0.3424,0.3779
风电5-光伏2,5,2,63.0,2:00-3:00,3,0.7998000000000001,15.392,0.0,15.392,20.0,20.0,1.5,42.299800000000005,26.907800000000005,0.0,1,1,1,1,280.0,320.0,3000.0,0.3424,0.3779
风电5-光伏2,5,2,63.0,3:00-4:00,4,0.99,13.312,0.0,13.312,20.0,19.999999999999993,1.4999999999999998,42.489999999999995,29.177999999999997,0.0,1,1,1,1,280.0,319.9999999999999,2999.9999999999995,0.3424,0.3779
风电5-光伏2,5,2,63.0,4:00-5:00,5,1.1802000000000001,15.144,0.0,15.144,20.0,20.0,1.5,42.6802,27.5362,0.0,1,1,1,1,280.0,320.0,3000.0,0.3424,0.3779
风电5-光伏2,5,2,63.0,5:00-6:00,6,1.6301999999999999,14.315999999999999,0.0,14.315999999999999,20.0,20.0,1.5,43.1302,28.814200000000003,0.0,1,1,1,1,280.0,320.0,3000.0,0.3424,0.3779
风电5-光伏2,5,2,63.0,6:00-7:00,7,2.5002,17.852,0.0,17.852,20.0,20.0,1.5,44.0002,26.1482,0.0,1,1,1,1,280.0,320.0,3000.0,0.3424,0.3779
风电5-光伏2,5,2,63.0,7:00-8:00,8,3.3701999999999996,9.628,3.2,12.828,20.0,20.0,1.5,44.8702,32.042199999999994,0.0,1,1,1,1,280.0,320.0,3000.0,0.6074,0.3779
风电5-光伏2,5,2,63.0,8:00-9:00,9,4.0098,22.324,10.88,33.204,11.933967800004606,19.999999468195348,1.2176888517279751,37.161456119927934,3.957456119927933,0.0,1,1,1,1,167.07554920006447,319.99999149112557,2435.3777034559503,0.6074,0.3779
风电5-光伏2,5,2,63.0,9:00-10:00,10,4.199999999999999,20.928,17.92,38.848,20.0,20.0,1.5,45.7,6.852000000000004,0.0,1,1,1,1,280.0,320.0,3000.0,0.6074,0.3779
风电5-光伏2,5,2,63.0,10:00-11:00,11,4.1202,15.995999999999999,24.96,40.956,15.49352657004832,19.999999999999993,1.342273429951691,40.956,0.0,0.0,1,1,1,0,216.9093719806765,319.9999999999999,2684.546859903382,0.8024,0.3779
风电5-光伏2,5,2,63.0,11:00-12:00,12,3.9000000000000004,14.328000000000001,31.36,45.688,20.0,20.0,1.5,45.4,0.0,0.2880000000000038,1,1,1,0,280.0,320.0,3000.0,0.8024,0.3779
风电5-光伏2,5,2,63.0,12:00-13:00,13,3.2598000000000003,12.74,35.84,48.580000000000005,20.0,20.0,1.5,44.7598,0.0,3.820200000000007,1,1,1,0,280.0,320.0,3000.0,0.8024,0.3779
风电5-光伏2,5,2,63.0,13:00-14:00,14,2.6898,12.812,37.12,49.931999999999995,20.0,20.0,1.5,44.1898,0.0,5.742199999999997,1,1,1,0,280.0,320.0,3000.0,0.8024,0.3779
风电5-光伏2,5,2,63.0,14:00-15:00,15,3.63,8.256,32.0,40.256,15.290821256038653,20.0,1.3351787439613527,40.256,0.0,0.0,1,1,1,0,214.07149758454113,320.0,2670.3574879227053,0.8024,0.3779
风电5-光伏2,5,2,63.0,15:00-16:00,16,3.8202000000000003,8.556000000000001,25.6,34.156000000000006,9.213333333333338,20.000000000000004,1.122466666666667,34.156000000000006,0.0,0.0,1,1,1,0,128.98666666666674,320.00000000000006,2244.933333333334,0.6074,0.3779
风电5-光伏2,5,2,63.0,16:00-17:00,17,3.75,15.664,19.2,34.864,20.0,20.0,1.5,45.25,10.386000000000003,0.0,1,1,1,1,280.0,320.0,3000.0,0.6074,0.3779
风电5-光伏2,5,2,63.0,17:00-18:00,18,3.1398,8.372,9.6,17.972,20.0,20.0,1.5,44.6398,26.6678,0.0,1,1,1,1,280.0,320.0,3000.0,0.6074,0.3779
风电5-光伏2,5,2,63.0,18:00-19:00,19,2.61,7.872,3.2,11.072,0.0,8.13653846153846,0.32546153846153847,11.072,0.0,0.0,0,1,1,0,0.0,130.18461538461537,650.9230769230769,0.8024,0.3779
风电5-光伏2,5,2,63.0,19:00-20:00,20,2.1198,11.175999999999998,0.0,11.175999999999998,0.0,8.707884615384614,0.3483153846153846,11.175999999999998,0.0,0.0,0,1,1,0,0.0,139.32615384615383,696.6307692307691,0.8024,0.3779
风电5-光伏2,5,2,63.0,20:00-21:00,21,1.8599999999999999,9.884,0.0,9.884,0.0,7.7153846153846155,0.3086153846153846,9.884,0.0,0.0,0,1,1,0,0.0,123.44615384615385,617.2307692307693,0.8024,0.3779
风电5-光伏2,5,2,63.0,21:00-22:00,22,1.6301999999999999,9.02,0.0,9.02,19.999999999999993,20.0,1.4999999999999998,43.13019999999999,34.11019999999999,0.0,1,1,1,1,279.9999999999999,320.0,2999.9999999999995,0.6074,0.3779
风电5-光伏2,5,2,63.0,22:00-23:00,23,1.56,6.204,0.0,6.204,20.0,20.0,1.5,43.06,36.856,0.0,1,1,1,1,280.0,320.0,3000.0,0.6074,0.3779
风电5-光伏2,5,2,63.0,23:00-24:00,24,1.4802,16.928,0.0,16.928,20.0,20.0,1.5,42.980199999999996,26.052199999999996,0.0,1,1,1,1,280.0,320.0,3000.0,0.3424,0.3779
风电5-光伏2,5,2,54.0,0:00-1:00,1,1.3698000000000001,9.776,0.0,9.776,20.0,19.999999999999993,1.4999999999999998,42.8698,33.0938,0.0,1,1,1,1,280.0,319.9999999999999,2999.9999999999995,0.3424,0.3779
风电5-光伏2,5,2,54.0,1:00-2:00,2,1.0997999999999999,13.5,0.0,13.5,20.0,20.0,1.5,42.5998,29.099800000000002,0.0,1,1,1,1,280.0,320.0,3000.0,0.3424,0.3779
风电5-光伏2,5,2,54.0,2:00-3:00,3,0.7998000000000001,15.392,0.0,15.392,20.0,20.0,1.5,42.299800000000005,26.907800000000005,0.0,1,1,1,1,280.0,320.0,3000.0,0.3424,0.3779
风电5-光伏2,5,2,54.0,3:00-4:00,4,0.99,13.312,0.0,13.312,20.0,19.999999999999993,1.4999999999999998,42.489999999999995,29.177999999999997,0.0,1,1,1,1,280.0,319.9999999999999,2999.9999999999995,0.3424,0.3779
风电5-光伏2,5,2,54.0,4:00-5:00,5,1.1802000000000001,15.144,0.0,15.144,20.0,20.0,1.5,42.6802,27.5362,0.0,1,1,1,1,280.0,320.0,3000.0,0.3424,0.3779
风电5-光伏2,5,2,54.0,5:00-6:00,6,1.6301999999999999,14.315999999999999,0.0,14.315999999999999,20.0,20.0,1.5,43.1302,28.814200000000003,0.0,1,1,1,1,280.0,320.0,3000.0,0.3424,0.3779
风电5-光伏2,5,2,54.0,6:00-7:00,7,2.5002,17.852,0.0,17.852,20.0,20.0,1.5,44.0002,26.1482,0.0,1,1,1,1,280.0,320.0,3000.0,0.3424,0.3779
风电5-光伏2,5,2,54.0,7:00-8:00,8,3.3701999999999996,9.628,3.2,12.828,0.0,9.094038461538462,0.3637615384615384,12.828,0.0,0.0,0,1,1,0,0.0,145.5046153846154,727.5230769230768,0.6074,0.3779
风电5-光伏2,5,2,54.0,8:00-9:00,9,4.0098,22.324,10.88,33.204,8.11033816425121,20.0,1.0838618357487924,33.204,0.0,0.0,1,1,1,0,113.54473429951695,320.0,2167.7236714975847,0.6074,0.3779
风电5-光伏2,5,2,54.0,9:00-10:00,10,4.199999999999999,20.928,17.92,38.848,13.379710144927534,20.0,1.2682898550724637,38.848,0.0,0.0,1,1,1,0,187.3159420289855,320.0,2536.5797101449275,0.6074,0.3779
风电5-光伏2,5,2,54.0,10:00-11:00,11,4.1202,15.995999999999999,24.96,40.956,15.49352657004832,19.999999999999993,1.342273429951691,40.956,0.0,0.0,1,1,1,0,216.9093719806765,319.9999999999999,2684.546859903382,0.8024,0.3779
风电5-光伏2,5,2,54.0,11:00-12:00,12,3.9000000000000004,14.328000000000001,31.36,45.688,20.0,20.0,1.5,45.4,0.0,0.2880000000000038,1,1,1,0,280.0,320.0,3000.0,0.8024,0.3779
风电5-光伏2,5,2,54.0,12:00-13:00,13,3.2598000000000003,12.74,35.84,48.580000000000005,20.0,20.0,1.5,44.7598,0.0,3.820200000000007,1,1,1,0,280.0,320.0,3000.0,0.8024,0.3779
风电5-光伏2,5,2,54.0,13:00-14:00,14,2.6898,12.812,37.12,49.931999999999995,20.0,20.0,1.5,44.1898,0.0,5.742199999999997,1,1,1,0,280.0,320.0,3000.0,0.8024,0.3779
风电5-光伏2,5,2,54.0,14:00-15:00,15,3.63,8.256,32.0,40.256,15.290821256038653,20.0,1.3351787439613527,40.256,0.0,0.0,1,1,1,0,214.07149758454113,320.0,2670.3574879227053,0.8024,0.3779
风电5-光伏2,5,2,54.0,15:00-16:00,16,3.8202000000000003,8.556000000000001,25.6,34.156000000000006,9.213333333333338,20.000000000000004,1.122466666666667,34.156000000000006,0.0,0.0,1,1,1,0,128.98666666666674,320.00000000000006,2244.933333333334,0.6074,0.3779
风电5-光伏2,5,2,54.0,16:00-17:00,17,3.75,15.664,19.2,34.864,9.965217391304346,20.0,1.148782608695652,34.864000000000004,7.105427357601002e-15,0.0,1,1,1,0,139.51304347826084,320.0,2297.565217391304,0.6074,0.3779
风电5-光伏2,5,2,54.0,17:00-18:00,18,3.1398,8.372,9.6,17.972,0.0,19.21924842066126,0.7687699368264503,23.127818357487712,5.155818357487711,0.0,0,1,1,1,0.0,307.50797473058014,1537.5398736529007,0.6074,0.3779
风电5-光伏2,5,2,54.0,18:00-19:00,19,2.61,7.872,3.2,11.072,0.0,8.13653846153846,0.32546153846153847,11.072,0.0,0.0,0,1,1,0,0.0,130.18461538461537,650.9230769230769,0.8024,0.3779
风电5-光伏2,5,2,54.0,19:00-20:00,20,2.1198,11.175999999999998,0.0,11.175999999999998,0.0,8.707884615384614,0.3483153846153846,11.175999999999998,0.0,0.0,0,1,1,0,0.0,139.32615384615383,696.6307692307691,0.8024,0.3779
风电5-光伏2,5,2,54.0,20:00-21:00,21,1.8599999999999999,9.884,0.0,9.884,0.0,7.7153846153846155,0.3086153846153846,9.884,0.0,0.0,0,1,1,0,0.0,123.44615384615385,617.2307692307693,0.8024,0.3779
风电5-光伏2,5,2,54.0,21:00-22:00,22,1.6301999999999999,9.02,0.0,9.02,0.0,7.1055769230769235,0.2842230769230769,9.02,0.0,0.0,0,1,1,0,0.0,113.68923076923078,568.4461538461538,0.6074,0.3779
风电5-光伏2,5,2,54.0,22:00-23:00,23,1.56,6.204,0.0,6.204,0.0,20.00000000000004,0.8000000000000016,22.36000000000004,16.156000000000038,0.0,0,1,1,1,0.0,320.0000000000006,1600.0000000000032,0.6074,0.3779
风电5-光伏2,5,2,54.0,23:00-24:00,24,1.4802,16.928,0.0,16.928,20.0,20.0,1.5,42.980199999999996,26.052199999999996,0.0,1,1,1,1,280.0,320.0,3000.0,0.3424,0.3779
风电5-光伏2,5,2,45.0,0:00-1:00,1,1.3698000000000001,9.776,0.0,9.776,20.0,20.0,1.5,42.8698,33.0938,0.0,1,1,1,1,280.0,320.0,3000.0,0.3424,0.3779
风电5-光伏2,5,2,45.0,1:00-2:00,2,1.0997999999999999,13.5,0.0,13.5,20.0,20.0,1.5,42.5998,29.099800000000002,0.0,1,1,1,1,280.0,320.0,3000.0,0.3424,0.3779
风电5-光伏2,5,2,45.0,2:00-3:00,3,0.7998000000000001,15.392,0.0,15.392,20.0,20.0,1.5,42.299800000000005,26.907800000000005,0.0,1,1,1,1,280.0,320.0,3000.0,0.3424,0.3779
风电5-光伏2,5,2,45.0,3:00-4:00,4,0.99,13.312,0.0,13.312,20.0,19.999999999999993,1.4999999999999998,42.489999999999995,29.177999999999997,0.0,1,1,1,1,280.0,319.9999999999999,2999.9999999999995,0.3424,0.3779
风电5-光伏2,5,2,45.0,4:00-5:00,5,1.1802000000000001,15.144,0.0,15.144,19.999999696765865,20.0,1.4999999893868055,42.680199686152676,27.536199686152678,0.0,1,1,1,1,279.99999575472214,320.0,2999.999978773611,0.3424,0.3779
风电5-光伏2,5,2,45.0,5:00-6:00,6,1.6301999999999999,14.315999999999999,0.0,14.315999999999999,20.0,20.0,1.5,43.1302,28.814200000000003,0.0,1,1,1,1,280.0,320.0,3000.0,0.3424,0.3779
风电5-光伏2,5,2,45.0,6:00-7:00,7,2.5002,17.852,0.0,17.852,20.0,20.0,1.5,44.0002,26.1482,0.0,1,1,1,1,280.0,320.0,3000.0,0.3424,0.3779
风电5-光伏2,5,2,45.0,7:00-8:00,8,3.3701999999999996,9.628,3.2,12.828,0.0,9.094038461538462,0.3637615384615384,12.828,0.0,0.0,0,1,1,0,0.0,145.5046153846154,727.5230769230768,0.6074,0.3779
风电5-光伏2,5,2,45.0,8:00-9:00,9,4.0098,22.324,10.88,33.204,0.0,20.0,0.7999999999999999,24.8098,0.0,8.394200000000001,0,1,1,0,0.0,320.0,1599.9999999999998,0.6074,0.3779
风电5-光伏2,5,2,45.0,9:00-10:00,10,4.199999999999999,20.928,17.92,38.848,0.0,20.0,0.8,25.0,0.0,13.847999999999999,0,1,1,0,0.0,320.0,1600.0,0.6074,0.3779
风电5-光伏2,5,2,45.0,10:00-11:00,11,4.1202,15.995999999999999,24.96,40.956,6.301099204332886,19.999999999999993,1.0205384721516508,31.44183767648453,0.0,9.514162323515475,1,1,1,0,88.21538886066041,319.9999999999999,2041.0769443033016,0.8024,0.3779
风电5-光伏2,5,2,45.0,11:00-12:00,12,3.9000000000000004,14.328000000000001,31.36,45.688,20.0,20.0,1.5,45.4,0.0,0.2880000000000038,1,1,1,0,280.0,320.0,3000.0,0.8024,0.3779
风电5-光伏2,5,2,45.0,12:00-13:00,13,3.2598000000000003,12.74,35.84,48.580000000000005,0.0,20.0,0.7999999999999999,24.0598,0.0,24.520200000000006,0,1,1,0,0.0,320.0,1599.9999999999998,0.8024,0.3779
风电5-光伏2,5,2,45.0,13:00-14:00,14,2.6898,12.812,37.12,49.931999999999995,0.0,20.0,0.8,23.4898,0.0,26.442199999999996,0,1,1,0,0.0,320.0,1600.0,0.8024,0.3779
风电5-光伏2,5,2,45.0,14:00-15:00,15,3.63,8.256,32.0,40.256,0.0,20.0,0.8,24.43,0.0,15.826,0,1,1,0,0.0,320.0,1600.0,0.8024,0.3779
风电5-光伏2,5,2,45.0,15:00-16:00,16,3.8202000000000003,8.556000000000001,25.6,34.156000000000006,0.0,20.0,0.8,24.6202,0.0,9.535800000000005,0,1,1,0,0.0,320.0,1600.0,0.6074,0.3779
风电5-光伏2,5,2,45.0,16:00-17:00,17,3.75,15.664,19.2,34.864,0.0,20.0,0.7999999999999999,24.55,0.0,10.313999999999997,0,1,1,0,0.0,320.0,1599.9999999999998,0.6074,0.3779
风电5-光伏2,5,2,45.0,17:00-18:00,18,3.1398,8.372,9.6,17.972,0.0,14.261730769230768,0.5704692307692307,17.971999999999998,0.0,3.552713678800501e-15,0,1,1,0,0.0,228.1876923076923,1140.9384615384615,0.6074,0.3779
风电5-光伏2,5,2,45.0,18:00-19:00,19,2.61,7.872,3.2,11.072,0.0,8.13653846153846,0.32546153846153847,11.072,0.0,0.0,0,1,1,0,0.0,130.18461538461537,650.9230769230769,0.8024,0.3779
风电5-光伏2,5,2,45.0,19:00-20:00,20,2.1198,11.175999999999998,0.0,11.175999999999998,0.0,8.707884615384618,0.3483153846153846,11.176000000000002,3.552713678800501e-15,0.0,0,1,1,0,0.0,139.3261538461539,696.6307692307691,0.8024,0.3779
风电5-光伏2,5,2,45.0,20:00-21:00,21,1.8599999999999999,9.884,0.0,9.884,0.0,7.7153846153846155,0.3086153846153846,9.884,0.0,0.0,0,1,1,0,0.0,123.44615384615385,617.2307692307693,0.8024,0.3779
风电5-光伏2,5,2,45.0,21:00-22:00,22,1.6301999999999999,9.02,0.0,9.02,0.0,7.105576923076923,0.2842230769230769,9.02,0.0,0.0,0,1,1,0,0.0,113.68923076923076,568.4461538461538,0.6074,0.3779
风电5-光伏2,5,2,45.0,22:00-23:00,23,1.56,6.204,0.0,6.204,0.0,4.4653846153846155,0.17861538461538462,6.204,0.0,0.0,0,1,1,0,0.0,71.44615384615385,357.2307692307692,0.6074,0.3779
风电5-光伏2,5,2,45.0,23:00-24:00,24,1.4802,16.928,0.0,16.928,20.0,20.0,1.5,42.980199999999996,26.052199999999996,0.0,1,1,1,1,280.0,320.0,3000.0,0.3424,0.3779
风电5-光伏2,5,2,36.0,0:00-1:00,1,1.3698000000000001,9.776,0.0,9.776,20.0,20.0,1.5,42.8698,33.0938,0.0,1,1,1,1,280.0,320.0,3000.0,0.3424,0.3779
风电5-光伏2,5,2,36.0,1:00-2:00,2,1.0997999999999999,13.5,0.0,13.5,20.0,20.0,1.5,42.5998,29.099800000000002,0.0,1,1,1,1,280.0,320.0,3000.0,0.3424,0.3779
风电5-光伏2,5,2,36.0,2:00-3:00,3,0.7998000000000001,15.392,0.0,15.392,20.0,20.0,1.5,42.299800000000005,26.907800000000005,0.0,1,1,1,1,280.0,320.0,3000.0,0.3424,0.3779
风电5-光伏2,5,2,36.0,3:00-4:00,4,0.99,13.312,0.0,13.312,20.0,19.999999999999993,1.4999999999999998,42.489999999999995,29.177999999999997,0.0,1,1,1,1,280.0,319.9999999999999,2999.9999999999995,0.3424,0.3779
风电5-光伏2,5,2,36.0,4:00-5:00,5,1.1802000000000001,15.144,0.0,15.144,20.0,20.0,1.5,42.6802,27.5362,0.0,1,1,1,1,280.0,320.0,3000.0,0.3424,0.3779
风电5-光伏2,5,2,36.0,5:00-6:00,6,1.6301999999999999,14.315999999999999,0.0,14.315999999999999,20.0,20.0,1.5,43.1302,28.814200000000003,0.0,1,1,1,1,280.0,320.0,3000.0,0.3424,0.3779
风电5-光伏2,5,2,36.0,6:00-7:00,7,2.5002,17.852,0.0,17.852,19.999999518189366,20.0,1.4999999831366277,44.00019950132599,26.148199501325987,0.0,1,1,1,1,279.99999325465114,320.0,2999.9999662732553,0.3424,0.3779
风电5-光伏2,5,2,36.0,7:00-8:00,8,3.3701999999999996,9.628,3.2,12.828,0.0,0.0,0.0,3.3701999999999996,0.0,9.457799999999999,0,0,0,0,0.0,0.0,0.0,0.6074,0.3779
风电5-光伏2,5,2,36.0,8:00-9:00,9,4.0098,22.324,10.88,33.204,0.0,20.0,0.7999999999999999,24.8098,0.0,8.394200000000001,0,1,1,0,0.0,320.0,1599.9999999999998,0.6074,0.3779
风电5-光伏2,5,2,36.0,9:00-10:00,10,4.199999999999999,20.928,17.92,38.848,0.0,20.0,0.8,25.0,0.0,13.847999999999999,0,1,1,0,0.0,320.0,1600.0,0.6074,0.3779
风电5-光伏2,5,2,36.0,10:00-11:00,11,4.1202,15.995999999999999,24.96,40.956,0.0,19.999999999999993,0.7999999999999997,24.920199999999994,0.0,16.03580000000001,0,1,1,0,0.0,319.9999999999999,1599.9999999999993,0.8024,0.3779
风电5-光伏2,5,2,36.0,11:00-12:00,12,3.9000000000000004,14.328000000000001,31.36,45.688,0.0,20.0,0.7999999999999999,24.7,0.0,20.988000000000003,0,1,1,0,0.0,320.0,1599.9999999999998,0.8024,0.3779
风电5-光伏2,5,2,36.0,12:00-13:00,13,3.2598000000000003,12.74,35.84,48.580000000000005,0.0,20.0,0.7999999999999999,24.0598,0.0,24.520200000000006,0,1,1,0,0.0,320.0,1599.9999999999998,0.8024,0.3779
风电5-光伏2,5,2,36.0,13:00-14:00,14,2.6898,12.812,37.12,49.931999999999995,0.0,10.000000421584353,0.4000000168633741,13.089800438447726,0.0,36.84219956155227,0,1,1,0,0.0,160.00000674534965,800.0000337267483,0.8024,0.3779
风电5-光伏2,5,2,36.0,14:00-15:00,15,3.63,8.256,32.0,40.256,0.0,0.0,0.0,3.63,0.0,36.626,0,0,0,0,0.0,0.0,0.0,0.8024,0.3779
风电5-光伏2,5,2,36.0,15:00-16:00,16,3.8202000000000003,8.556000000000001,25.6,34.156000000000006,0.0,20.0,0.8,24.6202,0.0,9.535800000000005,0,1,1,0,0.0,320.0,1600.0,0.6074,0.3779
风电5-光伏2,5,2,36.0,16:00-17:00,17,3.75,15.664,19.2,34.864,0.0,20.0,0.7999999999999999,24.55,0.0,10.313999999999997,0,1,1,0,0.0,320.0,1599.9999999999998,0.6074,0.3779
风电5-光伏2,5,2,36.0,17:00-18:00,18,3.1398,8.372,9.6,17.972,0.0,0.0,0.0,3.1398,0.0,14.8322,0,0,0,0,0.0,0.0,0.0,0.6074,0.3779
风电5-光伏2,5,2,36.0,18:00-19:00,19,2.61,7.872,3.2,11.072,0.0,0.0,0.0,2.61,0.0,8.462,0,0,0,0,0.0,0.0,0.0,0.8024,0.3779
风电5-光伏2,5,2,36.0,19:00-20:00,20,2.1198,11.175999999999998,0.0,11.175999999999998,0.0,0.0,0.0,2.1198,0.0,9.056199999999999,0,0,0,0,0.0,0.0,0.0,0.8024,0.3779
风电5-光伏2,5,2,36.0,20:00-21:00,21,1.8599999999999999,9.884,0.0,9.884,0.0,0.0,0.0,1.8599999999999999,0.0,8.024000000000001,0,0,0,0,0.0,0.0,0.0,0.8024,0.3779
风电5-光伏2,5,2,36.0,21:00-22:00,22,1.6301999999999999,9.02,0.0,9.02,0.0,0.0,0.0,1.6301999999999999,0.0,7.389799999999999,0,0,0,0,0.0,0.0,0.0,0.6074,0.3779
风电5-光伏2,5,2,36.0,22:00-23:00,23,1.56,6.204,0.0,6.204,0.0,0.0,0.0,1.56,0.0,4.644,0,0,0,0,0.0,0.0,0.0,0.6074,0.3779
风电5-光伏2,5,2,36.0,23:00-24:00,24,1.4802,16.928,0.0,16.928,20.0,20.0,1.5,42.980199999999996,26.052199999999996,0.0,1,1,1,1,280.0,320.0,3000.0,0.3424,0.3779
风电5-光伏3,5,3,72.0,0:00-1:00,1,1.3698000000000001,9.776,0.0,9.776,20.0,20.0,1.5,42.8698,33.0938,0.0,1,1,1,1,280.0,320.0,3000.0,0.3424,0.3779
风电5-光伏3,5,3,72.0,1:00-2:00,2,1.0997999999999999,13.5,0.0,13.5,20.0,20.0,1.5,42.5998,29.099800000000002,0.0,1,1,1,1,280.0,320.0,3000.0,0.3424,0.3779
风电5-光伏3,5,3,72.0,2:00-3:00,3,0.7998000000000001,15.392,0.0,15.392,20.0,20.0,1.5,42.299800000000005,26.907800000000005,0.0,1,1,1,1,280.0,320.0,3000.0,0.3424,0.3779
风电5-光伏3,5,3,72.0,3:00-4:00,4,0.99,13.312,0.0,13.312,20.0,20.0,1.5,42.489999999999995,29.177999999999997,0.0,1,1,1,1,280.0,320.0,3000.0,0.3424,0.3779
风电5-光伏3,5,3,72.0,4:00-5:00,5,1.1802000000000001,15.144,0.0,15.144,20.0,20.0,1.5,42.6802,27.5362,0.0,1,1,1,1,280.0,320.0,3000.0,0.3424,0.3779
风电5-光伏3,5,3,72.0,5:00-6:00,6,1.6301999999999999,14.315999999999999,0.0,14.315999999999999,20.0,20.0,1.5,43.1302,28.814200000000003,0.0,1,1,1,1,280.0,320.0,3000.0,0.3424,0.3779
风电5-光伏3,5,3,72.0,6:00-7:00,7,2.5002,17.852,0.0,17.852,20.0,20.0,1.5,44.0002,26.1482,0.0,1,1,1,1,280.0,320.0,3000.0,0.3424,0.3779
风电5-光伏3,5,3,72.0,7:00-8:00,8,3.3701999999999996,9.628,1.28,10.908,20.0,20.0,1.5,44.8702,33.962199999999996,0.0,1,1,1,1,280.0,320.0,3000.0,0.6074,0.3779
风电5-光伏3,5,3,72.0,8:00-9:00,9,4.0098,22.324,3.2,25.524,20.0,20.0,1.5,45.5098,19.985799999999998,0.0,1,1,1,1,280.0,320.0,3000.0,0.6074,0.3779
风电5-光伏3,5,3,72.0,9:00-10:00,10,4.199999999999999,20.928,5.12,26.048000000000002,20.0,20.0,1.5,45.7,19.652,0.0,1,1,1,1,280.0,320.0,3000.0,0.6074,0.3779
风电5-光伏3,5,3,72.0,10:00-11:00,11,4.1202,15.995999999999999,7.68,23.676,20.0,20.0,1.5,45.6202,21.9442,0.0,1,1,1,1,280.0,320.0,3000.0,0.8024,0.3779
风电5-光伏3,5,3,72.0,11:00-12:00,12,3.9000000000000004,14.328000000000001,11.52,25.848,20.0,20.0,1.5,45.4,19.552,0.0,1,1,1,1,280.0,320.0,3000.0,0.8024,0.3779
风电5-光伏3,5,3,72.0,12:00-13:00,13,3.2598000000000003,12.74,14.08,26.82,20.0,20.0,1.5,44.7598,17.939799999999998,0.0,1,1,1,1,280.0,320.0,3000.0,0.8024,0.3779
风电5-光伏3,5,3,72.0,13:00-14:00,14,2.6898,12.812,14.08,26.892,20.0,20.0,1.5,44.1898,17.2978,0.0,1,1,1,1,280.0,320.0,3000.0,0.8024,0.3779
风电5-光伏3,5,3,72.0,14:00-15:00,15,3.63,8.256,11.52,19.776,20.0,20.0,1.5,45.129999999999995,25.353999999999996,0.0,1,1,1,1,280.0,320.0,3000.0,0.8024,0.3779
风电5-光伏3,5,3,72.0,15:00-16:00,16,3.8202000000000003,8.556000000000001,7.04,15.596,20.0,20.0,1.5,45.3202,29.7242,0.0,1,1,1,1,280.0,320.0,3000.0,0.6074,0.3779
风电5-光伏3,5,3,72.0,16:00-17:00,17,3.75,15.664,5.12,20.784,20.0,20.0,1.5,45.25,24.466,0.0,1,1,1,1,280.0,320.0,3000.0,0.6074,0.3779
风电5-光伏3,5,3,72.0,17:00-18:00,18,3.1398,8.372,3.2,11.572,20.0,20.0,1.5,44.6398,33.067800000000005,0.0,1,1,1,1,280.0,320.0,3000.0,0.6074,0.3779
风电5-光伏3,5,3,72.0,18:00-19:00,19,2.61,7.872,1.28,9.152,20.0,20.0,1.5,44.11,34.958,0.0,1,1,1,1,280.0,320.0,3000.0,0.8024,0.3779
风电5-光伏3,5,3,72.0,19:00-20:00,20,2.1198,11.175999999999998,0.0,11.175999999999998,20.0,20.0,1.5,43.6198,32.443799999999996,0.0,1,1,1,1,280.0,320.0,3000.0,0.8024,0.3779
风电5-光伏3,5,3,72.0,20:00-21:00,21,1.8599999999999999,9.884,0.0,9.884,20.0,20.0,1.5,43.36,33.476,0.0,1,1,1,1,280.0,320.0,3000.0,0.8024,0.3779
风电5-光伏3,5,3,72.0,21:00-22:00,22,1.6301999999999999,9.02,0.0,9.02,20.0,20.0,1.5,43.1302,34.110200000000006,0.0,1,1,1,1,280.0,320.0,3000.0,0.6074,0.3779
风电5-光伏3,5,3,72.0,22:00-23:00,23,1.56,6.204,0.0,6.204,20.0,20.0,1.5,43.06,36.856,0.0,1,1,1,1,280.0,320.0,3000.0,0.6074,0.3779
风电5-光伏3,5,3,72.0,23:00-24:00,24,1.4802,16.928,0.0,16.928,20.0,20.0,1.5,42.980199999999996,26.052199999999996,0.0,1,1,1,1,280.0,320.0,3000.0,0.3424,0.3779
风电5-光伏3,5,3,63.0,0:00-1:00,1,1.3698000000000001,9.776,0.0,9.776,20.0,19.999999999999993,1.4999999999999998,42.8698,33.0938,0.0,1,1,1,1,280.0,319.9999999999999,2999.9999999999995,0.3424,0.3779
风电5-光伏3,5,3,63.0,1:00-2:00,2,1.0997999999999999,13.5,0.0,13.5,20.0,20.0,1.5,42.5998,29.099800000000002,0.0,1,1,1,1,280.0,320.0,3000.0,0.3424,0.3779
风电5-光伏3,5,3,63.0,2:00-3:00,3,0.7998000000000001,15.392,0.0,15.392,20.0,20.0,1.5,42.299800000000005,26.907800000000005,0.0,1,1,1,1,280.0,320.0,3000.0,0.3424,0.3779
风电5-光伏3,5,3,63.0,3:00-4:00,4,0.99,13.312,0.0,13.312,20.0,19.999999999999993,1.4999999999999998,42.489999999999995,29.177999999999997,0.0,1,1,1,1,280.0,319.9999999999999,2999.9999999999995,0.3424,0.3779
风电5-光伏3,5,3,63.0,4:00-5:00,5,1.1802000000000001,15.144,0.0,15.144,20.0,20.0,1.5,42.6802,27.5362,0.0,1,1,1,1,280.0,320.0,3000.0,0.3424,0.3779
风电5-光伏3,5,3,63.0,5:00-6:00,6,1.6301999999999999,14.315999999999999,0.0,14.315999999999999,20.0,20.0,1.5,43.1302,28.814200000000003,0.0,1,1,1,1,280.0,320.0,3000.0,0.3424,0.3779
风电5-光伏3,5,3,63.0,6:00-7:00,7,2.5002,17.852,0.0,17.852,20.0,20.0,1.5,44.0002,26.1482,0.0,1,1,1,1,280.0,320.0,3000.0,0.3424,0.3779
风电5-光伏3,5,3,63.0,7:00-8:00,8,3.3701999999999996,9.628,1.28,10.908,20.0,20.0,1.5,44.8702,33.962199999999996,0.0,1,1,1,1,280.0,320.0,3000.0,0.6074,0.3779
风电5-光伏3,5,3,63.0,8:00-9:00,9,4.0098,22.324,3.2,25.524,20.0,19.999999999999993,1.4999999999999998,45.50979999999999,19.98579999999999,0.0,1,1,1,1,280.0,319.9999999999999,2999.9999999999995,0.6074,0.3779
风电5-光伏3,5,3,63.0,9:00-10:00,10,4.199999999999999,20.928,5.12,26.048000000000002,19.999999999999993,20.0,1.4999999999999998,45.69999999999999,19.651999999999987,0.0,1,1,1,1,279.9999999999999,320.0,2999.9999999999995,0.6074,0.3779
风电5-光伏3,5,3,63.0,10:00-11:00,11,4.1202,15.995999999999999,7.68,23.676,0.0,19.999999999999996,0.7999999999999998,24.920199999999998,1.2441999999999993,0.0,0,1,1,1,0.0,319.99999999999994,1599.9999999999995,0.8024,0.3779
风电5-光伏3,5,3,63.0,11:00-12:00,12,3.9000000000000004,14.328000000000001,11.52,25.848,5.474561766735657,20.0,0.9916096618357481,30.366171428571405,4.5181714285714065,0.0,1,1,1,1,76.6438647342992,320.0,1983.219323671496,0.8024,0.3779
风电5-光伏3,5,3,63.0,12:00-13:00,13,3.2598000000000003,12.74,14.08,26.82,2.666859903381643,20.0,0.8933400966183576,26.82,0.0,0.0,1,1,1,0,37.336038647343,320.0,1786.680193236715,0.8024,0.3779
风电5-光伏3,5,3,63.0,13:00-14:00,14,2.6898,12.812,14.08,26.892,3.287149758454105,20.0,0.9150502415458937,26.892,0.0,0.0,1,1,1,0,46.02009661835747,320.0,1830.1004830917873,0.8024,0.3779
风电5-光伏3,5,3,63.0,14:00-15:00,15,3.63,8.256,11.52,19.776,0.0,20.0,0.7999999999999999,24.43,4.654,0.0,0,1,1,1,0.0,320.0,1599.9999999999998,0.8024,0.3779
风电5-光伏3,5,3,63.0,15:00-16:00,16,3.8202000000000003,8.556000000000001,7.04,15.596,20.0,20.0,1.5,45.3202,29.7242,0.0,1,1,1,1,280.0,320.0,3000.0,0.6074,0.3779
风电5-光伏3,5,3,63.0,16:00-17:00,17,3.75,15.664,5.12,20.784,20.0,20.0,1.5,45.25,24.466,0.0,1,1,1,1,280.0,320.0,3000.0,0.6074,0.3779
风电5-光伏3,5,3,63.0,17:00-18:00,18,3.1398,8.372,3.2,11.572,20.0,19.999999999999993,1.4999999999999998,44.639799999999994,33.06779999999999,0.0,1,1,1,1,280.0,319.9999999999999,2999.9999999999995,0.6074,0.3779
风电5-光伏3,5,3,63.0,18:00-19:00,19,2.61,7.872,1.28,9.152,0.0,20.0,0.7999999999999999,23.41,14.258000000000001,0.0,0,1,1,1,0.0,320.0,1599.9999999999998,0.8024,0.3779
风电5-光伏3,5,3,63.0,19:00-20:00,20,2.1198,11.175999999999998,0.0,11.175999999999998,19.999999999999993,20.0,1.4999999999999998,43.6198,32.443799999999996,0.0,1,1,1,1,279.9999999999999,320.0,2999.9999999999995,0.8024,0.3779
风电5-光伏3,5,3,63.0,20:00-21:00,21,1.8599999999999999,9.884,0.0,9.884,0.0,20.0,0.7999999999999999,22.66,12.776,0.0,0,1,1,1,0.0,320.0,1599.9999999999998,0.8024,0.3779
风电5-光伏3,5,3,63.0,21:00-22:00,22,1.6301999999999999,9.02,0.0,9.02,19.999999999999993,20.0,1.4999999999999998,43.13019999999999,34.11019999999999,0.0,1,1,1,1,279.9999999999999,320.0,2999.9999999999995,0.6074,0.3779
风电5-光伏3,5,3,63.0,22:00-23:00,23,1.56,6.204,0.0,6.204,20.0,20.0,1.5,43.06,36.856,0.0,1,1,1,1,280.0,320.0,3000.0,0.6074,0.3779
风电5-光伏3,5,3,63.0,23:00-24:00,24,1.4802,16.928,0.0,16.928,20.0,20.0,1.5,42.980199999999996,26.052199999999996,0.0,1,1,1,1,280.0,320.0,3000.0,0.3424,0.3779
风电5-光伏3,5,3,54.0,0:00-1:00,1,1.3698000000000001,9.776,0.0,9.776,20.000000000000007,19.999999999999993,1.5,42.8698,33.0938,0.0,1,1,1,1,280.0000000000001,319.9999999999999,3000.0,0.3424,0.3779
风电5-光伏3,5,3,54.0,1:00-2:00,2,1.0997999999999999,13.5,0.0,13.5,20.0,20.0,1.5,42.5998,29.099800000000002,0.0,1,1,1,1,280.0,320.0,3000.0,0.3424,0.3779
风电5-光伏3,5,3,54.0,2:00-3:00,3,0.7998000000000001,15.392,0.0,15.392,20.0,20.0,1.5,42.299800000000005,26.907800000000005,0.0,1,1,1,1,280.0,320.0,3000.0,0.3424,0.3779
风电5-光伏3,5,3,54.0,3:00-4:00,4,0.99,13.312,0.0,13.312,19.999999999999996,19.999999999999996,1.4999999999999998,42.489999999999995,29.177999999999997,0.0,1,1,1,1,279.99999999999994,319.99999999999994,2999.9999999999995,0.3424,0.3779
风电5-光伏3,5,3,54.0,4:00-5:00,5,1.1802000000000001,15.144,0.0,15.144,20.0,20.0,1.5,42.6802,27.5362,0.0,1,1,1,1,280.0,320.0,3000.0,0.3424,0.3779
风电5-光伏3,5,3,54.0,5:00-6:00,6,1.6301999999999999,14.315999999999999,0.0,14.315999999999999,20.0,20.0,1.5,43.1302,28.814200000000003,0.0,1,1,1,1,280.0,320.0,3000.0,0.3424,0.3779
风电5-光伏3,5,3,54.0,6:00-7:00,7,2.5002,17.852,0.0,17.852,20.0,20.0,1.5,44.0002,26.1482,0.0,1,1,1,1,280.0,320.0,3000.0,0.3424,0.3779
风电5-光伏3,5,3,54.0,7:00-8:00,8,3.3701999999999996,9.628,1.28,10.908,20.000000000000007,20.0,1.5000000000000002,44.87020000000001,33.96220000000001,0.0,1,1,1,1,280.0000000000001,320.0,3000.0000000000005,0.6074,0.3779
风电5-光伏3,5,3,54.0,8:00-9:00,9,4.0098,22.324,3.2,25.524,5.010825577796523,20.000000000000004,0.9753788952228784,29.996004473019404,4.472004473019403,0.0,1,1,1,1,70.15155808915132,320.00000000000006,1950.7577904457567,0.6074,0.3779
风电5-光伏3,5,3,54.0,9:00-10:00,10,4.199999999999999,20.928,5.12,26.048000000000002,19.999999999999993,20.0,1.4999999999999998,45.69999999999999,19.651999999999987,0.0,1,1,1,1,279.9999999999999,320.0,2999.9999999999995,0.6074,0.3779
风电5-光伏3,5,3,54.0,10:00-11:00,11,4.1202,15.995999999999999,7.68,23.676,0.0,18.803653846153846,0.7521461538461538,23.676000000000002,3.552713678800501e-15,0.0,0,1,1,0,0.0,300.85846153846154,1504.2923076923075,0.8024,0.3779
风电5-光伏3,5,3,54.0,11:00-12:00,12,3.9000000000000004,14.328000000000001,11.52,25.848,2.0,19.11346153846154,0.8345384615384616,25.848000000000003,3.552713678800501e-15,0.0,1,1,1,0,28.0,305.81538461538463,1669.076923076923,0.8024,0.3779
风电5-光伏3,5,3,54.0,12:00-13:00,13,3.2598000000000003,12.74,14.08,26.82,2.6668604479053903,19.99999945809416,0.893340094000455,26.820000000000004,3.552713678800501e-15,0.0,1,1,1,1,37.33604627067547,319.99999132950654,1786.68018800091,0.8024,0.3779
风电5-光伏3,5,3,54.0,13:00-14:00,14,2.6898,12.812,14.08,26.892,3.287149758454105,20.0,0.9150502415458937,26.892,0.0,0.0,1,1,1,0,46.02009661835747,320.0,1830.1004830917873,0.8024,0.3779
风电5-光伏3,5,3,54.0,14:00-15:00,15,3.63,8.256,11.52,19.776,0.0,15.525,0.621,19.776,0.0,0.0,0,1,1,0,0.0,248.4,1242.0,0.8024,0.3779
风电5-光伏3,5,3,54.0,15:00-16:00,16,3.8202000000000003,8.556000000000001,7.04,15.596,20.000000000000007,19.999999999999993,1.5,45.3202,29.7242,0.0,1,1,1,1,280.0000000000001,319.9999999999999,3000.0,0.6074,0.3779
风电5-光伏3,5,3,54.0,16:00-17:00,17,3.75,15.664,5.12,20.784,20.000000000000004,19.999999999999996,1.5,45.25,24.466,0.0,1,1,1,1,280.00000000000006,319.99999999999994,3000.0,0.6074,0.3779
风电5-光伏3,5,3,54.0,17:00-18:00,18,3.1398,8.372,3.2,11.572,0.0,20.0,0.7999999999999999,23.9398,12.367800000000003,0.0,0,1,1,1,0.0,320.0,1599.9999999999998,0.6074,0.3779
风电5-光伏3,5,3,54.0,18:00-19:00,19,2.61,7.872,1.28,9.152,0.0,6.290384615384616,0.25161538461538463,9.152,0.0,0.0,0,1,1,0,0.0,100.64615384615385,503.2307692307693,0.8024,0.3779
风电5-光伏3,5,3,54.0,19:00-20:00,20,2.1198,11.175999999999998,0.0,11.175999999999998,0.0,8.707884615384614,0.3483153846153846,11.175999999999998,0.0,0.0,0,1,1,0,0.0,139.32615384615383,696.6307692307691,0.8024,0.3779
风电5-光伏3,5,3,54.0,20:00-21:00,21,1.8599999999999999,9.884,0.0,9.884,0.0,7.7153846153846155,0.3086153846153846,9.884,0.0,0.0,0,1,1,0,0.0,123.44615384615385,617.2307692307693,0.8024,0.3779
风电5-光伏3,5,3,54.0,21:00-22:00,22,1.6301999999999999,9.02,0.0,9.02,20.0,20.0,1.5,43.1302,34.110200000000006,0.0,1,1,1,1,280.0,320.0,3000.0,0.6074,0.3779
风电5-光伏3,5,3,54.0,22:00-23:00,23,1.56,6.204,0.0,6.204,0.0,20.0,0.7999999999999999,22.36,16.156,0.0,0,1,1,1,0.0,320.0,1599.9999999999998,0.6074,0.3779
风电5-光伏3,5,3,54.0,23:00-24:00,24,1.4802,16.928,0.0,16.928,20.0,20.0,1.5,42.980199999999996,26.052199999999996,0.0,1,1,1,1,280.0,320.0,3000.0,0.3424,0.3779
风电5-光伏3,5,3,45.0,0:00-1:00,1,1.3698000000000001,9.776,0.0,9.776,20.000000000000007,19.999999999999993,1.5,42.8698,33.0938,0.0,1,1,1,1,280.0000000000001,319.9999999999999,3000.0,0.3424,0.3779
风电5-光伏3,5,3,45.0,1:00-2:00,2,1.0997999999999999,13.5,0.0,13.5,20.0,20.0,1.5,42.5998,29.099800000000002,0.0,1,1,1,1,280.0,320.0,3000.0,0.3424,0.3779
风电5-光伏3,5,3,45.0,2:00-3:00,3,0.7998000000000001,15.392,0.0,15.392,20.0,20.0,1.5,42.299800000000005,26.907800000000005,0.0,1,1,1,1,280.0,320.0,3000.0,0.3424,0.3779
风电5-光伏3,5,3,45.0,3:00-4:00,4,0.99,13.312,0.0,13.312,19.999999999999996,19.999999999999996,1.4999999999999998,42.489999999999995,29.177999999999997,0.0,1,1,1,1,279.99999999999994,319.99999999999994,2999.9999999999995,0.3424,0.3779
风电5-光伏3,5,3,45.0,4:00-5:00,5,1.1802000000000001,15.144,0.0,15.144,20.0,20.0,1.5,42.6802,27.5362,0.0,1,1,1,1,280.0,320.0,3000.0,0.3424,0.3779
风电5-光伏3,5,3,45.0,5:00-6:00,6,1.6301999999999999,14.315999999999999,0.0,14.315999999999999,20.0,20.0,1.5,43.1302,28.814200000000003,0.0,1,1,1,1,280.0,320.0,3000.0,0.3424,0.3779
风电5-光伏3,5,3,45.0,6:00-7:00,7,2.5002,17.852,0.0,17.852,20.000000000000004,19.999999999999996,1.5,44.0002,26.1482,0.0,1,1,1,1,280.00000000000006,319.99999999999994,3000.0,0.3424,0.3779
风电5-光伏3,5,3,45.0,7:00-8:00,8,3.3701999999999996,9.628,1.28,10.908,0.0,13.68408774930135,0.547363509972054,17.601651259273403,6.693651259273404,0.0,0,1,1,1,0.0,218.9454039888216,1094.727019944108,0.6074,0.3779
风电5-光伏3,5,3,45.0,8:00-9:00,9,4.0098,22.324,3.2,25.524,2.0,18.696346153846157,0.8178538461538463,25.524,0.0,0.0,1,1,1,0,28.0,299.1415384615385,1635.7076923076925,0.6074,0.3779
风电5-光伏3,5,3,45.0,9:00-10:00,10,4.199999999999999,20.928,5.12,26.048000000000002,2.000000412351235,19.01730728193892,0.83069230570985,26.048000000000002,0.0,0.0,1,1,1,0,28.00000577291729,304.2769165110227,1661.3846114197,0.6074,0.3779
风电5-光伏3,5,3,45.0,10:00-11:00,11,4.1202,15.995999999999999,7.68,23.676,0.0,18.803653846153846,0.7521461538461538,23.676000000000002,3.552713678800501e-15,0.0,0,1,1,0,0.0,300.85846153846154,1504.2923076923075,0.8024,0.3779
风电5-光伏3,5,3,45.0,11:00-12:00,12,3.9000000000000004,14.328000000000001,11.52,25.848,2.0,19.11346153846154,0.8345384615384616,25.848000000000003,3.552713678800501e-15,0.0,1,1,1,0,28.0,305.81538461538463,1669.076923076923,0.8024,0.3779
风电5-光伏3,5,3,45.0,12:00-13:00,13,3.2598000000000003,12.74,14.08,26.82,2.666859903381643,20.0,0.8933400966183576,26.82,0.0,0.0,1,1,1,1,37.336038647343,320.0,1786.680193236715,0.8024,0.3779
风电5-光伏3,5,3,45.0,13:00-14:00,14,2.6898,12.812,14.08,26.892,3.287149758454105,20.0,0.9150502415458937,26.892,0.0,0.0,1,1,1,0,46.02009661835747,320.0,1830.1004830917873,0.8024,0.3779
风电5-光伏3,5,3,45.0,14:00-15:00,15,3.63,8.256,11.52,19.776,0.0,15.525,0.621,19.776,0.0,0.0,0,1,1,0,0.0,248.4,1242.0,0.8024,0.3779
风电5-光伏3,5,3,45.0,15:00-16:00,16,3.8202000000000003,8.556000000000001,7.04,15.596,0.0,20.0,0.7999999999999999,24.6202,9.0242,0.0,0,1,1,1,0.0,320.0,1599.9999999999998,0.6074,0.3779
风电5-光伏3,5,3,45.0,16:00-17:00,17,3.75,15.664,5.12,20.784,0.0,16.37884615384615,0.6551538461538461,20.784,0.0,0.0,0,1,1,0,0.0,262.0615384615384,1310.3076923076922,0.6074,0.3779
风电5-光伏3,5,3,45.0,17:00-18:00,18,3.1398,8.372,3.2,11.572,0.0,8.107884615384615,0.32431538461538456,11.572,0.0,0.0,0,1,1,0,0.0,129.72615384615384,648.6307692307691,0.6074,0.3779
风电5-光伏3,5,3,45.0,18:00-19:00,19,2.61,7.872,1.28,9.152,0.0,6.290384615384616,0.25161538461538463,9.152,0.0,0.0,0,1,1,0,0.0,100.64615384615385,503.2307692307693,0.8024,0.3779
风电5-光伏3,5,3,45.0,19:00-20:00,20,2.1198,11.175999999999998,0.0,11.175999999999998,0.0,8.707884615384614,0.3483153846153846,11.175999999999998,0.0,0.0,0,1,1,0,0.0,139.32615384615383,696.6307692307691,0.8024,0.3779
风电5-光伏3,5,3,45.0,20:00-21:00,21,1.8599999999999999,9.884,0.0,9.884,0.0,7.7153846153846155,0.3086153846153846,9.884,0.0,0.0,0,1,1,0,0.0,123.44615384615385,617.2307692307693,0.8024,0.3779
风电5-光伏3,5,3,45.0,21:00-22:00,22,1.6301999999999999,9.02,0.0,9.02,0.0,20.0,0.7999999999999999,22.4302,13.4102,0.0,0,1,1,1,0.0,320.0,1599.9999999999998,0.6074,0.3779
风电5-光伏3,5,3,45.0,22:00-23:00,23,1.56,6.204,0.0,6.204,0.0,20.0,0.7999999999999999,22.36,16.156,0.0,0,1,1,1,0.0,320.0,1599.9999999999998,0.6074,0.3779
风电5-光伏3,5,3,45.0,23:00-24:00,24,1.4802,16.928,0.0,16.928,20.0,20.0,1.5,42.980199999999996,26.052199999999996,0.0,1,1,1,1,280.0,320.0,3000.0,0.3424,0.3779
风电5-光伏3,5,3,36.0,0:00-1:00,1,1.3698000000000001,9.776,0.0,9.776,20.0,19.999999999999993,1.4999999999999998,42.8698,33.0938,0.0,1,1,1,1,280.0,319.9999999999999,2999.9999999999995,0.3424,0.3779
风电5-光伏3,5,3,36.0,1:00-2:00,2,1.0997999999999999,13.5,0.0,13.5,20.000000000000007,20.0,1.5000000000000002,42.5998,29.099800000000002,0.0,1,1,1,1,280.0000000000001,320.0,3000.0000000000005,0.3424,0.3779
风电5-光伏3,5,3,36.0,2:00-3:00,3,0.7998000000000001,15.392,0.0,15.392,20.0,20.0,1.5,42.299800000000005,26.907800000000005,0.0,1,1,1,1,280.0,320.0,3000.0,0.3424,0.3779
风电5-光伏3,5,3,36.0,3:00-4:00,4,0.99,13.312,0.0,13.312,20.0,19.999999999999993,1.4999999999999998,42.489999999999995,29.177999999999997,0.0,1,1,1,1,280.0,319.9999999999999,2999.9999999999995,0.3424,0.3779
风电5-光伏3,5,3,36.0,4:00-5:00,5,1.1802000000000001,15.144,0.0,15.144,20.0,20.0,1.5,42.6802,27.5362,0.0,1,1,1,1,280.0,320.0,3000.0,0.3424,0.3779
风电5-光伏3,5,3,36.0,5:00-6:00,6,1.6301999999999999,14.315999999999999,0.0,14.315999999999999,19.999999457788576,20.0,1.4999999810226001,43.130199438811175,28.814199438811176,0.0,1,1,1,1,279.99999240904003,320.0,2999.9999620452004,0.3424,0.3779
风电5-光伏3,5,3,36.0,6:00-7:00,7,2.5002,17.852,0.0,17.852,20.0,20.0,1.5,44.0002,26.1482,0.0,1,1,1,1,280.0,320.0,3000.0,0.3424,0.3779
风电5-光伏3,5,3,36.0,7:00-8:00,8,3.3701999999999996,9.628,1.28,10.908,0.0,0.0,0.0,3.3701999999999996,0.0,7.5378,0,0,0,0,0.0,0.0,0.0,0.6074,0.3779
风电5-光伏3,5,3,36.0,8:00-9:00,9,4.0098,22.324,3.2,25.524,0.0,20.0,0.8,24.8098,0.0,0.7142000000000017,0,1,1,0,0.0,320.0,1600.0,0.6074,0.3779
风电5-光伏3,5,3,36.0,9:00-10:00,10,4.199999999999999,20.928,5.12,26.048000000000002,0.0,20.0,0.7999999999999999,25.0,0.0,1.0480000000000018,0,1,1,0,0.0,320.0,1599.9999999999998,0.6074,0.3779
风电5-光伏3,5,3,36.0,10:00-11:00,11,4.1202,15.995999999999999,7.68,23.676,0.0,18.803653846153846,0.7521461538461538,23.676000000000002,3.552713678800501e-15,0.0,0,1,1,0,0.0,300.85846153846154,1504.2923076923075,0.8024,0.3779
风电5-光伏3,5,3,36.0,11:00-12:00,12,3.9000000000000004,14.328000000000001,11.52,25.848,0.0,20.0,0.7999999999999999,24.7,0.0,1.1479999999999997,0,1,1,0,0.0,320.0,1599.9999999999998,0.8024,0.3779
风电5-光伏3,5,3,36.0,12:00-13:00,13,3.2598000000000003,12.74,14.08,26.82,0.0,20.0,0.7999999999999999,24.0598,0.0,2.760200000000001,0,1,1,0,0.0,320.0,1599.9999999999998,0.8024,0.3779
风电5-光伏3,5,3,36.0,13:00-14:00,14,2.6898,12.812,14.08,26.892,0.0,20.0,0.7999999999999999,23.4898,0.0,3.4022000000000006,0,1,1,0,0.0,320.0,1599.9999999999998,0.8024,0.3779
风电5-光伏3,5,3,36.0,14:00-15:00,15,3.63,8.256,11.52,19.776,0.0,0.0,0.0,3.63,0.0,16.146,0,0,0,0,0.0,0.0,0.0,0.8024,0.3779
风电5-光伏3,5,3,36.0,15:00-16:00,16,3.8202000000000003,8.556000000000001,7.04,15.596,0.0,0.0,0.0,3.8202000000000003,0.0,11.7758,0,0,0,0,0.0,0.0,0.0,0.6074,0.3779
风电5-光伏3,5,3,36.0,16:00-17:00,17,3.75,15.664,5.12,20.784,0.0,16.37884615384615,0.6551538461538461,20.784,0.0,0.0,0,1,1,0,0.0,262.0615384615384,1310.3076923076922,0.6074,0.3779
风电5-光伏3,5,3,36.0,17:00-18:00,18,3.1398,8.372,3.2,11.572,0.0,8.107884615384615,0.32431538461538456,11.572,0.0,0.0,0,1,1,0,0.0,129.72615384615384,648.6307692307691,0.6074,0.3779
风电5-光伏3,5,3,36.0,18:00-19:00,19,2.61,7.872,1.28,9.152,0.0,0.0,0.0,2.61,0.0,6.542,0,0,0,0,0.0,0.0,0.0,0.8024,0.3779
风电5-光伏3,5,3,36.0,19:00-20:00,20,2.1198,11.175999999999998,0.0,11.175999999999998,0.0,6.709615859050438,0.26838463436201754,9.097800493412457,0.0,2.0781995065875414,0,1,1,0,0.0,107.35385374480701,536.7692687240351,0.8024,0.3779
风电5-光伏3,5,3,36.0,20:00-21:00,21,1.8599999999999999,9.884,0.0,9.884,0.0,0.0,0.0,1.8599999999999999,0.0,8.024000000000001,0,0,0,0,0.0,0.0,0.0,0.8024,0.3779
风电5-光伏3,5,3,36.0,21:00-22:00,22,1.6301999999999999,9.02,0.0,9.02,0.0,0.0,0.0,1.6301999999999999,0.0,7.389799999999999,0,0,0,0,0.0,0.0,0.0,0.6074,0.3779
风电5-光伏3,5,3,36.0,22:00-23:00,23,1.56,6.204,0.0,6.204,0.0,0.0,0.0,1.56,0.0,4.644,0,0,0,0,0.0,0.0,0.0,0.6074,0.3779
风电5-光伏3,5,3,36.0,23:00-24:00,24,1.4802,16.928,0.0,16.928,20.0,20.0,1.5,42.980199999999996,26.052199999999996,0.0,1,1,1,1,280.0,320.0,3000.0,0.3424,0.3779
风电5-光伏4,5,4,72.0,0:00-1:00,1,1.3698000000000001,9.776,0.0,9.776,20.0,20.0,1.5,42.8698,33.0938,0.0,1,1,1,1,280.0,320.0,3000.0,0.3424,0.3779
风电5-光伏4,5,4,72.0,1:00-2:00,2,1.0997999999999999,13.5,0.0,13.5,20.0,20.0,1.5,42.5998,29.099800000000002,0.0,1,1,1,1,280.0,320.0,3000.0,0.3424,0.3779
风电5-光伏4,5,4,72.0,2:00-3:00,3,0.7998000000000001,15.392,0.0,15.392,20.0,20.0,1.5,42.299800000000005,26.907800000000005,0.0,1,1,1,1,280.0,320.0,3000.0,0.3424,0.3779
风电5-光伏4,5,4,72.0,3:00-4:00,4,0.99,13.312,0.0,13.312,20.0,20.0,1.5,42.489999999999995,29.177999999999997,0.0,1,1,1,1,280.0,320.0,3000.0,0.3424,0.3779
风电5-光伏4,5,4,72.0,4:00-5:00,5,1.1802000000000001,15.144,0.0,15.144,20.0,20.0,1.5,42.6802,27.5362,0.0,1,1,1,1,280.0,320.0,3000.0,0.3424,0.3779
风电5-光伏4,5,4,72.0,5:00-6:00,6,1.6301999999999999,14.315999999999999,0.0,14.315999999999999,20.0,20.0,1.5,43.1302,28.814200000000003,0.0,1,1,1,1,280.0,320.0,3000.0,0.3424,0.3779
风电5-光伏4,5,4,72.0,6:00-7:00,7,2.5002,17.852,0.0,17.852,20.0,20.0,1.5,44.0002,26.1482,0.0,1,1,1,1,280.0,320.0,3000.0,0.3424,0.3779
风电5-光伏4,5,4,72.0,7:00-8:00,8,3.3701999999999996,9.628,0.0,9.628,20.0,20.0,1.5,44.8702,35.2422,0.0,1,1,1,1,280.0,320.0,3000.0,0.6074,0.3779
风电5-光伏4,5,4,72.0,8:00-9:00,9,4.0098,22.324,0.0,22.324,20.0,20.0,1.5,45.5098,23.185799999999997,0.0,1,1,1,1,280.0,320.0,3000.0,0.6074,0.3779
风电5-光伏4,5,4,72.0,9:00-10:00,10,4.199999999999999,20.928,0.0,20.928,20.0,20.0,1.5,45.7,24.772000000000002,0.0,1,1,1,1,280.0,320.0,3000.0,0.6074,0.3779
风电5-光伏4,5,4,72.0,10:00-11:00,11,4.1202,15.995999999999999,0.0,15.995999999999999,20.0,20.0,1.5,45.6202,29.6242,0.0,1,1,1,1,280.0,320.0,3000.0,0.8024,0.3779
风电5-光伏4,5,4,72.0,11:00-12:00,12,3.9000000000000004,14.328000000000001,1.28,15.608,20.0,20.0,1.5,45.4,29.791999999999998,0.0,1,1,1,1,280.0,320.0,3000.0,0.8024,0.3779
风电5-光伏4,5,4,72.0,12:00-13:00,13,3.2598000000000003,12.74,5.12,17.86,20.0,20.0,1.5,44.7598,26.8998,0.0,1,1,1,1,280.0,320.0,3000.0,0.8024,0.3779
风电5-光伏4,5,4,72.0,13:00-14:00,14,2.6898,12.812,7.68,20.491999999999997,20.0,20.0,1.5,44.1898,23.6978,0.0,1,1,1,1,280.0,320.0,3000.0,0.8024,0.3779
风电5-光伏4,5,4,72.0,14:00-15:00,15,3.63,8.256,5.12,13.376000000000001,20.0,20.0,1.5,45.129999999999995,31.753999999999994,0.0,1,1,1,1,280.0,320.0,3000.0,0.8024,0.3779
风电5-光伏4,5,4,72.0,15:00-16:00,16,3.8202000000000003,8.556000000000001,1.28,9.836,20.0,20.0,1.5,45.3202,35.4842,0.0,1,1,1,1,280.0,320.0,3000.0,0.6074,0.3779
风电5-光伏4,5,4,72.0,16:00-17:00,17,3.75,15.664,0.0,15.664,20.0,20.0,1.5,45.25,29.586,0.0,1,1,1,1,280.0,320.0,3000.0,0.6074,0.3779
风电5-光伏4,5,4,72.0,17:00-18:00,18,3.1398,8.372,0.0,8.372,20.0,20.0,1.5,44.6398,36.2678,0.0,1,1,1,1,280.0,320.0,3000.0,0.6074,0.3779
风电5-光伏4,5,4,72.0,18:00-19:00,19,2.61,7.872,0.0,7.872,20.0,20.0,1.5,44.11,36.238,0.0,1,1,1,1,280.0,320.0,3000.0,0.8024,0.3779
风电5-光伏4,5,4,72.0,19:00-20:00,20,2.1198,11.175999999999998,0.0,11.175999999999998,20.0,20.0,1.5,43.6198,32.443799999999996,0.0,1,1,1,1,280.0,320.0,3000.0,0.8024,0.3779
风电5-光伏4,5,4,72.0,20:00-21:00,21,1.8599999999999999,9.884,0.0,9.884,20.0,20.0,1.5,43.36,33.476,0.0,1,1,1,1,280.0,320.0,3000.0,0.8024,0.3779
风电5-光伏4,5,4,72.0,21:00-22:00,22,1.6301999999999999,9.02,0.0,9.02,20.0,20.0,1.5,43.1302,34.110200000000006,0.0,1,1,1,1,280.0,320.0,3000.0,0.6074,0.3779
风电5-光伏4,5,4,72.0,22:00-23:00,23,1.56,6.204,0.0,6.204,20.0,20.0,1.5,43.06,36.856,0.0,1,1,1,1,280.0,320.0,3000.0,0.6074,0.3779
风电5-光伏4,5,4,72.0,23:00-24:00,24,1.4802,16.928,0.0,16.928,20.0,20.0,1.5,42.980199999999996,26.052199999999996,0.0,1,1,1,1,280.0,320.0,3000.0,0.3424,0.3779
风电5-光伏4,5,4,63.0,0:00-1:00,1,1.3698000000000001,9.776,0.0,9.776,20.0,19.999999999999993,1.4999999999999998,42.8698,33.0938,0.0,1,1,1,1,280.0,319.9999999999999,2999.9999999999995,0.3424,0.3779
风电5-光伏4,5,4,63.0,1:00-2:00,2,1.0997999999999999,13.5,0.0,13.5,20.0,20.0,1.5,42.5998,29.099800000000002,0.0,1,1,1,1,280.0,320.0,3000.0,0.3424,0.3779
风电5-光伏4,5,4,63.0,2:00-3:00,3,0.7998000000000001,15.392,0.0,15.392,20.0,20.0,1.5,42.299800000000005,26.907800000000005,0.0,1,1,1,1,280.0,320.0,3000.0,0.3424,0.3779
风电5-光伏4,5,4,63.0,3:00-4:00,4,0.99,13.312,0.0,13.312,20.0,19.999999999999993,1.4999999999999998,42.489999999999995,29.177999999999997,0.0,1,1,1,1,280.0,319.9999999999999,2999.9999999999995,0.3424,0.3779
风电5-光伏4,5,4,63.0,4:00-5:00,5,1.1802000000000001,15.144,0.0,15.144,20.0,20.0,1.5,42.6802,27.5362,0.0,1,1,1,1,280.0,320.0,3000.0,0.3424,0.3779
风电5-光伏4,5,4,63.0,5:00-6:00,6,1.6301999999999999,14.315999999999999,0.0,14.315999999999999,20.0,20.0,1.5,43.1302,28.814200000000003,0.0,1,1,1,1,280.0,320.0,3000.0,0.3424,0.3779
风电5-光伏4,5,4,63.0,6:00-7:00,7,2.5002,17.852,0.0,17.852,20.0,20.0,1.5,44.0002,26.1482,0.0,1,1,1,1,280.0,320.0,3000.0,0.3424,0.3779
风电5-光伏4,5,4,63.0,7:00-8:00,8,3.3701999999999996,9.628,0.0,9.628,20.0,20.0,1.5,44.8702,35.2422,0.0,1,1,1,1,280.0,320.0,3000.0,0.6074,0.3779
风电5-光伏4,5,4,63.0,8:00-9:00,9,4.0098,22.324,0.0,22.324,20.0,19.999999999999993,1.4999999999999998,45.50979999999999,23.18579999999999,0.0,1,1,1,1,280.0,319.9999999999999,2999.9999999999995,0.6074,0.3779
风电5-光伏4,5,4,63.0,9:00-10:00,10,4.199999999999999,20.928,0.0,20.928,20.0,20.0,1.5,45.7,24.772000000000002,0.0,1,1,1,1,280.0,320.0,3000.0,0.6074,0.3779
风电5-光伏4,5,4,63.0,10:00-11:00,11,4.1202,15.995999999999999,0.0,15.995999999999999,2.0,19.999999456352516,0.8699999782541007,26.990199434606616,10.994199434606617,0.0,1,1,1,1,28.0,319.99999130164025,1739.9999565082014,0.8024,0.3779
风电5-光伏4,5,4,63.0,11:00-12:00,12,3.9000000000000004,14.328000000000001,1.28,15.608,2.0,20.0,0.87,26.77,11.161999999999999,0.0,1,1,1,1,28.0,320.0,1740.0,0.8024,0.3779
风电5-光伏4,5,4,63.0,12:00-13:00,13,3.2598000000000003,12.74,5.12,17.86,2.0,20.0,0.87,26.1298,8.2698,0.0,1,1,1,1,28.0,320.0,1740.0,0.8024,0.3779
风电5-光伏4,5,4,63.0,13:00-14:00,14,2.6898,12.812,7.68,20.491999999999997,2.0,20.0,0.87,25.5598,5.067800000000002,0.0,1,1,1,1,28.0,320.0,1740.0,0.8024,0.3779
风电5-光伏4,5,4,63.0,14:00-15:00,15,3.63,8.256,5.12,13.376000000000001,2.0,20.0,0.87,26.5,13.123999999999999,0.0,1,1,1,1,28.0,320.0,1740.0,0.8024,0.3779
风电5-光伏4,5,4,63.0,15:00-16:00,16,3.8202000000000003,8.556000000000001,1.28,9.836,20.0,20.0,1.5,45.3202,35.4842,0.0,1,1,1,1,280.0,320.0,3000.0,0.6074,0.3779
风电5-光伏4,5,4,63.0,16:00-17:00,17,3.75,15.664,0.0,15.664,20.0,20.0,1.5,45.25,29.586,0.0,1,1,1,1,280.0,320.0,3000.0,0.6074,0.3779
风电5-光伏4,5,4,63.0,17:00-18:00,18,3.1398,8.372,0.0,8.372,20.0,19.999999999999993,1.4999999999999998,44.639799999999994,36.267799999999994,0.0,1,1,1,1,280.0,319.9999999999999,2999.9999999999995,0.6074,0.3779
风电5-光伏4,5,4,63.0,18:00-19:00,19,2.61,7.872,0.0,7.872,2.0,20.0,0.87,25.48,17.608,0.0,1,1,1,1,28.0,320.0,1740.0,0.8024,0.3779
风电5-光伏4,5,4,63.0,19:00-20:00,20,2.1198,11.175999999999998,0.0,11.175999999999998,2.0,20.0,0.87,24.9898,13.8138,0.0,1,1,1,1,28.0,320.0,1740.0,0.8024,0.3779
风电5-光伏4,5,4,63.0,20:00-21:00,21,1.8599999999999999,9.884,0.0,9.884,17.4285720498828,19.999999999999996,1.410000021745898,40.698572071628696,30.814572071628696,0.0,1,1,1,1,244.00000869835918,319.99999999999994,2820.0000434917956,0.8024,0.3779
风电5-光伏4,5,4,63.0,21:00-22:00,22,1.6301999999999999,9.02,0.0,9.02,19.999999999999993,20.0,1.4999999999999998,43.13019999999999,34.11019999999999,0.0,1,1,1,1,279.9999999999999,320.0,2999.9999999999995,0.6074,0.3779
风电5-光伏4,5,4,63.0,22:00-23:00,23,1.56,6.204,0.0,6.204,20.0,20.0,1.5,43.06,36.856,0.0,1,1,1,1,280.0,320.0,3000.0,0.6074,0.3779
风电5-光伏4,5,4,63.0,23:00-24:00,24,1.4802,16.928,0.0,16.928,20.0,20.0,1.5,42.980199999999996,26.052199999999996,0.0,1,1,1,1,280.0,320.0,3000.0,0.3424,0.3779
风电5-光伏4,5,4,54.0,0:00-1:00,1,1.3698000000000001,9.776,0.0,9.776,20.0,19.999999999999993,1.4999999999999998,42.8698,33.0938,0.0,1,1,1,1,280.0,319.9999999999999,2999.9999999999995,0.3424,0.3779
风电5-光伏4,5,4,54.0,1:00-2:00,2,1.0997999999999999,13.5,0.0,13.5,20.0,20.0,1.5,42.5998,29.099800000000002,0.0,1,1,1,1,280.0,320.0,3000.0,0.3424,0.3779
风电5-光伏4,5,4,54.0,2:00-3:00,3,0.7998000000000001,15.392,0.0,15.392,20.0,20.0,1.5,42.299800000000005,26.907800000000005,0.0,1,1,1,1,280.0,320.0,3000.0,0.3424,0.3779
风电5-光伏4,5,4,54.0,3:00-4:00,4,0.99,13.312,0.0,13.312,20.0,19.999999999999993,1.4999999999999998,42.489999999999995,29.177999999999997,0.0,1,1,1,1,280.0,319.9999999999999,2999.9999999999995,0.3424,0.3779
风电5-光伏4,5,4,54.0,4:00-5:00,5,1.1802000000000001,15.144,0.0,15.144,20.0,20.0,1.5,42.6802,27.5362,0.0,1,1,1,1,280.0,320.0,3000.0,0.3424,0.3779
风电5-光伏4,5,4,54.0,5:00-6:00,6,1.6301999999999999,14.315999999999999,0.0,14.315999999999999,20.0,20.0,1.5,43.1302,28.814200000000003,0.0,1,1,1,1,280.0,320.0,3000.0,0.3424,0.3779
风电5-光伏4,5,4,54.0,6:00-7:00,7,2.5002,17.852,0.0,17.852,20.0,20.0,1.5,44.0002,26.1482,0.0,1,1,1,1,280.0,320.0,3000.0,0.3424,0.3779
风电5-光伏4,5,4,54.0,7:00-8:00,8,3.3701999999999996,9.628,0.0,9.628,8.929230769230616,20.0,1.1125230769230716,33.41195384615368,23.78395384615368,0.0,1,1,1,1,125.00923076922862,320.0,2225.046153846143,0.6074,0.3779
风电5-光伏4,5,4,54.0,8:00-9:00,9,4.0098,22.324,0.0,22.324,20.0,19.999999999999993,1.4999999999999998,45.50979999999999,23.18579999999999,0.0,1,1,1,1,280.0,319.9999999999999,2999.9999999999995,0.6074,0.3779
风电5-光伏4,5,4,54.0,9:00-10:00,10,4.199999999999999,20.928,0.0,20.928,20.0,20.0,1.5,45.7,24.772000000000002,0.0,1,1,1,1,280.0,320.0,3000.0,0.6074,0.3779
风电5-光伏4,5,4,54.0,10:00-11:00,11,4.1202,15.995999999999999,0.0,15.995999999999999,0.0,11.41903846153846,0.4567615384615384,15.995999999999999,0.0,0.0,0,1,1,0,0.0,182.70461538461535,913.5230769230768,0.8024,0.3779
风电5-光伏4,5,4,54.0,11:00-12:00,12,3.9000000000000004,14.328000000000001,1.28,15.608,0.0,11.257692307692308,0.4503076923076923,15.608,0.0,0.0,0,1,1,0,0.0,180.12307692307692,900.6153846153846,0.8024,0.3779
风电5-光伏4,5,4,54.0,12:00-13:00,13,3.2598000000000003,12.74,5.12,17.86,0.0,14.038653846153846,0.5615461538461538,17.860000000000003,3.552713678800501e-15,0.0,0,1,1,0,0.0,224.61846153846153,1123.0923076923077,0.8024,0.3779
风电5-光伏4,5,4,54.0,13:00-14:00,14,2.6898,12.812,7.68,20.491999999999997,0.0,17.1175,0.6847,20.491999999999997,0.0,0.0,0,1,1,0,0.0,273.88,1369.3999999999999,0.8024,0.3779
风电5-光伏4,5,4,54.0,14:00-15:00,15,3.63,8.256,5.12,13.376000000000001,0.0,9.371153846153845,0.37484615384615394,13.375999999999998,0.0,3.552713678800501e-15,0,1,1,0,0.0,149.93846153846152,749.6923076923078,0.8024,0.3779
风电5-光伏4,5,4,54.0,15:00-16:00,16,3.8202000000000003,8.556000000000001,1.28,9.836,19.999999999999996,19.999999999999996,1.4999999999999998,45.32019999999999,35.484199999999994,0.0,1,1,1,1,279.99999999999994,319.99999999999994,2999.9999999999995,0.6074,0.3779
风电5-光伏4,5,4,54.0,16:00-17:00,17,3.75,15.664,0.0,15.664,20.0,20.0,1.5,45.25,29.586,0.0,1,1,1,1,280.0,320.0,3000.0,0.6074,0.3779
风电5-光伏4,5,4,54.0,17:00-18:00,18,3.1398,8.372,0.0,8.372,20.0,20.0,1.5,44.6398,36.2678,0.0,1,1,1,1,280.0,320.0,3000.0,0.6074,0.3779
风电5-光伏4,5,4,54.0,18:00-19:00,19,2.61,7.872,0.0,7.872,0.0,5.059615384615385,0.2023846153846154,7.872000000000001,8.881784197001252e-16,0.0,0,1,1,0,0.0,80.95384615384616,404.76923076923083,0.8024,0.3779
风电5-光伏4,5,4,54.0,19:00-20:00,20,2.1198,11.175999999999998,0.0,11.175999999999998,0.0,8.707884615384614,0.3483153846153846,11.175999999999998,0.0,0.0,0,1,1,0,0.0,139.32615384615383,696.6307692307691,0.8024,0.3779
风电5-光伏4,5,4,54.0,20:00-21:00,21,1.8599999999999999,9.884,0.0,9.884,0.0,7.7153846153846155,0.3086153846153846,9.884,0.0,0.0,0,1,1,0,0.0,123.44615384615385,617.2307692307693,0.8024,0.3779
风电5-光伏4,5,4,54.0,21:00-22:00,22,1.6301999999999999,9.02,0.0,9.02,19.999999999999993,20.0,1.4999999999999998,43.13019999999999,34.11019999999999,0.0,1,1,1,1,279.9999999999999,320.0,2999.9999999999995,0.6074,0.3779
风电5-光伏4,5,4,54.0,22:00-23:00,23,1.56,6.204,0.0,6.204,20.0,20.0,1.5,43.06,36.856,0.0,1,1,1,1,280.0,320.0,3000.0,0.6074,0.3779
风电5-光伏4,5,4,54.0,23:00-24:00,24,1.4802,16.928,0.0,16.928,20.0,20.0,1.5,42.980199999999996,26.052199999999996,0.0,1,1,1,1,280.0,320.0,3000.0,0.3424,0.3779
风电5-光伏4,5,4,45.0,0:00-1:00,1,1.3698000000000001,9.776,0.0,9.776,20.0,19.999999999999993,1.4999999999999998,42.8698,33.0938,0.0,1,1,1,1,280.0,319.9999999999999,2999.9999999999995,0.3424,0.3779
风电5-光伏4,5,4,45.0,1:00-2:00,2,1.0997999999999999,13.5,0.0,13.5,20.0,20.0,1.5,42.5998,29.099800000000002,0.0,1,1,1,1,280.0,320.0,3000.0,0.3424,0.3779
风电5-光伏4,5,4,45.0,2:00-3:00,3,0.7998000000000001,15.392,0.0,15.392,20.0,20.0,1.5,42.299800000000005,26.907800000000005,0.0,1,1,1,1,280.0,320.0,3000.0,0.3424,0.3779
风电5-光伏4,5,4,45.0,3:00-4:00,4,0.99,13.312,0.0,13.312,20.0,19.999999999999993,1.4999999999999998,42.489999999999995,29.177999999999997,0.0,1,1,1,1,280.0,319.9999999999999,2999.9999999999995,0.3424,0.3779
风电5-光伏4,5,4,45.0,4:00-5:00,5,1.1802000000000001,15.144,0.0,15.144,20.0,20.0,1.5,42.6802,27.5362,0.0,1,1,1,1,280.0,320.0,3000.0,0.3424,0.3779
风电5-光伏4,5,4,45.0,5:00-6:00,6,1.6301999999999999,14.315999999999999,0.0,14.315999999999999,20.0,20.0,1.5,43.1302,28.814200000000003,0.0,1,1,1,1,280.0,320.0,3000.0,0.3424,0.3779
风电5-光伏4,5,4,45.0,6:00-7:00,7,2.5002,17.852,0.0,17.852,20.0,20.0,1.5,44.0002,26.1482,0.0,1,1,1,1,280.0,320.0,3000.0,0.3424,0.3779
风电5-光伏4,5,4,45.0,7:00-8:00,8,3.3701999999999996,9.628,0.0,9.628,2.000000000000004,20.0,0.8700000000000001,26.240200000000005,16.612200000000005,0.0,1,1,1,1,28.000000000000057,320.0,1740.0000000000002,0.6074,0.3779
风电5-光伏4,5,4,45.0,8:00-9:00,9,4.0098,22.324,0.0,22.324,2.0,19.999999999999996,0.8699999999999999,26.8798,4.555799999999998,0.0,1,1,1,1,28.0,319.99999999999994,1739.9999999999998,0.6074,0.3779
风电5-光伏4,5,4,45.0,9:00-10:00,10,4.199999999999999,20.928,0.0,20.928,2.0,20.0,0.87,27.07,6.1419999999999995,0.0,1,1,1,1,28.0,320.0,1740.0,0.6074,0.3779
风电5-光伏4,5,4,45.0,10:00-11:00,11,4.1202,15.995999999999999,0.0,15.995999999999999,0.0,11.41903846153846,0.4567615384615384,15.995999999999999,0.0,0.0,0,1,1,0,0.0,182.70461538461535,913.5230769230768,0.8024,0.3779
风电5-光伏4,5,4,45.0,11:00-12:00,12,3.9000000000000004,14.328000000000001,1.28,15.608,0.0,11.257692307692308,0.4503076923076923,15.608,0.0,0.0,0,1,1,0,0.0,180.12307692307692,900.6153846153846,0.8024,0.3779
风电5-光伏4,5,4,45.0,12:00-13:00,13,3.2598000000000003,12.74,5.12,17.86,0.0,14.038653846153846,0.5615461538461538,17.860000000000003,3.552713678800501e-15,0.0,0,1,1,0,0.0,224.61846153846153,1123.0923076923077,0.8024,0.3779
风电5-光伏4,5,4,45.0,13:00-14:00,14,2.6898,12.812,7.68,20.491999999999997,0.0,17.1175,0.6847,20.491999999999997,0.0,0.0,0,1,1,0,0.0,273.88,1369.3999999999999,0.8024,0.3779
风电5-光伏4,5,4,45.0,14:00-15:00,15,3.63,8.256,5.12,13.376000000000001,0.0,9.371153846153845,0.37484615384615394,13.375999999999998,0.0,3.552713678800501e-15,0,1,1,0,0.0,149.93846153846152,749.6923076923078,0.8024,0.3779
风电5-光伏4,5,4,45.0,15:00-16:00,16,3.8202000000000003,8.556000000000001,1.28,9.836,2.0,19.999999561554407,0.8699999824621762,26.690199544016583,16.85419954401658,0.0,1,1,1,1,28.0,319.9999929848705,1739.9999649243525,0.6074,0.3779
风电5-光伏4,5,4,45.0,16:00-17:00,17,3.75,15.664,0.0,15.664,2.0,20.0,0.87,26.62,10.956000000000001,0.0,1,1,1,1,28.0,320.0,1740.0,0.6074,0.3779
风电5-光伏4,5,4,45.0,17:00-18:00,18,3.1398,8.372,0.0,8.372,6.35780269888276,20.0,1.0225230944608965,30.520125793343656,22.148125793343656,0.0,1,1,1,1,89.00923778435865,320.0,2045.046188921793,0.6074,0.3779
风电5-光伏4,5,4,45.0,18:00-19:00,19,2.61,7.872,0.0,7.872,0.0,5.059615384615385,0.2023846153846154,7.872000000000001,8.881784197001252e-16,0.0,0,1,1,0,0.0,80.95384615384616,404.76923076923083,0.8024,0.3779
风电5-光伏4,5,4,45.0,19:00-20:00,20,2.1198,11.175999999999998,0.0,11.175999999999998,0.0,8.707884615384614,0.3483153846153846,11.175999999999998,0.0,0.0,0,1,1,0,0.0,139.32615384615383,696.6307692307691,0.8024,0.3779
风电5-光伏4,5,4,45.0,20:00-21:00,21,1.8599999999999999,9.884,0.0,9.884,0.0,7.7153846153846155,0.3086153846153846,9.884,0.0,0.0,0,1,1,0,0.0,123.44615384615385,617.2307692307693,0.8024,0.3779
风电5-光伏4,5,4,45.0,21:00-22:00,22,1.6301999999999999,9.02,0.0,9.02,2.0,20.0,0.87,24.5002,15.4802,0.0,1,1,1,1,28.0,320.0,1740.0,0.6074,0.3779
风电5-光伏4,5,4,45.0,22:00-23:00,23,1.56,6.204,0.0,6.204,2.0,20.000000000000004,0.8700000000000001,24.430000000000003,18.226000000000003,0.0,1,1,1,1,28.0,320.00000000000006,1740.0000000000002,0.6074,0.3779
风电5-光伏4,5,4,45.0,23:00-24:00,24,1.4802,16.928,0.0,16.928,20.0,20.0,1.5,42.980199999999996,26.052199999999996,0.0,1,1,1,1,280.0,320.0,3000.0,0.3424,0.3779
风电5-光伏4,5,4,36.0,0:00-1:00,1,1.3698000000000001,9.776,0.0,9.776,20.0,20.0,1.5,42.8698,33.0938,0.0,1,1,1,1,280.0,320.0,3000.0,0.3424,0.3779
风电5-光伏4,5,4,36.0,1:00-2:00,2,1.0997999999999999,13.5,0.0,13.5,20.000000000000007,20.0,1.5000000000000002,42.5998,29.099800000000002,0.0,1,1,1,1,280.0000000000001,320.0,3000.0000000000005,0.3424,0.3779
风电5-光伏4,5,4,36.0,2:00-3:00,3,0.7998000000000001,15.392,0.0,15.392,20.0,20.0,1.5,42.299800000000005,26.907800000000005,0.0,1,1,1,1,280.0,320.0,3000.0,0.3424,0.3779
风电5-光伏4,5,4,36.0,3:00-4:00,4,0.99,13.312,0.0,13.312,20.0,19.999999999999993,1.4999999999999998,42.489999999999995,29.177999999999997,0.0,1,1,1,1,280.0,319.9999999999999,2999.9999999999995,0.3424,0.3779
风电5-光伏4,5,4,36.0,4:00-5:00,5,1.1802000000000001,15.144,0.0,15.144,20.0,20.0,1.5,42.6802,27.5362,0.0,1,1,1,1,280.0,320.0,3000.0,0.3424,0.3779
风电5-光伏4,5,4,36.0,5:00-6:00,6,1.6301999999999999,14.315999999999999,0.0,14.315999999999999,19.99999934010097,19.999999999999996,1.499999976903534,43.1301993170045,28.814199317004498,0.0,1,1,1,1,279.9999907614136,319.99999999999994,2999.999953807068,0.3424,0.3779
风电5-光伏4,5,4,36.0,6:00-7:00,7,2.5002,17.852,0.0,17.852,20.0,20.0,1.5,44.0002,26.1482,0.0,1,1,1,1,280.0,320.0,3000.0,0.3424,0.3779
风电5-光伏4,5,4,36.0,7:00-8:00,8,3.3701999999999996,9.628,0.0,9.628,0.0,6.017115384615385,0.2406846153846154,9.628,0.0,0.0,0,1,1,0,0.0,96.27384615384616,481.36923076923085,0.6074,0.3779
风电5-光伏4,5,4,36.0,8:00-9:00,9,4.0098,22.324,0.0,22.324,0.0,17.60980769230769,0.7043923076923077,22.323999999999998,0.0,3.552713678800501e-15,0,1,1,0,0.0,281.75692307692304,1408.7846153846153,0.6074,0.3779
风电5-光伏4,5,4,36.0,9:00-10:00,10,4.199999999999999,20.928,0.0,20.928,0.0,16.084615384615386,0.6433846153846154,20.928,0.0,0.0,0,1,1,0,0.0,257.3538461538462,1286.769230769231,0.6074,0.3779
风电5-光伏4,5,4,36.0,10:00-11:00,11,4.1202,15.995999999999999,0.0,15.995999999999999,0.0,11.41903846153846,0.4567615384615384,15.995999999999999,0.0,0.0,0,1,1,0,0.0,182.70461538461535,913.5230769230768,0.8024,0.3779
风电5-光伏4,5,4,36.0,11:00-12:00,12,3.9000000000000004,14.328000000000001,1.28,15.608,0.0,11.25769230769231,0.45030769230769235,15.608000000000002,1.7763568394002505e-15,0.0,0,1,1,0,0.0,180.12307692307695,900.6153846153848,0.8024,0.3779
风电5-光伏4,5,4,36.0,12:00-13:00,13,3.2598000000000003,12.74,5.12,17.86,0.0,14.038653846153846,0.5615461538461538,17.860000000000003,3.552713678800501e-15,0.0,0,1,1,0,0.0,224.61846153846153,1123.0923076923077,0.8024,0.3779
风电5-光伏4,5,4,36.0,13:00-14:00,14,2.6898,12.812,7.68,20.491999999999997,0.0,17.1175,0.6847,20.491999999999997,0.0,0.0,0,1,1,0,0.0,273.88,1369.3999999999999,0.8024,0.3779
风电5-光伏4,5,4,36.0,14:00-15:00,15,3.63,8.256,5.12,13.376000000000001,0.0,9.371153846153849,0.37484615384615394,13.376000000000001,0.0,0.0,0,1,1,0,0.0,149.93846153846158,749.6923076923078,0.8024,0.3779
风电5-光伏4,5,4,36.0,15:00-16:00,16,3.8202000000000003,8.556000000000001,1.28,9.836,0.0,5.784423076923077,0.2313769230769231,9.836,0.0,0.0,0,1,1,0,0.0,92.55076923076923,462.75384615384615,0.6074,0.3779
风电5-光伏4,5,4,36.0,16:00-17:00,17,3.75,15.664,0.0,15.664,0.0,11.455769230769231,0.4582307692307692,15.664000000000001,1.7763568394002505e-15,0.0,0,1,1,0,0.0,183.2923076923077,916.4615384615385,0.6074,0.3779
风电5-光伏4,5,4,36.0,17:00-18:00,18,3.1398,8.372,0.0,8.372,0.0,5.030961538461538,0.20123846153846153,8.371999999999998,0.0,1.7763568394002505e-15,0,1,1,0,0.0,80.49538461538461,402.4769230769231,0.6074,0.3779
风电5-光伏4,5,4,36.0,18:00-19:00,19,2.61,7.872,0.0,7.872,0.0,0.0,0.0,2.61,0.0,5.2620000000000005,0,0,0,0,0.0,0.0,0.0,0.8024,0.3779
风电5-光伏4,5,4,36.0,19:00-20:00,20,2.1198,11.175999999999998,0.0,11.175999999999998,0.0,8.707884615384614,0.3483153846153846,11.175999999999998,0.0,0.0,0,1,1,0,0.0,139.32615384615383,696.6307692307691,0.8024,0.3779
风电5-光伏4,5,4,36.0,20:00-21:00,21,1.8599999999999999,9.884,0.0,9.884,0.0,7.7153846153846155,0.3086153846153846,9.884,0.0,0.0,0,1,1,0,0.0,123.44615384615385,617.2307692307693,0.8024,0.3779
风电5-光伏4,5,4,36.0,21:00-22:00,22,1.6301999999999999,9.02,0.0,9.02,0.0,3.924615962027111,0.15698463848108443,5.711800600508195,0.0,3.308199399491804,0,1,1,0,0.0,62.79385539243378,313.96927696216886,0.6074,0.3779
风电5-光伏4,5,4,36.0,22:00-23:00,23,1.56,6.204,0.0,6.204,0.0,4.4653846153846155,0.17861538461538462,6.204,0.0,0.0,0,1,1,0,0.0,71.44615384615385,357.2307692307692,0.6074,0.3779
风电5-光伏4,5,4,36.0,23:00-24:00,24,1.4802,16.928,0.0,16.928,20.0,20.0,1.5,42.980199999999996,26.052199999999996,0.0,1,1,1,1,280.0,320.0,3000.0,0.3424,0.3779
风电6-光伏1,6,1,72.0,0:00-1:00,1,1.3698000000000001,9.448,0.0,9.448,20.0,20.0,1.5,42.8698,33.4218,0.0,1,1,1,1,280.0,320.0,3000.0,0.3424,0.3779
风电6-光伏1,6,1,72.0,1:00-2:00,2,1.0997999999999999,10.504,0.0,10.504,20.0,20.0,1.5,42.5998,32.095800000000004,0.0,1,1,1,1,280.0,320.0,3000.0,0.3424,0.3779
风电6-光伏1,6,1,72.0,2:00-3:00,3,0.7998000000000001,11.788,0.0,11.788,20.0,20.0,1.5,42.299800000000005,30.511800000000004,0.0,1,1,1,1,280.0,320.0,3000.0,0.3424,0.3779
风电6-光伏1,6,1,72.0,3:00-4:00,4,0.99,11.504000000000001,0.0,11.504000000000001,20.0,20.0,1.5,42.489999999999995,30.985999999999994,0.0,1,1,1,1,280.0,320.0,3000.0,0.3424,0.3779
风电6-光伏1,6,1,72.0,4:00-5:00,5,1.1802000000000001,11.16,0.0,11.16,20.0,20.0,1.5,42.6802,31.5202,0.0,1,1,1,1,280.0,320.0,3000.0,0.3424,0.3779
风电6-光伏1,6,1,72.0,5:00-6:00,6,1.6301999999999999,10.964,0.0,10.964,20.0,20.0,1.5,43.1302,32.1662,0.0,1,1,1,1,280.0,320.0,3000.0,0.3424,0.3779
风电6-光伏1,6,1,72.0,6:00-7:00,7,2.5002,10.744,14.08,24.823999999999998,20.0,20.0,1.5,44.0002,19.1762,0.0,1,1,1,1,280.0,320.0,3000.0,0.3424,0.3779
风电6-光伏1,6,1,72.0,7:00-8:00,8,3.3701999999999996,10.34,25.6,35.94,20.0,20.0,1.5,44.8702,8.9302,0.0,1,1,1,1,280.0,320.0,3000.0,0.6074,0.3779
风电6-光伏1,6,1,72.0,8:00-9:00,9,4.0098,9.671999999999999,37.12,46.791999999999994,20.0,20.0,1.5,45.5098,0.0,1.282199999999996,1,1,1,0,280.0,320.0,3000.0,0.6074,0.3779
风电6-光伏1,6,1,72.0,9:00-10:00,10,4.199999999999999,6.9479999999999995,46.08,53.028,20.0,20.0,1.5,45.7,0.0,7.327999999999996,1,1,1,0,280.0,320.0,3000.0,0.6074,0.3779
风电6-光伏1,6,1,72.0,10:00-11:00,11,4.1202,6.04,52.48,58.519999999999996,20.0,20.0,1.5,45.6202,0.0,12.899799999999999,1,1,1,0,280.0,320.0,3000.0,0.8024,0.3779
风电6-光伏1,6,1,72.0,11:00-12:00,12,3.9000000000000004,6.06,55.04,61.1,20.0,20.0,1.5,45.4,0.0,15.700000000000003,1,1,1,0,280.0,320.0,3000.0,0.8024,0.3779
风电6-光伏1,6,1,72.0,12:00-13:00,13,3.2598000000000003,6.5280000000000005,56.32,62.848,20.0,20.0,1.5,44.7598,0.0,18.0882,1,1,1,0,280.0,320.0,3000.0,0.8024,0.3779
风电6-光伏1,6,1,72.0,13:00-14:00,14,2.6898,5.768,56.32,62.088,20.0,20.0,1.5,44.1898,0.0,17.898200000000003,1,1,1,0,280.0,320.0,3000.0,0.8024,0.3779
风电6-光伏1,6,1,72.0,14:00-15:00,15,3.63,5.432,52.48,57.912,20.0,20.0,1.5,45.129999999999995,0.0,12.782000000000004,1,1,1,0,280.0,320.0,3000.0,0.8024,0.3779
风电6-光伏1,6,1,72.0,15:00-16:00,16,3.8202000000000003,5.368,44.8,50.168,20.0,20.0,1.5,45.3202,0.0,4.847799999999999,1,1,1,0,280.0,320.0,3000.0,0.6074,0.3779
风电6-光伏1,6,1,72.0,16:00-17:00,17,3.75,6.656,33.28,39.936,20.0,20.0,1.5,45.25,5.314,0.0,1,1,1,1,280.0,320.0,3000.0,0.6074,0.3779
风电6-光伏1,6,1,72.0,17:00-18:00,18,3.1398,8.408,24.32,32.728,20.0,20.0,1.5,44.6398,11.9118,0.0,1,1,1,1,280.0,320.0,3000.0,0.6074,0.3779
风电6-光伏1,6,1,72.0,18:00-19:00,19,2.61,10.808,11.52,22.328,20.0,20.0,1.5,44.11,21.782,0.0,1,1,1,1,280.0,320.0,3000.0,0.8024,0.3779
风电6-光伏1,6,1,72.0,19:00-20:00,20,2.1198,9.604000000000001,0.0,9.604000000000001,20.0,20.0,1.5,43.6198,34.0158,0.0,1,1,1,1,280.0,320.0,3000.0,0.8024,0.3779
风电6-光伏1,6,1,72.0,20:00-21:00,21,1.8599999999999999,6.832000000000001,0.0,6.832000000000001,20.0,20.0,1.5,43.36,36.528,0.0,1,1,1,1,280.0,320.0,3000.0,0.8024,0.3779
风电6-光伏1,6,1,72.0,21:00-22:00,22,1.6301999999999999,8.384,0.0,8.384,20.0,20.0,1.5,43.1302,34.7462,0.0,1,1,1,1,280.0,320.0,3000.0,0.6074,0.3779
风电6-光伏1,6,1,72.0,22:00-23:00,23,1.56,7.688000000000001,0.0,7.688000000000001,20.0,20.0,1.5,43.06,35.372,0.0,1,1,1,1,280.0,320.0,3000.0,0.6074,0.3779
风电6-光伏1,6,1,72.0,23:00-24:00,24,1.4802,9.671999999999999,0.0,9.671999999999999,20.0,20.0,1.5,42.980199999999996,33.3082,0.0,1,1,1,1,280.0,320.0,3000.0,0.3424,0.3779
风电6-光伏1,6,1,63.0,0:00-1:00,1,1.3698000000000001,9.448,0.0,9.448,20.0,20.0,1.5,42.8698,33.4218,0.0,1,1,1,1,280.0,320.0,3000.0,0.3424,0.3779
风电6-光伏1,6,1,63.0,1:00-2:00,2,1.0997999999999999,10.504,0.0,10.504,20.0,20.0,1.5,42.5998,32.095800000000004,0.0,1,1,1,1,280.0,320.0,3000.0,0.3424,0.3779
风电6-光伏1,6,1,63.0,2:00-3:00,3,0.7998000000000001,11.788,0.0,11.788,20.000000000000007,20.0,1.5000000000000002,42.299800000000005,30.511800000000004,0.0,1,1,1,1,280.0000000000001,320.0,3000.0000000000005,0.3424,0.3779
风电6-光伏1,6,1,63.0,3:00-4:00,4,0.99,11.504000000000001,0.0,11.504000000000001,20.0,20.0,1.5,42.489999999999995,30.985999999999994,0.0,1,1,1,1,280.0,320.0,3000.0,0.3424,0.3779
风电6-光伏1,6,1,63.0,4:00-5:00,5,1.1802000000000001,11.16,0.0,11.16,20.0,20.0,1.5,42.6802,31.5202,0.0,1,1,1,1,280.0,320.0,3000.0,0.3424,0.3779
风电6-光伏1,6,1,63.0,5:00-6:00,6,1.6301999999999999,10.964,0.0,10.964,19.999999999999996,19.999999999999996,1.4999999999999998,43.13019999999999,32.16619999999999,0.0,1,1,1,1,279.99999999999994,319.99999999999994,2999.9999999999995,0.3424,0.3779
风电6-光伏1,6,1,63.0,6:00-7:00,7,2.5002,10.744,14.08,24.823999999999998,20.0,20.0,1.5,44.0002,19.1762,0.0,1,1,1,1,280.0,320.0,3000.0,0.3424,0.3779
风电6-光伏1,6,1,63.0,7:00-8:00,8,3.3701999999999996,10.34,25.6,35.94,11.371787816221822,19.999999625202324,1.1980125585758568,35.94,0.0,0.0,1,1,1,0,159.2050294271055,319.9999940032372,2396.0251171517134,0.6074,0.3779
风电6-光伏1,6,1,63.0,8:00-9:00,9,4.0098,9.671999999999999,37.12,46.791999999999994,20.0,20.0,1.5,45.5098,0.0,1.282199999999996,1,1,1,0,280.0,320.0,3000.0,0.6074,0.3779
风电6-光伏1,6,1,63.0,9:00-10:00,10,4.199999999999999,6.9479999999999995,46.08,53.028,20.0,20.0,1.5,45.7,0.0,7.327999999999996,1,1,1,0,280.0,320.0,3000.0,0.6074,0.3779
风电6-光伏1,6,1,63.0,10:00-11:00,11,4.1202,6.04,52.48,58.519999999999996,20.0,20.0,1.5,45.6202,0.0,12.899799999999999,1,1,1,0,280.0,320.0,3000.0,0.8024,0.3779
风电6-光伏1,6,1,63.0,11:00-12:00,12,3.9000000000000004,6.06,55.04,61.1,20.0,20.0,1.5,45.4,0.0,15.700000000000003,1,1,1,0,280.0,320.0,3000.0,0.8024,0.3779
风电6-光伏1,6,1,63.0,12:00-13:00,13,3.2598000000000003,6.5280000000000005,56.32,62.848,20.0,20.0,1.5,44.7598,0.0,18.0882,1,1,1,0,280.0,320.0,3000.0,0.8024,0.3779
风电6-光伏1,6,1,63.0,13:00-14:00,14,2.6898,5.768,56.32,62.088,20.0,20.0,1.5,44.1898,0.0,17.898200000000003,1,1,1,0,280.0,320.0,3000.0,0.8024,0.3779
风电6-光伏1,6,1,63.0,14:00-15:00,15,3.63,5.432,52.48,57.912,20.0,20.0,1.5,45.129999999999995,0.0,12.782000000000004,1,1,1,0,280.0,320.0,3000.0,0.8024,0.3779
风电6-光伏1,6,1,63.0,15:00-16:00,16,3.8202000000000003,5.368,44.8,50.168,20.0,20.0,1.5,45.3202,0.0,4.847799999999999,1,1,1,0,280.0,320.0,3000.0,0.6074,0.3779
风电6-光伏1,6,1,63.0,16:00-17:00,17,3.75,6.656,33.28,39.936,14.86570048309179,20.0,1.3202995169082126,39.936,0.0,0.0,1,1,1,0,208.11980676328506,320.0,2640.599033816425,0.6074,0.3779
风电6-光伏1,6,1,63.0,17:00-18:00,18,3.1398,8.408,24.32,32.728,8.491014492753624,20.0,1.0971855072463768,32.728,0.0,0.0,1,1,1,0,118.87420289855075,320.0,2194.3710144927536,0.6074,0.3779
风电6-光伏1,6,1,63.0,18:00-19:00,19,2.61,10.808,11.52,22.328,0.0,18.959615384615386,0.7583846153846154,22.328,0.0,0.0,0,1,1,0,0.0,303.3538461538462,1516.769230769231,0.8024,0.3779
风电6-光伏1,6,1,63.0,19:00-20:00,20,2.1198,9.604000000000001,0.0,9.604000000000001,0.0,7.1963461538461555,0.28785384615384624,9.604000000000001,0.0,0.0,0,1,1,0,0.0,115.14153846153849,575.7076923076925,0.8024,0.3779
风电6-光伏1,6,1,63.0,20:00-21:00,21,1.8599999999999999,6.832000000000001,0.0,6.832000000000001,0.0,4.780769230769232,0.1912307692307693,6.832000000000001,0.0,0.0,0,1,1,0,0.0,76.49230769230772,382.46153846153857,0.8024,0.3779
风电6-光伏1,6,1,63.0,21:00-22:00,22,1.6301999999999999,8.384,0.0,8.384,20.000000000000007,20.0,1.5000000000000002,43.1302,34.7462,0.0,1,1,1,1,280.0000000000001,320.0,3000.0000000000005,0.6074,0.3779
风电6-光伏1,6,1,63.0,22:00-23:00,23,1.56,7.688000000000001,0.0,7.688000000000001,9.9152339000092,20.0,1.147033186500322,32.622267086509524,24.93426708650952,0.0,1,1,1,1,138.8132746001288,320.0,2294.066373000644,0.6074,0.3779
风电6-光伏1,6,1,63.0,23:00-24:00,24,1.4802,9.671999999999999,0.0,9.671999999999999,20.0,20.0,1.5,42.980199999999996,33.3082,0.0,1,1,1,1,280.0,320.0,3000.0,0.3424,0.3779
风电6-光伏1,6,1,54.0,0:00-1:00,1,1.3698000000000001,9.448,0.0,9.448,20.0,20.0,1.5,42.8698,33.4218,0.0,1,1,1,1,280.0,320.0,3000.0,0.3424,0.3779
风电6-光伏1,6,1,54.0,1:00-2:00,2,1.0997999999999999,10.504,0.0,10.504,20.0,20.0,1.5,42.5998,32.095800000000004,0.0,1,1,1,1,280.0,320.0,3000.0,0.3424,0.3779
风电6-光伏1,6,1,54.0,2:00-3:00,3,0.7998000000000001,11.788,0.0,11.788,20.000000000000007,20.0,1.5000000000000002,42.299800000000005,30.511800000000004,0.0,1,1,1,1,280.0000000000001,320.0,3000.0000000000005,0.3424,0.3779
风电6-光伏1,6,1,54.0,3:00-4:00,4,0.99,11.504000000000001,0.0,11.504000000000001,19.9999996869695,19.999999999999996,1.4999999890439324,42.48999967601343,30.98599967601343,0.0,1,1,1,1,279.999995617573,319.99999999999994,2999.9999780878647,0.3424,0.3779
风电6-光伏1,6,1,54.0,4:00-5:00,5,1.1802000000000001,11.16,0.0,11.16,20.0,20.0,1.5,42.6802,31.5202,0.0,1,1,1,1,280.0,320.0,3000.0,0.3424,0.3779
风电6-光伏1,6,1,54.0,5:00-6:00,6,1.6301999999999999,10.964,0.0,10.964,20.00000000000002,19.999999999999975,1.4999999999999998,43.130199999999995,32.166199999999996,0.0,1,1,1,1,280.0000000000003,319.9999999999996,2999.9999999999995,0.3424,0.3779
风电6-光伏1,6,1,54.0,6:00-7:00,7,2.5002,10.744,14.08,24.823999999999998,20.0,20.0,1.5,44.0002,19.1762,0.0,1,1,1,1,280.0,320.0,3000.0,0.3424,0.3779
风电6-光伏1,6,1,54.0,7:00-8:00,8,3.3701999999999996,10.34,25.6,35.94,11.371787439613529,20.0,1.1980125603864735,35.94,0.0,0.0,1,1,1,0,159.2050241545894,320.0,2396.025120772947,0.6074,0.3779
风电6-光伏1,6,1,54.0,8:00-9:00,9,4.0098,9.671999999999999,37.12,46.791999999999994,20.0,20.0,1.5,45.5098,0.0,1.282199999999996,1,1,1,0,280.0,320.0,3000.0,0.6074,0.3779
风电6-光伏1,6,1,54.0,9:00-10:00,10,4.199999999999999,6.9479999999999995,46.08,53.028,20.0,20.0,1.5,45.7,0.0,7.327999999999996,1,1,1,0,280.0,320.0,3000.0,0.6074,0.3779
风电6-光伏1,6,1,54.0,10:00-11:00,11,4.1202,6.04,52.48,58.519999999999996,0.0,20.0,0.8,24.9202,0.0,33.599799999999995,0,1,1,0,0.0,320.0,1600.0,0.8024,0.3779
风电6-光伏1,6,1,54.0,11:00-12:00,12,3.9000000000000004,6.06,55.04,61.1,16.25898210418607,20.0,1.3690643736465127,41.52804647783259,0.0,19.571953522167412,1,1,1,0,227.625749458605,320.0,2738.1287472930253,0.8024,0.3779
风电6-光伏1,6,1,54.0,12:00-13:00,13,3.2598000000000003,6.5280000000000005,56.32,62.848,20.0,20.0,1.5,44.7598,0.0,18.0882,1,1,1,0,280.0,320.0,3000.0,0.8024,0.3779
风电6-光伏1,6,1,54.0,13:00-14:00,14,2.6898,5.768,56.32,62.088,20.0,20.0,1.5,44.1898,0.0,17.898200000000003,1,1,1,0,280.0,320.0,3000.0,0.8024,0.3779
风电6-光伏1,6,1,54.0,14:00-15:00,15,3.63,5.432,52.48,57.912,20.0,20.0,1.5,45.129999999999995,0.0,12.782000000000004,1,1,1,0,280.0,320.0,3000.0,0.8024,0.3779
风电6-光伏1,6,1,54.0,15:00-16:00,16,3.8202000000000003,5.368,44.8,50.168,0.0,20.0,0.7999999999999999,24.6202,0.0,25.5478,0,1,1,0,0.0,320.0,1599.9999999999998,0.6074,0.3779
风电6-光伏1,6,1,54.0,16:00-17:00,17,3.75,6.656,33.28,39.936,0.0,20.0,0.7999999999999999,24.55,0.0,15.386,0,1,1,0,0.0,320.0,1599.9999999999998,0.6074,0.3779
风电6-光伏1,6,1,54.0,17:00-18:00,18,3.1398,8.408,24.32,32.728,0.0,20.0,0.8,23.9398,0.0,8.7882,0,1,1,0,0.0,320.0,1600.0,0.6074,0.3779
风电6-光伏1,6,1,54.0,18:00-19:00,19,2.61,10.808,11.52,22.328,0.0,18.959615384615386,0.7583846153846154,22.328,0.0,0.0,0,1,1,0,0.0,303.3538461538462,1516.769230769231,0.8024,0.3779
风电6-光伏1,6,1,54.0,19:00-20:00,20,2.1198,9.604000000000001,0.0,9.604000000000001,0.0,7.1963461538461555,0.28785384615384624,9.604000000000001,0.0,0.0,0,1,1,0,0.0,115.14153846153849,575.7076923076925,0.8024,0.3779
风电6-光伏1,6,1,54.0,20:00-21:00,21,1.8599999999999999,6.832000000000001,0.0,6.832000000000001,0.0,4.780769230769232,0.1912307692307693,6.832000000000001,0.0,0.0,0,1,1,0,0.0,76.49230769230772,382.46153846153857,0.8024,0.3779
风电6-光伏1,6,1,54.0,21:00-22:00,22,1.6301999999999999,8.384,0.0,8.384,0.0,6.494038461538462,0.2597615384615385,8.384,0.0,0.0,0,1,1,0,0.0,103.9046153846154,519.5230769230769,0.6074,0.3779
风电6-光伏1,6,1,54.0,22:00-23:00,23,1.56,7.688000000000001,0.0,7.688000000000001,0.0,5.892307692307693,0.2356923076923077,7.688000000000001,0.0,0.0,0,1,1,0,0.0,94.27692307692308,471.3846153846154,0.6074,0.3779
风电6-光伏1,6,1,54.0,23:00-24:00,24,1.4802,9.671999999999999,0.0,9.671999999999999,20.0,20.0,1.5,42.980199999999996,33.3082,0.0,1,1,1,1,280.0,320.0,3000.0,0.3424,0.3779
风电6-光伏1,6,1,45.0,0:00-1:00,1,1.3698000000000001,9.448,0.0,9.448,20.000000000000004,20.000000000000004,1.5000000000000002,42.86980000000001,33.42180000000001,0.0,1,1,1,1,280.00000000000006,320.00000000000006,3000.0000000000005,0.3424,0.3779
风电6-光伏1,6,1,45.0,1:00-2:00,2,1.0997999999999999,10.504,0.0,10.504,19.999999518188037,20.0,1.4999999831365813,42.59979950132462,32.09579950132462,0.0,1,1,1,1,279.9999932546325,320.0,2999.9999662731625,0.3424,0.3779
风电6-光伏1,6,1,45.0,2:00-3:00,3,0.7998000000000001,11.788,0.0,11.788,20.000000000000007,20.0,1.5000000000000002,42.299800000000005,30.511800000000004,0.0,1,1,1,1,280.0000000000001,320.0,3000.0000000000005,0.3424,0.3779
风电6-光伏1,6,1,45.0,3:00-4:00,4,0.99,11.504000000000001,0.0,11.504000000000001,20.00000000000002,19.999999999999975,1.4999999999999998,42.489999999999995,30.985999999999994,0.0,1,1,1,1,280.0000000000003,319.9999999999996,2999.9999999999995,0.3424,0.3779
风电6-光伏1,6,1,45.0,4:00-5:00,5,1.1802000000000001,11.16,0.0,11.16,20.0,20.0,1.5,42.6802,31.5202,0.0,1,1,1,1,280.0,320.0,3000.0,0.3424,0.3779
风电6-光伏1,6,1,45.0,5:00-6:00,6,1.6301999999999999,10.964,0.0,10.964,20.00000000000002,19.999999999999975,1.4999999999999998,43.130199999999995,32.166199999999996,0.0,1,1,1,1,280.0000000000003,319.9999999999996,2999.9999999999995,0.3424,0.3779
风电6-光伏1,6,1,45.0,6:00-7:00,7,2.5002,10.744,14.08,24.823999999999998,20.0,20.0,1.5,44.0002,19.1762,0.0,1,1,1,1,280.0,320.0,3000.0,0.3424,0.3779
风电6-光伏1,6,1,45.0,7:00-8:00,8,3.3701999999999996,10.34,25.6,35.94,0.0,20.0,0.7999999999999999,24.1702,0.0,11.769799999999996,0,1,1,0,0.0,320.0,1599.9999999999998,0.6074,0.3779
风电6-光伏1,6,1,45.0,8:00-9:00,9,4.0098,9.671999999999999,37.12,46.791999999999994,0.0,20.0,0.8,24.8098,0.0,21.982199999999995,0,1,1,0,0.0,320.0,1600.0,0.6074,0.3779
风电6-光伏1,6,1,45.0,9:00-10:00,10,4.199999999999999,6.9479999999999995,46.08,53.028,0.0,19.17692349850841,0.7670769399403363,24.144000438448742,0.0,28.883999561551256,0,1,1,0,0.0,306.83077597613453,1534.1538798806725,0.6074,0.3779
风电6-光伏1,6,1,45.0,10:00-11:00,11,4.1202,6.04,52.48,58.519999999999996,0.0,20.0,0.8,24.9202,0.0,33.599799999999995,0,1,1,0,0.0,320.0,1600.0,0.8024,0.3779
风电6-光伏1,6,1,45.0,11:00-12:00,12,3.9000000000000004,6.06,55.04,61.1,0.0,20.0,0.7999999999999999,24.7,0.0,36.400000000000006,0,1,1,0,0.0,320.0,1599.9999999999998,0.8024,0.3779
风电6-光伏1,6,1,45.0,12:00-13:00,13,3.2598000000000003,6.5280000000000005,56.32,62.848,0.0,20.0,0.7999999999999999,24.0598,0.0,38.7882,0,1,1,0,0.0,320.0,1599.9999999999998,0.8024,0.3779
风电6-光伏1,6,1,45.0,13:00-14:00,14,2.6898,5.768,56.32,62.088,0.0,20.0,0.8,23.4898,0.0,38.598200000000006,0,1,1,0,0.0,320.0,1600.0,0.8024,0.3779
风电6-光伏1,6,1,45.0,14:00-15:00,15,3.63,5.432,52.48,57.912,0.0,20.0,0.7999999999999999,24.43,0.0,33.482,0,1,1,0,0.0,320.0,1599.9999999999998,0.8024,0.3779
风电6-光伏1,6,1,45.0,15:00-16:00,16,3.8202000000000003,5.368,44.8,50.168,0.0,20.0,0.8,24.6202,0.0,25.5478,0,1,1,0,0.0,320.0,1600.0,0.6074,0.3779
风电6-光伏1,6,1,45.0,16:00-17:00,17,3.75,6.656,33.28,39.936,0.0,20.0,0.7999999999999999,24.55,0.0,15.386,0,1,1,0,0.0,320.0,1599.9999999999998,0.6074,0.3779
风电6-光伏1,6,1,45.0,17:00-18:00,18,3.1398,8.408,24.32,32.728,0.0,20.0,0.8,23.9398,0.0,8.7882,0,1,1,0,0.0,320.0,1600.0,0.6074,0.3779
风电6-光伏1,6,1,45.0,18:00-19:00,19,2.61,10.808,11.52,22.328,0.0,18.959615384615386,0.7583846153846154,22.328,0.0,0.0,0,1,1,0,0.0,303.3538461538462,1516.769230769231,0.8024,0.3779
风电6-光伏1,6,1,45.0,19:00-20:00,20,2.1198,9.604000000000001,0.0,9.604000000000001,0.0,7.1963461538461555,0.28785384615384624,9.604000000000001,0.0,0.0,0,1,1,0,0.0,115.14153846153849,575.7076923076925,0.8024,0.3779
风电6-光伏1,6,1,45.0,20:00-21:00,21,1.8599999999999999,6.832000000000001,0.0,6.832000000000001,0.0,4.780769230769232,0.1912307692307693,6.832000000000001,0.0,0.0,0,1,1,0,0.0,76.49230769230772,382.46153846153857,0.8024,0.3779
风电6-光伏1,6,1,45.0,21:00-22:00,22,1.6301999999999999,8.384,0.0,8.384,0.0,6.494038461538462,0.2597615384615385,8.384,0.0,0.0,0,1,1,0,0.0,103.9046153846154,519.5230769230769,0.6074,0.3779
风电6-光伏1,6,1,45.0,22:00-23:00,23,1.56,7.688000000000001,0.0,7.688000000000001,0.0,5.892307692307693,0.2356923076923077,7.688000000000001,0.0,0.0,0,1,1,0,0.0,94.27692307692308,471.3846153846154,0.6074,0.3779
风电6-光伏1,6,1,45.0,23:00-24:00,24,1.4802,9.671999999999999,0.0,9.671999999999999,20.0,20.0,1.5,42.980199999999996,33.3082,0.0,1,1,1,1,280.0,320.0,3000.0,0.3424,0.3779
风电6-光伏1,6,1,36.0,0:00-1:00,1,1.3698000000000001,9.448,0.0,9.448,20.0,19.999999999999986,1.4999999999999996,42.869799999999984,33.42179999999998,0.0,1,1,1,1,280.0,319.9999999999998,2999.999999999999,0.3424,0.3779
风电6-光伏1,6,1,36.0,1:00-2:00,2,1.0997999999999999,10.504,0.0,10.504,20.000000000000007,20.0,1.5000000000000002,42.5998,32.095800000000004,0.0,1,1,1,1,280.0000000000001,320.0,3000.0000000000005,0.3424,0.3779
风电6-光伏1,6,1,36.0,2:00-3:00,3,0.7998000000000001,11.788,0.0,11.788,20.000000000000007,20.0,1.5000000000000002,42.299800000000005,30.511800000000004,0.0,1,1,1,1,280.0000000000001,320.0,3000.0000000000005,0.3424,0.3779
风电6-光伏1,6,1,36.0,3:00-4:00,4,0.99,11.504000000000001,0.0,11.504000000000001,20.0,19.999999999999986,1.4999999999999996,42.48999999999998,30.98599999999998,0.0,1,1,1,1,280.0,319.9999999999998,2999.999999999999,0.3424,0.3779
风电6-光伏1,6,1,36.0,4:00-5:00,5,1.1802000000000001,11.16,0.0,11.16,19.999999102943143,20.0,1.49999996860301,42.680199071546156,31.520199071546156,0.0,1,1,1,1,279.999987441204,320.0,2999.99993720602,0.3424,0.3779
风电6-光伏1,6,1,36.0,5:00-6:00,6,1.6301999999999999,10.964,0.0,10.964,20.0,19.999999999999993,1.4999999999999998,43.13019999999999,32.16619999999999,0.0,1,1,1,1,280.0,319.9999999999999,2999.9999999999995,0.3424,0.3779
风电6-光伏1,6,1,36.0,6:00-7:00,7,2.5002,10.744,14.08,24.823999999999998,20.0,20.0,1.5,44.0002,19.1762,0.0,1,1,1,1,280.0,320.0,3000.0,0.3424,0.3779
风电6-光伏1,6,1,36.0,7:00-8:00,8,3.3701999999999996,10.34,25.6,35.94,0.0,0.0,0.0,3.3701999999999996,0.0,32.5698,0,0,0,0,0.0,0.0,0.0,0.6074,0.3779
风电6-光伏1,6,1,36.0,8:00-9:00,9,4.0098,9.671999999999999,37.12,46.791999999999994,0.0,20.0,0.8,24.8098,0.0,21.982199999999995,0,1,1,0,0.0,320.0,1600.0,0.6074,0.3779
风电6-光伏1,6,1,36.0,9:00-10:00,10,4.199999999999999,6.9479999999999995,46.08,53.028,0.0,20.0,0.7999999999999999,25.0,0.0,28.028,0,1,1,0,0.0,320.0,1599.9999999999998,0.6074,0.3779
风电6-光伏1,6,1,36.0,10:00-11:00,11,4.1202,6.04,52.48,58.519999999999996,0.0,20.0,0.8,24.9202,0.0,33.599799999999995,0,1,1,0,0.0,320.0,1600.0,0.8024,0.3779
风电6-光伏1,6,1,36.0,11:00-12:00,12,3.9000000000000004,6.06,55.04,61.1,0.0,20.00000000000216,0.8000000000000864,24.700000000002245,0.0,36.39999999999776,0,1,1,0,0.0,320.00000000003456,1600.0000000001728,0.8024,0.3779
风电6-光伏1,6,1,36.0,12:00-13:00,13,3.2598000000000003,6.5280000000000005,56.32,62.848,0.0,20.0,0.7999999999999999,24.0598,0.0,38.7882,0,1,1,0,0.0,320.0,1599.9999999999998,0.8024,0.3779
风电6-光伏1,6,1,36.0,13:00-14:00,14,2.6898,5.768,56.32,62.088,0.0,10.000000784922454,0.40000003139689816,13.089800816319352,0.0,48.99819918368065,0,1,1,0,0.0,160.00001255875927,800.0000627937964,0.8024,0.3779
风电6-光伏1,6,1,36.0,14:00-15:00,15,3.63,5.432,52.48,57.912,0.0,20.0,0.7999999999999999,24.43,0.0,33.482,0,1,1,0,0.0,320.0,1599.9999999999998,0.8024,0.3779
风电6-光伏1,6,1,36.0,15:00-16:00,16,3.8202000000000003,5.368,44.8,50.168,0.0,20.0,0.8,24.6202,0.0,25.5478,0,1,1,0,0.0,320.0,1600.0,0.6074,0.3779
风电6-光伏1,6,1,36.0,16:00-17:00,17,3.75,6.656,33.28,39.936,0.0,0.0,0.0,3.75,0.0,36.186,0,0,0,0,0.0,0.0,0.0,0.6074,0.3779
风电6-光伏1,6,1,36.0,17:00-18:00,18,3.1398,8.408,24.32,32.728,0.0,0.0,0.0,3.1398,0.0,29.5882,0,0,0,0,0.0,0.0,0.0,0.6074,0.3779
风电6-光伏1,6,1,36.0,18:00-19:00,19,2.61,10.808,11.52,22.328,0.0,0.0,0.0,2.61,0.0,19.718,0,0,0,0,0.0,0.0,0.0,0.8024,0.3779
风电6-光伏1,6,1,36.0,19:00-20:00,20,2.1198,9.604000000000001,0.0,9.604000000000001,0.0,0.0,0.0,2.1198,0.0,7.484200000000001,0,0,0,0,0.0,0.0,0.0,0.8024,0.3779
风电6-光伏1,6,1,36.0,20:00-21:00,21,1.8599999999999999,6.832000000000001,0.0,6.832000000000001,0.0,0.0,0.0,1.8599999999999999,0.0,4.972000000000001,0,0,0,0,0.0,0.0,0.0,0.8024,0.3779
风电6-光伏1,6,1,36.0,21:00-22:00,22,1.6301999999999999,8.384,0.0,8.384,0.0,0.0,0.0,1.6301999999999999,0.0,6.7538,0,0,0,0,0.0,0.0,0.0,0.6074,0.3779
风电6-光伏1,6,1,36.0,22:00-23:00,23,1.56,7.688000000000001,0.0,7.688000000000001,0.0,0.0,0.0,1.56,0.0,6.128,0,0,0,0,0.0,0.0,0.0,0.6074,0.3779
风电6-光伏1,6,1,36.0,23:00-24:00,24,1.4802,9.671999999999999,0.0,9.671999999999999,19.999999999999993,20.0,1.4999999999999998,42.980199999999996,33.3082,0.0,1,1,1,1,279.9999999999999,320.0,2999.9999999999995,0.3424,0.3779
风电6-光伏2,6,2,72.0,0:00-1:00,1,1.3698000000000001,9.448,0.0,9.448,20.0,20.0,1.5,42.8698,33.4218,0.0,1,1,1,1,280.0,320.0,3000.0,0.3424,0.3779
风电6-光伏2,6,2,72.0,1:00-2:00,2,1.0997999999999999,10.504,0.0,10.504,20.0,20.0,1.5,42.5998,32.095800000000004,0.0,1,1,1,1,280.0,320.0,3000.0,0.3424,0.3779
风电6-光伏2,6,2,72.0,2:00-3:00,3,0.7998000000000001,11.788,0.0,11.788,20.0,20.0,1.5,42.299800000000005,30.511800000000004,0.0,1,1,1,1,280.0,320.0,3000.0,0.3424,0.3779
风电6-光伏2,6,2,72.0,3:00-4:00,4,0.99,11.504000000000001,0.0,11.504000000000001,20.0,20.0,1.5,42.489999999999995,30.985999999999994,0.0,1,1,1,1,280.0,320.0,3000.0,0.3424,0.3779
风电6-光伏2,6,2,72.0,4:00-5:00,5,1.1802000000000001,11.16,0.0,11.16,20.0,20.0,1.5,42.6802,31.5202,0.0,1,1,1,1,280.0,320.0,3000.0,0.3424,0.3779
风电6-光伏2,6,2,72.0,5:00-6:00,6,1.6301999999999999,10.964,0.0,10.964,20.0,20.0,1.5,43.1302,32.1662,0.0,1,1,1,1,280.0,320.0,3000.0,0.3424,0.3779
风电6-光伏2,6,2,72.0,6:00-7:00,7,2.5002,10.744,0.0,10.744,20.0,20.0,1.5,44.0002,33.2562,0.0,1,1,1,1,280.0,320.0,3000.0,0.3424,0.3779
风电6-光伏2,6,2,72.0,7:00-8:00,8,3.3701999999999996,10.34,3.2,13.54,20.0,20.0,1.5,44.8702,31.330199999999998,0.0,1,1,1,1,280.0,320.0,3000.0,0.6074,0.3779
风电6-光伏2,6,2,72.0,8:00-9:00,9,4.0098,9.671999999999999,10.88,20.552,20.0,20.0,1.5,45.5098,24.9578,0.0,1,1,1,1,280.0,320.0,3000.0,0.6074,0.3779
风电6-光伏2,6,2,72.0,9:00-10:00,10,4.199999999999999,6.9479999999999995,17.92,24.868000000000002,20.0,20.0,1.5,45.7,20.832,0.0,1,1,1,1,280.0,320.0,3000.0,0.6074,0.3779
风电6-光伏2,6,2,72.0,10:00-11:00,11,4.1202,6.04,24.96,31.0,20.0,20.0,1.5,45.6202,14.620199999999997,0.0,1,1,1,1,280.0,320.0,3000.0,0.8024,0.3779
风电6-光伏2,6,2,72.0,11:00-12:00,12,3.9000000000000004,6.06,31.36,37.42,20.0,20.0,1.5,45.4,7.979999999999997,0.0,1,1,1,1,280.0,320.0,3000.0,0.8024,0.3779
风电6-光伏2,6,2,72.0,12:00-13:00,13,3.2598000000000003,6.5280000000000005,35.84,42.368,20.0,20.0,1.5,44.7598,2.3917999999999964,0.0,1,1,1,1,280.0,320.0,3000.0,0.8024,0.3779
风电6-光伏2,6,2,72.0,13:00-14:00,14,2.6898,5.768,37.12,42.888,20.0,20.0,1.5,44.1898,1.3018,0.0,1,1,1,1,280.0,320.0,3000.0,0.8024,0.3779
风电6-光伏2,6,2,72.0,14:00-15:00,15,3.63,5.432,32.0,37.432,20.0,20.0,1.5,45.129999999999995,7.697999999999993,0.0,1,1,1,1,280.0,320.0,3000.0,0.8024,0.3779
风电6-光伏2,6,2,72.0,15:00-16:00,16,3.8202000000000003,5.368,25.6,30.968000000000004,20.0,20.0,1.5,45.3202,14.352199999999996,0.0,1,1,1,1,280.0,320.0,3000.0,0.6074,0.3779
风电6-光伏2,6,2,72.0,16:00-17:00,17,3.75,6.656,19.2,25.855999999999998,20.0,20.0,1.5,45.25,19.394000000000002,0.0,1,1,1,1,280.0,320.0,3000.0,0.6074,0.3779
风电6-光伏2,6,2,72.0,17:00-18:00,18,3.1398,8.408,9.6,18.008,20.0,20.0,1.5,44.6398,26.631800000000002,0.0,1,1,1,1,280.0,320.0,3000.0,0.6074,0.3779
风电6-光伏2,6,2,72.0,18:00-19:00,19,2.61,10.808,3.2,14.008,20.0,20.0,1.5,44.11,30.102,0.0,1,1,1,1,280.0,320.0,3000.0,0.8024,0.3779
风电6-光伏2,6,2,72.0,19:00-20:00,20,2.1198,9.604000000000001,0.0,9.604000000000001,20.0,20.0,1.5,43.6198,34.0158,0.0,1,1,1,1,280.0,320.0,3000.0,0.8024,0.3779
风电6-光伏2,6,2,72.0,20:00-21:00,21,1.8599999999999999,6.832000000000001,0.0,6.832000000000001,20.0,20.0,1.5,43.36,36.528,0.0,1,1,1,1,280.0,320.0,3000.0,0.8024,0.3779
风电6-光伏2,6,2,72.0,21:00-22:00,22,1.6301999999999999,8.384,0.0,8.384,20.0,20.0,1.5,43.1302,34.7462,0.0,1,1,1,1,280.0,320.0,3000.0,0.6074,0.3779
风电6-光伏2,6,2,72.0,22:00-23:00,23,1.56,7.688000000000001,0.0,7.688000000000001,20.0,20.0,1.5,43.06,35.372,0.0,1,1,1,1,280.0,320.0,3000.0,0.6074,0.3779
风电6-光伏2,6,2,72.0,23:00-24:00,24,1.4802,9.671999999999999,0.0,9.671999999999999,20.0,20.0,1.5,42.980199999999996,33.3082,0.0,1,1,1,1,280.0,320.0,3000.0,0.3424,0.3779
风电6-光伏2,6,2,63.0,0:00-1:00,1,1.3698000000000001,9.448,0.0,9.448,20.000000000000004,20.000000000000004,1.5000000000000002,42.86980000000001,33.42180000000001,0.0,1,1,1,1,280.00000000000006,320.00000000000006,3000.0000000000005,0.3424,0.3779
风电6-光伏2,6,2,63.0,1:00-2:00,2,1.0997999999999999,10.504,0.0,10.504,20.0,20.0,1.5,42.5998,32.095800000000004,0.0,1,1,1,1,280.0,320.0,3000.0,0.3424,0.3779
风电6-光伏2,6,2,63.0,2:00-3:00,3,0.7998000000000001,11.788,0.0,11.788,20.000000000000007,20.0,1.5000000000000002,42.299800000000005,30.511800000000004,0.0,1,1,1,1,280.0000000000001,320.0,3000.0000000000005,0.3424,0.3779
风电6-光伏2,6,2,63.0,3:00-4:00,4,0.99,11.504000000000001,0.0,11.504000000000001,20.00000000000002,19.999999999999975,1.4999999999999998,42.489999999999995,30.985999999999994,0.0,1,1,1,1,280.0000000000003,319.9999999999996,2999.9999999999995,0.3424,0.3779
风电6-光伏2,6,2,63.0,4:00-5:00,5,1.1802000000000001,11.16,0.0,11.16,20.0,20.0,1.5,42.6802,31.5202,0.0,1,1,1,1,280.0,320.0,3000.0,0.3424,0.3779
风电6-光伏2,6,2,63.0,5:00-6:00,6,1.6301999999999999,10.964,0.0,10.964,20.00000000000002,19.999999999999975,1.4999999999999998,43.130199999999995,32.166199999999996,0.0,1,1,1,1,280.0000000000003,319.9999999999996,2999.9999999999995,0.3424,0.3779
风电6-光伏2,6,2,63.0,6:00-7:00,7,2.5002,10.744,0.0,10.744,20.0,20.0,1.5,44.0002,33.2562,0.0,1,1,1,1,280.0,320.0,3000.0,0.3424,0.3779
风电6-光伏2,6,2,63.0,7:00-8:00,8,3.3701999999999996,10.34,3.2,13.54,20.0,20.0,1.5,44.8702,31.330199999999998,0.0,1,1,1,1,280.0,320.0,3000.0,0.6074,0.3779
风电6-光伏2,6,2,63.0,8:00-9:00,9,4.0098,9.671999999999999,10.88,20.552,19.999999999999996,19.999999999999996,1.4999999999999998,45.5098,24.9578,0.0,1,1,1,1,279.99999999999994,319.99999999999994,2999.9999999999995,0.6074,0.3779
风电6-光伏2,6,2,63.0,9:00-10:00,10,4.199999999999999,6.9479999999999995,17.92,24.868000000000002,20.0,20.0,1.5,45.7,20.832,0.0,1,1,1,1,280.0,320.0,3000.0,0.6074,0.3779
风电6-光伏2,6,2,63.0,10:00-11:00,11,4.1202,6.04,24.96,31.0,5.874202898550724,19.999999999999996,1.0055971014492753,30.999999999999996,0.0,3.552713678800501e-15,1,1,1,0,82.23884057971014,319.99999999999994,2011.1942028985507,0.8024,0.3779
风电6-光伏2,6,2,63.0,11:00-12:00,12,3.9000000000000004,6.06,31.36,37.42,12.289855072463768,20.0,1.230144927536232,37.42,0.0,0.0,1,1,1,0,172.05797101449275,320.0,2460.289855072464,0.8024,0.3779
风电6-光伏2,6,2,63.0,12:00-13:00,13,3.2598000000000003,6.5280000000000005,35.84,42.368,17.689082125603868,20.0,1.4191178743961355,42.368,0.0,0.0,1,1,1,0,247.64714975845413,320.0,2838.235748792271,0.8024,0.3779
风电6-光伏2,6,2,63.0,13:00-14:00,14,2.6898,5.768,37.12,42.888,18.74222222222222,20.000000000000004,1.4559777777777778,42.888000000000005,7.105427357601002e-15,0.0,1,1,1,0,262.3911111111111,320.00000000000006,2911.9555555555557,0.8024,0.3779
风电6-光伏2,6,2,63.0,14:00-15:00,15,3.63,5.432,32.0,37.432,12.56231884057971,20.0,1.23968115942029,37.432,0.0,0.0,1,1,1,0,175.87246376811595,320.0,2479.36231884058,0.8024,0.3779
风电6-光伏2,6,2,63.0,15:00-16:00,16,3.8202000000000003,5.368,25.6,30.968000000000004,20.0,19.999999999999993,1.4999999999999998,45.32019999999999,14.35219999999999,0.0,1,1,1,1,280.0,319.9999999999999,2999.9999999999995,0.6074,0.3779
风电6-光伏2,6,2,63.0,16:00-17:00,17,3.75,6.656,19.2,25.855999999999998,20.0,20.0,1.5,45.25,19.394000000000002,0.0,1,1,1,1,280.0,320.0,3000.0,0.6074,0.3779
风电6-光伏2,6,2,63.0,17:00-18:00,18,3.1398,8.408,9.6,18.008,19.999999999999996,19.999999999999996,1.4999999999999998,44.639799999999994,26.631799999999995,0.0,1,1,1,1,279.99999999999994,319.99999999999994,2999.9999999999995,0.6074,0.3779
风电6-光伏2,6,2,63.0,18:00-19:00,19,2.61,10.808,3.2,14.008,0.0,10.959615384615384,0.4383846153846154,14.008,0.0,0.0,0,1,1,0,0.0,175.35384615384615,876.7692307692307,0.8024,0.3779
风电6-光伏2,6,2,63.0,19:00-20:00,20,2.1198,9.604000000000001,0.0,9.604000000000001,0.0,7.1963461538461555,0.28785384615384624,9.604000000000001,0.0,0.0,0,1,1,0,0.0,115.14153846153849,575.7076923076925,0.8024,0.3779
风电6-光伏2,6,2,63.0,20:00-21:00,21,1.8599999999999999,6.832000000000001,0.0,6.832000000000001,0.0,10.581067661304782,0.4232427064521913,12.864310367756973,6.032310367756972,0.0,0,1,1,1,0.0,169.29708258087652,846.4854129043827,0.8024,0.3779
风电6-光伏2,6,2,63.0,21:00-22:00,22,1.6301999999999999,8.384,0.0,8.384,20.000000000000007,20.0,1.5000000000000002,43.1302,34.7462,0.0,1,1,1,1,280.0000000000001,320.0,3000.0000000000005,0.6074,0.3779
风电6-光伏2,6,2,63.0,22:00-23:00,23,1.56,7.688000000000001,0.0,7.688000000000001,19.999999755132425,20.000000000000004,1.499999991429635,43.059999746562056,35.371999746562054,0.0,1,1,1,1,279.99999657185396,320.00000000000006,2999.99998285927,0.6074,0.3779
风电6-光伏2,6,2,63.0,23:00-24:00,24,1.4802,9.671999999999999,0.0,9.671999999999999,20.0,20.0,1.5,42.980199999999996,33.3082,0.0,1,1,1,1,280.0,320.0,3000.0,0.3424,0.3779
风电6-光伏2,6,2,54.0,0:00-1:00,1,1.3698000000000001,9.448,0.0,9.448,20.0,20.0,1.5,42.8698,33.4218,0.0,1,1,1,1,280.0,320.0,3000.0,0.3424,0.3779
风电6-光伏2,6,2,54.0,1:00-2:00,2,1.0997999999999999,10.504,0.0,10.504,20.0,20.0,1.5,42.5998,32.095800000000004,0.0,1,1,1,1,280.0,320.0,3000.0,0.3424,0.3779
风电6-光伏2,6,2,54.0,2:00-3:00,3,0.7998000000000001,11.788,0.0,11.788,20.000000000000007,20.0,1.5000000000000002,42.299800000000005,30.511800000000004,0.0,1,1,1,1,280.0000000000001,320.0,3000.0000000000005,0.3424,0.3779
风电6-光伏2,6,2,54.0,3:00-4:00,4,0.99,11.504000000000001,0.0,11.504000000000001,20.0,20.0,1.5,42.489999999999995,30.985999999999994,0.0,1,1,1,1,280.0,320.0,3000.0,0.3424,0.3779
风电6-光伏2,6,2,54.0,4:00-5:00,5,1.1802000000000001,11.16,0.0,11.16,20.0,20.0,1.5,42.6802,31.5202,0.0,1,1,1,1,280.0,320.0,3000.0,0.3424,0.3779
风电6-光伏2,6,2,54.0,5:00-6:00,6,1.6301999999999999,10.964,0.0,10.964,20.00000000000002,19.999999999999975,1.4999999999999998,43.130199999999995,32.166199999999996,0.0,1,1,1,1,280.0000000000003,319.9999999999996,2999.9999999999995,0.3424,0.3779
风电6-光伏2,6,2,54.0,6:00-7:00,7,2.5002,10.744,0.0,10.744,20.0,20.0,1.5,44.0002,33.2562,0.0,1,1,1,1,280.0,320.0,3000.0,0.3424,0.3779
风电6-光伏2,6,2,54.0,7:00-8:00,8,3.3701999999999996,10.34,3.2,13.54,0.0,20.000000000000004,0.8,24.170200000000005,10.630200000000006,0.0,0,1,1,1,0.0,320.00000000000006,1600.0,0.6074,0.3779
风电6-光伏2,6,2,54.0,8:00-9:00,9,4.0098,9.671999999999999,10.88,20.552,0.0,20.0,0.7999999999999999,24.8098,4.2578,0.0,0,1,1,1,0.0,320.0,1599.9999999999998,0.6074,0.3779
风电6-光伏2,6,2,54.0,9:00-10:00,10,4.199999999999999,6.9479999999999995,17.92,24.868000000000002,20.0,20.0,1.5,45.7,20.832,0.0,1,1,1,1,280.0,320.0,3000.0,0.6074,0.3779
风电6-光伏2,6,2,54.0,10:00-11:00,11,4.1202,6.04,24.96,31.0,5.874202898550724,19.999999999999996,1.0055971014492753,30.999999999999996,0.0,3.552713678800501e-15,1,1,1,0,82.23884057971014,319.99999999999994,2011.1942028985507,0.8024,0.3779
风电6-光伏2,6,2,54.0,11:00-12:00,12,3.9000000000000004,6.06,31.36,37.42,12.289855072463768,20.0,1.230144927536232,37.42,0.0,0.0,1,1,1,0,172.05797101449275,320.0,2460.289855072464,0.8024,0.3779
风电6-光伏2,6,2,54.0,12:00-13:00,13,3.2598000000000003,6.5280000000000005,35.84,42.368,17.689082125603868,20.0,1.4191178743961355,42.368,0.0,0.0,1,1,1,0,247.64714975845413,320.0,2838.235748792271,0.8024,0.3779
风电6-光伏2,6,2,54.0,13:00-14:00,14,2.6898,5.768,37.12,42.888,18.74222222222222,20.000000000000004,1.4559777777777778,42.888000000000005,7.105427357601002e-15,0.0,1,1,1,0,262.3911111111111,320.00000000000006,2911.9555555555557,0.8024,0.3779
风电6-光伏2,6,2,54.0,14:00-15:00,15,3.63,5.432,32.0,37.432,12.56231884057971,20.0,1.23968115942029,37.432,0.0,0.0,1,1,1,0,175.87246376811595,320.0,2479.36231884058,0.8024,0.3779
风电6-光伏2,6,2,54.0,15:00-16:00,16,3.8202000000000003,5.368,25.6,30.968000000000004,6.133140096618361,20.0,1.0146599033816426,30.968000000000004,0.0,0.0,1,1,1,0,85.86396135265706,320.0,2029.3198067632852,0.6074,0.3779
风电6-光伏2,6,2,54.0,16:00-17:00,17,3.75,6.656,19.2,25.855999999999998,11.92434409518482,19.999999548448624,1.2173520252694137,36.891695668902855,11.035695668902857,0.0,1,1,1,1,166.94081733258747,319.999992775178,2434.7040505388272,0.6074,0.3779
风电6-光伏2,6,2,54.0,17:00-18:00,18,3.1398,8.408,9.6,18.008,0.0,20.0,0.7999999999999999,23.9398,5.931800000000003,0.0,0,1,1,1,0.0,320.0,1599.9999999999998,0.6074,0.3779
风电6-光伏2,6,2,54.0,18:00-19:00,19,2.61,10.808,3.2,14.008,0.0,10.959615384615384,0.4383846153846154,14.008,0.0,0.0,0,1,1,0,0.0,175.35384615384615,876.7692307692307,0.8024,0.3779
风电6-光伏2,6,2,54.0,19:00-20:00,20,2.1198,9.604000000000001,0.0,9.604000000000001,0.0,7.1963461538461555,0.28785384615384624,9.604000000000001,0.0,0.0,0,1,1,0,0.0,115.14153846153849,575.7076923076925,0.8024,0.3779
风电6-光伏2,6,2,54.0,20:00-21:00,21,1.8599999999999999,6.832000000000001,0.0,6.832000000000001,0.0,4.780769230769232,0.1912307692307693,6.832000000000001,0.0,0.0,0,1,1,0,0.0,76.49230769230772,382.46153846153857,0.8024,0.3779
风电6-光伏2,6,2,54.0,21:00-22:00,22,1.6301999999999999,8.384,0.0,8.384,0.0,20.0,0.7999999999999999,22.4302,14.046199999999999,0.0,0,1,1,1,0.0,320.0,1599.9999999999998,0.6074,0.3779
风电6-光伏2,6,2,54.0,22:00-23:00,23,1.56,7.688000000000001,0.0,7.688000000000001,0.0,20.0,0.7999999999999999,22.36,14.671999999999999,0.0,0,1,1,1,0.0,320.0,1599.9999999999998,0.6074,0.3779
风电6-光伏2,6,2,54.0,23:00-24:00,24,1.4802,9.671999999999999,0.0,9.671999999999999,20.0,20.0,1.5,42.980199999999996,33.3082,0.0,1,1,1,1,280.0,320.0,3000.0,0.3424,0.3779
风电6-光伏2,6,2,45.0,0:00-1:00,1,1.3698000000000001,9.448,0.0,9.448,20.000000000000004,20.000000000000004,1.5000000000000002,42.86980000000001,33.42180000000001,0.0,1,1,1,1,280.00000000000006,320.00000000000006,3000.0000000000005,0.3424,0.3779
风电6-光伏2,6,2,45.0,1:00-2:00,2,1.0997999999999999,10.504,0.0,10.504,19.99999959287837,20.0,1.499999985750743,42.59979957862911,32.09579957862911,0.0,1,1,1,1,279.9999943002972,320.0,2999.9999715014856,0.3424,0.3779
风电6-光伏2,6,2,45.0,2:00-3:00,3,0.7998000000000001,11.788,0.0,11.788,20.000000000000007,20.0,1.5000000000000002,42.299800000000005,30.511800000000004,0.0,1,1,1,1,280.0000000000001,320.0,3000.0000000000005,0.3424,0.3779
风电6-光伏2,6,2,45.0,3:00-4:00,4,0.99,11.504000000000001,0.0,11.504000000000001,20.00000000000002,19.999999999999975,1.4999999999999998,42.489999999999995,30.985999999999994,0.0,1,1,1,1,280.0000000000003,319.9999999999996,2999.9999999999995,0.3424,0.3779
风电6-光伏2,6,2,45.0,4:00-5:00,5,1.1802000000000001,11.16,0.0,11.16,19.999999999999993,20.0,1.4999999999999998,42.68019999999999,31.520199999999992,0.0,1,1,1,1,279.9999999999999,320.0,2999.9999999999995,0.3424,0.3779
风电6-光伏2,6,2,45.0,5:00-6:00,6,1.6301999999999999,10.964,0.0,10.964,20.00000000000002,19.999999999999975,1.4999999999999998,43.130199999999995,32.166199999999996,0.0,1,1,1,1,280.0000000000003,319.9999999999996,2999.9999999999995,0.3424,0.3779
风电6-光伏2,6,2,45.0,6:00-7:00,7,2.5002,10.744,0.0,10.744,19.999999999999993,20.0,1.4999999999999998,44.00019999999999,33.25619999999999,0.0,1,1,1,1,279.9999999999999,320.0,2999.9999999999995,0.3424,0.3779
风电6-光伏2,6,2,45.0,7:00-8:00,8,3.3701999999999996,10.34,3.2,13.54,0.0,9.778653846153844,0.3911461538461538,13.54,0.0,0.0,0,1,1,0,0.0,156.4584615384615,782.2923076923076,0.6074,0.3779
风电6-光伏2,6,2,45.0,8:00-9:00,9,4.0098,9.671999999999999,10.88,20.552,0.0,15.905961538461538,0.6362384615384615,20.552,0.0,0.0,0,1,1,0,0.0,254.4953846153846,1272.476923076923,0.6074,0.3779
风电6-光伏2,6,2,45.0,9:00-10:00,10,4.199999999999999,6.9479999999999995,17.92,24.868000000000002,0.0,19.873076923076926,0.7949230769230771,24.868000000000002,0.0,0.0,0,1,1,0,0.0,317.9692307692308,1589.846153846154,0.6074,0.3779
风电6-光伏2,6,2,45.0,10:00-11:00,11,4.1202,6.04,24.96,31.0,0.0,20.0,0.8,24.9202,0.0,6.079799999999999,0,1,1,0,0.0,320.0,1600.0,0.8024,0.3779
风电6-光伏2,6,2,45.0,11:00-12:00,12,3.9000000000000004,6.06,31.36,37.42,10.483932031053127,20.0,1.1669376210868594,35.55086965213999,0.0,1.8691303478600148,1,1,1,0,146.77504843474378,320.0,2333.8752421737186,0.8024,0.3779
风电6-光伏2,6,2,45.0,12:00-13:00,13,3.2598000000000003,6.5280000000000005,35.84,42.368,1.999999999999996,20.0,0.8699999999999999,26.1298,0.0,16.238200000000003,1,1,1,0,27.999999999999943,320.0,1739.9999999999998,0.8024,0.3779
风电6-光伏2,6,2,45.0,13:00-14:00,14,2.6898,5.768,37.12,42.888,18.74222222222222,20.000000000000004,1.4559777777777778,42.888000000000005,7.105427357601002e-15,0.0,1,1,1,0,262.3911111111111,320.00000000000006,2911.9555555555557,0.8024,0.3779
风电6-光伏2,6,2,45.0,14:00-15:00,15,3.63,5.432,32.0,37.432,0.0,20.0,0.8,24.43,0.0,13.002000000000002,0,1,1,0,0.0,320.0,1600.0,0.8024,0.3779
风电6-光伏2,6,2,45.0,15:00-16:00,16,3.8202000000000003,5.368,25.6,30.968000000000004,0.0,20.0,0.7999999999999999,24.6202,0.0,6.347800000000003,0,1,1,0,0.0,320.0,1599.9999999999998,0.6074,0.3779
风电6-光伏2,6,2,45.0,16:00-17:00,17,3.75,6.656,19.2,25.855999999999998,0.0,20.0,0.8,24.55,0.0,1.3059999999999974,0,1,1,0,0.0,320.0,1600.0,0.6074,0.3779
风电6-光伏2,6,2,45.0,17:00-18:00,18,3.1398,8.408,9.6,18.008,0.0,14.296346153846152,0.571853846153846,18.008,0.0,0.0,0,1,1,0,0.0,228.74153846153843,1143.707692307692,0.6074,0.3779
风电6-光伏2,6,2,45.0,18:00-19:00,19,2.61,10.808,3.2,14.008,0.0,10.959615384615384,0.4383846153846154,14.008,0.0,0.0,0,1,1,0,0.0,175.35384615384615,876.7692307692307,0.8024,0.3779
风电6-光伏2,6,2,45.0,19:00-20:00,20,2.1198,9.604000000000001,0.0,9.604000000000001,0.0,7.196346153846158,0.28785384615384624,9.604000000000005,3.552713678800501e-15,0.0,0,1,1,0,0.0,115.14153846153853,575.7076923076925,0.8024,0.3779
风电6-光伏2,6,2,45.0,20:00-21:00,21,1.8599999999999999,6.832000000000001,0.0,6.832000000000001,0.0,4.780769230769232,0.1912307692307693,6.832000000000001,0.0,0.0,0,1,1,0,0.0,76.49230769230772,382.46153846153857,0.8024,0.3779
风电6-光伏2,6,2,45.0,21:00-22:00,22,1.6301999999999999,8.384,0.0,8.384,0.0,6.494038461538461,0.2597615384615385,8.383999999999999,0.0,1.7763568394002505e-15,0,1,1,0,0.0,103.90461538461538,519.5230769230769,0.6074,0.3779
风电6-光伏2,6,2,45.0,22:00-23:00,23,1.56,7.688000000000001,0.0,7.688000000000001,0.0,5.892307692307693,0.2356923076923077,7.688000000000001,0.0,0.0,0,1,1,0,0.0,94.27692307692308,471.3846153846154,0.6074,0.3779
风电6-光伏2,6,2,45.0,23:00-24:00,24,1.4802,9.671999999999999,0.0,9.671999999999999,19.999999999999993,20.0,1.4999999999999998,42.980199999999996,33.3082,0.0,1,1,1,1,279.9999999999999,320.0,2999.9999999999995,0.3424,0.3779
风电6-光伏2,6,2,36.0,0:00-1:00,1,1.3698000000000001,9.448,0.0,9.448,20.000000000000004,20.000000000000004,1.5000000000000002,42.86980000000001,33.42180000000001,0.0,1,1,1,1,280.00000000000006,320.00000000000006,3000.0000000000005,0.3424,0.3779
风电6-光伏2,6,2,36.0,1:00-2:00,2,1.0997999999999999,10.504,0.0,10.504,20.0,20.0,1.5,42.5998,32.095800000000004,0.0,1,1,1,1,280.0,320.0,3000.0,0.3424,0.3779
风电6-光伏2,6,2,36.0,2:00-3:00,3,0.7998000000000001,11.788,0.0,11.788,20.000000000000007,20.0,1.5000000000000002,42.299800000000005,30.511800000000004,0.0,1,1,1,1,280.0000000000001,320.0,3000.0000000000005,0.3424,0.3779
风电6-光伏2,6,2,36.0,3:00-4:00,4,0.99,11.504000000000001,0.0,11.504000000000001,19.999999518188414,19.999999999999996,1.4999999831365944,42.48999950132501,30.985999501325008,0.0,1,1,1,1,279.9999932546378,319.99999999999994,2999.999966273189,0.3424,0.3779
风电6-光伏2,6,2,36.0,4:00-5:00,5,1.1802000000000001,11.16,0.0,11.16,20.0,20.0,1.5,42.6802,31.5202,0.0,1,1,1,1,280.0,320.0,3000.0,0.3424,0.3779
风电6-光伏2,6,2,36.0,5:00-6:00,6,1.6301999999999999,10.964,0.0,10.964,20.0,19.999999999999993,1.4999999999999998,43.13019999999999,32.16619999999999,0.0,1,1,1,1,280.0,319.9999999999999,2999.9999999999995,0.3424,0.3779
风电6-光伏2,6,2,36.0,6:00-7:00,7,2.5002,10.744,0.0,10.744,20.0,20.0,1.5,44.0002,33.2562,0.0,1,1,1,1,280.0,320.0,3000.0,0.3424,0.3779
风电6-光伏2,6,2,36.0,7:00-8:00,8,3.3701999999999996,10.34,3.2,13.54,0.0,0.0,0.0,3.3701999999999996,0.0,10.169799999999999,0,0,0,0,0.0,0.0,0.0,0.6074,0.3779
风电6-光伏2,6,2,36.0,8:00-9:00,9,4.0098,9.671999999999999,10.88,20.552,0.0,15.905961538461538,0.6362384615384615,20.552,0.0,0.0,0,1,1,0,0.0,254.4953846153846,1272.476923076923,0.6074,0.3779
风电6-光伏2,6,2,36.0,9:00-10:00,10,4.199999999999999,6.9479999999999995,17.92,24.868000000000002,0.0,19.873076923076926,0.7949230769230771,24.868000000000002,0.0,0.0,0,1,1,0,0.0,317.9692307692308,1589.846153846154,0.6074,0.3779
风电6-光伏2,6,2,36.0,10:00-11:00,11,4.1202,6.04,24.96,31.0,0.0,19.999999999999993,0.7999999999999997,24.920199999999994,0.0,6.079800000000006,0,1,1,0,0.0,319.9999999999999,1599.9999999999993,0.8024,0.3779
风电6-光伏2,6,2,36.0,11:00-12:00,12,3.9000000000000004,6.06,31.36,37.42,0.0,20.0,0.7999999999999998,24.7,0.0,12.720000000000002,0,1,1,0,0.0,320.0,1599.9999999999995,0.8024,0.3779
风电6-光伏2,6,2,36.0,12:00-13:00,13,3.2598000000000003,6.5280000000000005,35.84,42.368,0.0,20.0,0.7999999999999999,24.0598,0.0,18.308200000000003,0,1,1,0,0.0,320.0,1599.9999999999998,0.8024,0.3779
风电6-光伏2,6,2,36.0,13:00-14:00,14,2.6898,5.768,37.12,42.888,0.0,20.0,0.8,23.4898,0.0,19.3982,0,1,1,0,0.0,320.0,1600.0,0.8024,0.3779
风电6-光伏2,6,2,36.0,14:00-15:00,15,3.63,5.432,32.0,37.432,0.0,14.22096196004669,0.5688384784018676,18.419800438448558,0.0,19.012199561551444,0,1,1,0,0.0,227.53539136074704,1137.6769568037353,0.8024,0.3779
风电6-光伏2,6,2,36.0,15:00-16:00,16,3.8202000000000003,5.368,25.6,30.968000000000004,0.0,0.0,0.0,3.8202000000000003,0.0,27.147800000000004,0,0,0,0,0.0,0.0,0.0,0.6074,0.3779
风电6-光伏2,6,2,36.0,16:00-17:00,17,3.75,6.656,19.2,25.855999999999998,0.0,20.0,0.8,24.55,0.0,1.3059999999999974,0,1,1,0,0.0,320.0,1600.0,0.6074,0.3779
风电6-光伏2,6,2,36.0,17:00-18:00,18,3.1398,8.408,9.6,18.008,0.0,0.0,0.0,3.1398,0.0,14.868199999999998,0,0,0,0,0.0,0.0,0.0,0.6074,0.3779
风电6-光伏2,6,2,36.0,18:00-19:00,19,2.61,10.808,3.2,14.008,0.0,0.0,0.0,2.61,0.0,11.398,0,0,0,0,0.0,0.0,0.0,0.8024,0.3779
风电6-光伏2,6,2,36.0,19:00-20:00,20,2.1198,9.604000000000001,0.0,9.604000000000001,0.0,0.0,0.0,2.1198,0.0,7.484200000000001,0,0,0,0,0.0,0.0,0.0,0.8024,0.3779
风电6-光伏2,6,2,36.0,20:00-21:00,21,1.8599999999999999,6.832000000000001,0.0,6.832000000000001,0.0,0.0,0.0,1.8599999999999999,0.0,4.972000000000001,0,0,0,0,0.0,0.0,0.0,0.8024,0.3779
风电6-光伏2,6,2,36.0,21:00-22:00,22,1.6301999999999999,8.384,0.0,8.384,0.0,0.0,0.0,1.6301999999999999,0.0,6.7538,0,0,0,0,0.0,0.0,0.0,0.6074,0.3779
风电6-光伏2,6,2,36.0,22:00-23:00,23,1.56,7.688000000000001,0.0,7.688000000000001,0.0,0.0,0.0,1.56,0.0,6.128,0,0,0,0,0.0,0.0,0.0,0.6074,0.3779
风电6-光伏2,6,2,36.0,23:00-24:00,24,1.4802,9.671999999999999,0.0,9.671999999999999,20.0,20.0,1.5,42.980199999999996,33.3082,0.0,1,1,1,1,280.0,320.0,3000.0,0.3424,0.3779
风电6-光伏3,6,3,72.0,0:00-1:00,1,1.3698000000000001,9.448,0.0,9.448,20.0,20.0,1.5,42.8698,33.4218,0.0,1,1,1,1,280.0,320.0,3000.0,0.3424,0.3779
风电6-光伏3,6,3,72.0,1:00-2:00,2,1.0997999999999999,10.504,0.0,10.504,20.0,20.0,1.5,42.5998,32.095800000000004,0.0,1,1,1,1,280.0,320.0,3000.0,0.3424,0.3779
风电6-光伏3,6,3,72.0,2:00-3:00,3,0.7998000000000001,11.788,0.0,11.788,20.0,20.0,1.5,42.299800000000005,30.511800000000004,0.0,1,1,1,1,280.0,320.0,3000.0,0.3424,0.3779
风电6-光伏3,6,3,72.0,3:00-4:00,4,0.99,11.504000000000001,0.0,11.504000000000001,20.0,20.0,1.5,42.489999999999995,30.985999999999994,0.0,1,1,1,1,280.0,320.0,3000.0,0.3424,0.3779
风电6-光伏3,6,3,72.0,4:00-5:00,5,1.1802000000000001,11.16,0.0,11.16,20.0,20.0,1.5,42.6802,31.5202,0.0,1,1,1,1,280.0,320.0,3000.0,0.3424,0.3779
风电6-光伏3,6,3,72.0,5:00-6:00,6,1.6301999999999999,10.964,0.0,10.964,20.0,20.0,1.5,43.1302,32.1662,0.0,1,1,1,1,280.0,320.0,3000.0,0.3424,0.3779
风电6-光伏3,6,3,72.0,6:00-7:00,7,2.5002,10.744,0.0,10.744,20.0,20.0,1.5,44.0002,33.2562,0.0,1,1,1,1,280.0,320.0,3000.0,0.3424,0.3779
风电6-光伏3,6,3,72.0,7:00-8:00,8,3.3701999999999996,10.34,1.28,11.62,20.0,20.0,1.5,44.8702,33.2502,0.0,1,1,1,1,280.0,320.0,3000.0,0.6074,0.3779
风电6-光伏3,6,3,72.0,8:00-9:00,9,4.0098,9.671999999999999,3.2,12.872,20.0,20.0,1.5,45.5098,32.6378,0.0,1,1,1,1,280.0,320.0,3000.0,0.6074,0.3779
风电6-光伏3,6,3,72.0,9:00-10:00,10,4.199999999999999,6.9479999999999995,5.12,12.068,20.0,20.0,1.5,45.7,33.632000000000005,0.0,1,1,1,1,280.0,320.0,3000.0,0.6074,0.3779
风电6-光伏3,6,3,72.0,10:00-11:00,11,4.1202,6.04,7.68,13.719999999999999,20.0,20.0,1.5,45.6202,31.900199999999998,0.0,1,1,1,1,280.0,320.0,3000.0,0.8024,0.3779
风电6-光伏3,6,3,72.0,11:00-12:00,12,3.9000000000000004,6.06,11.52,17.58,20.0,20.0,1.5,45.4,27.82,0.0,1,1,1,1,280.0,320.0,3000.0,0.8024,0.3779
风电6-光伏3,6,3,72.0,12:00-13:00,13,3.2598000000000003,6.5280000000000005,14.08,20.608,20.0,20.0,1.5,44.7598,24.151799999999998,0.0,1,1,1,1,280.0,320.0,3000.0,0.8024,0.3779
风电6-光伏3,6,3,72.0,13:00-14:00,14,2.6898,5.768,14.08,19.848,20.0,20.0,1.5,44.1898,24.3418,0.0,1,1,1,1,280.0,320.0,3000.0,0.8024,0.3779
风电6-光伏3,6,3,72.0,14:00-15:00,15,3.63,5.432,11.52,16.951999999999998,20.0,20.0,1.5,45.129999999999995,28.177999999999997,0.0,1,1,1,1,280.0,320.0,3000.0,0.8024,0.3779
风电6-光伏3,6,3,72.0,15:00-16:00,16,3.8202000000000003,5.368,7.04,12.408000000000001,20.0,20.0,1.5,45.3202,32.9122,0.0,1,1,1,1,280.0,320.0,3000.0,0.6074,0.3779
风电6-光伏3,6,3,72.0,16:00-17:00,17,3.75,6.656,5.12,11.776,20.0,20.0,1.5,45.25,33.474000000000004,0.0,1,1,1,1,280.0,320.0,3000.0,0.6074,0.3779
风电6-光伏3,6,3,72.0,17:00-18:00,18,3.1398,8.408,3.2,11.608,20.0,20.0,1.5,44.6398,33.031800000000004,0.0,1,1,1,1,280.0,320.0,3000.0,0.6074,0.3779
风电6-光伏3,6,3,72.0,18:00-19:00,19,2.61,10.808,1.28,12.088,20.0,20.0,1.5,44.11,32.022,0.0,1,1,1,1,280.0,320.0,3000.0,0.8024,0.3779
风电6-光伏3,6,3,72.0,19:00-20:00,20,2.1198,9.604000000000001,0.0,9.604000000000001,20.0,20.0,1.5,43.6198,34.0158,0.0,1,1,1,1,280.0,320.0,3000.0,0.8024,0.3779
风电6-光伏3,6,3,72.0,20:00-21:00,21,1.8599999999999999,6.832000000000001,0.0,6.832000000000001,20.0,20.0,1.5,43.36,36.528,0.0,1,1,1,1,280.0,320.0,3000.0,0.8024,0.3779
风电6-光伏3,6,3,72.0,21:00-22:00,22,1.6301999999999999,8.384,0.0,8.384,20.0,20.0,1.5,43.1302,34.7462,0.0,1,1,1,1,280.0,320.0,3000.0,0.6074,0.3779
风电6-光伏3,6,3,72.0,22:00-23:00,23,1.56,7.688000000000001,0.0,7.688000000000001,20.0,20.0,1.5,43.06,35.372,0.0,1,1,1,1,280.0,320.0,3000.0,0.6074,0.3779
风电6-光伏3,6,3,72.0,23:00-24:00,24,1.4802,9.671999999999999,0.0,9.671999999999999,20.0,20.0,1.5,42.980199999999996,33.3082,0.0,1,1,1,1,280.0,320.0,3000.0,0.3424,0.3779
风电6-光伏3,6,3,63.0,0:00-1:00,1,1.3698000000000001,9.448,0.0,9.448,20.000000000000004,20.000000000000004,1.5000000000000002,42.86980000000001,33.42180000000001,0.0,1,1,1,1,280.00000000000006,320.00000000000006,3000.0000000000005,0.3424,0.3779
风电6-光伏3,6,3,63.0,1:00-2:00,2,1.0997999999999999,10.504,0.0,10.504,20.0,20.0,1.5,42.5998,32.095800000000004,0.0,1,1,1,1,280.0,320.0,3000.0,0.3424,0.3779
风电6-光伏3,6,3,63.0,2:00-3:00,3,0.7998000000000001,11.788,0.0,11.788,20.000000000000007,20.0,1.5000000000000002,42.299800000000005,30.511800000000004,0.0,1,1,1,1,280.0000000000001,320.0,3000.0000000000005,0.3424,0.3779
风电6-光伏3,6,3,63.0,3:00-4:00,4,0.99,11.504000000000001,0.0,11.504000000000001,20.00000000000002,19.999999999999975,1.4999999999999998,42.489999999999995,30.985999999999994,0.0,1,1,1,1,280.0000000000003,319.9999999999996,2999.9999999999995,0.3424,0.3779
风电6-光伏3,6,3,63.0,4:00-5:00,5,1.1802000000000001,11.16,0.0,11.16,20.0,20.0,1.5,42.6802,31.5202,0.0,1,1,1,1,280.0,320.0,3000.0,0.3424,0.3779
风电6-光伏3,6,3,63.0,5:00-6:00,6,1.6301999999999999,10.964,0.0,10.964,20.00000000000002,19.999999999999975,1.4999999999999998,43.130199999999995,32.166199999999996,0.0,1,1,1,1,280.0000000000003,319.9999999999996,2999.9999999999995,0.3424,0.3779
风电6-光伏3,6,3,63.0,6:00-7:00,7,2.5002,10.744,0.0,10.744,20.0,20.0,1.5,44.0002,33.2562,0.0,1,1,1,1,280.0,320.0,3000.0,0.3424,0.3779
风电6-光伏3,6,3,63.0,7:00-8:00,8,3.3701999999999996,10.34,1.28,11.62,20.0,20.0,1.5,44.8702,33.2502,0.0,1,1,1,1,280.0,320.0,3000.0,0.6074,0.3779
风电6-光伏3,6,3,63.0,8:00-9:00,9,4.0098,9.671999999999999,3.2,12.872,20.000000000000068,19.999999999999932,1.4999999999999998,45.5098,32.6378,0.0,1,1,1,1,280.00000000000097,319.9999999999989,2999.9999999999995,0.6074,0.3779
风电6-光伏3,6,3,63.0,9:00-10:00,10,4.199999999999999,6.9479999999999995,5.12,12.068,20.000000000000007,20.0,1.5000000000000002,45.7,33.632000000000005,0.0,1,1,1,1,280.0000000000001,320.0,3000.0000000000005,0.6074,0.3779
风电6-光伏3,6,3,63.0,10:00-11:00,11,4.1202,6.04,7.68,13.719999999999999,0.0,20.0,0.7999999999999999,24.9202,11.200200000000002,0.0,0,1,1,1,0.0,320.0,1599.9999999999998,0.8024,0.3779
风电6-光伏3,6,3,63.0,11:00-12:00,12,3.9000000000000004,6.06,11.52,17.58,20.0,20.0,1.5,45.4,27.82,0.0,1,1,1,1,280.0,320.0,3000.0,0.8024,0.3779
风电6-光伏3,6,3,63.0,12:00-13:00,13,3.2598000000000003,6.5280000000000005,14.08,20.608,0.0,19.999999999999996,0.7999999999999999,24.0598,3.4517999999999986,0.0,0,1,1,1,0.0,319.99999999999994,1599.9999999999998,0.8024,0.3779
风电6-光伏3,6,3,63.0,13:00-14:00,14,2.6898,5.768,14.08,19.848,0.0,20.0,0.7999999999999999,23.4898,3.6418,0.0,0,1,1,1,0.0,320.0,1599.9999999999998,0.8024,0.3779
风电6-光伏3,6,3,63.0,14:00-15:00,15,3.63,5.432,11.52,16.951999999999998,0.0,20.0,0.7999999999999999,24.43,7.4780000000000015,0.0,0,1,1,1,0.0,320.0,1599.9999999999998,0.8024,0.3779
风电6-光伏3,6,3,63.0,15:00-16:00,16,3.8202000000000003,5.368,7.04,12.408000000000001,20.00000000000002,19.999999999999982,1.5,45.3202,32.9122,0.0,1,1,1,1,280.0000000000003,319.9999999999997,3000.0,0.6074,0.3779
风电6-光伏3,6,3,63.0,16:00-17:00,17,3.75,6.656,5.12,11.776,19.999999780163925,20.0,1.4999999923057374,45.249999772469664,33.47399977246967,0.0,1,1,1,1,279.99999692229494,320.0,2999.9999846114747,0.6074,0.3779
风电6-光伏3,6,3,63.0,17:00-18:00,18,3.1398,8.408,3.2,11.608,20.00000000000002,19.999999999999982,1.5,44.63980000000001,33.031800000000004,0.0,1,1,1,1,280.0000000000003,319.9999999999997,3000.0,0.6074,0.3779
风电6-光伏3,6,3,63.0,18:00-19:00,19,2.61,10.808,1.28,12.088,0.0,19.999999999999996,0.7999999999999999,23.409999999999997,11.321999999999997,0.0,0,1,1,1,0.0,319.99999999999994,1599.9999999999998,0.8024,0.3779
风电6-光伏3,6,3,63.0,19:00-20:00,20,2.1198,9.604000000000001,0.0,9.604000000000001,0.0,20.0,0.8,22.919800000000002,13.315800000000001,0.0,0,1,1,1,0.0,320.0,1600.0,0.8024,0.3779
风电6-光伏3,6,3,63.0,20:00-21:00,21,1.8599999999999999,6.832000000000001,0.0,6.832000000000001,11.428571648407111,19.999999999999996,1.2000000076942487,34.48857165610136,27.656571656101356,0.0,1,1,1,1,160.00000307769955,319.99999999999994,2400.0000153884976,0.8024,0.3779
风电6-光伏3,6,3,63.0,21:00-22:00,22,1.6301999999999999,8.384,0.0,8.384,20.000000000000007,20.0,1.5000000000000002,43.1302,34.7462,0.0,1,1,1,1,280.0000000000001,320.0,3000.0000000000005,0.6074,0.3779
风电6-光伏3,6,3,63.0,22:00-23:00,23,1.56,7.688000000000001,0.0,7.688000000000001,20.00000000000002,19.999999999999982,1.5,43.06,35.372,0.0,1,1,1,1,280.0000000000003,319.9999999999997,3000.0,0.6074,0.3779
风电6-光伏3,6,3,63.0,23:00-24:00,24,1.4802,9.671999999999999,0.0,9.671999999999999,20.0,20.0,1.5,42.980199999999996,33.3082,0.0,1,1,1,1,280.0,320.0,3000.0,0.3424,0.3779
风电6-光伏3,6,3,54.0,0:00-1:00,1,1.3698000000000001,9.448,0.0,9.448,20.000000000000004,20.000000000000004,1.5000000000000002,42.86980000000001,33.42180000000001,0.0,1,1,1,1,280.00000000000006,320.00000000000006,3000.0000000000005,0.3424,0.3779
风电6-光伏3,6,3,54.0,1:00-2:00,2,1.0997999999999999,10.504,0.0,10.504,20.0,20.0,1.5,42.5998,32.095800000000004,0.0,1,1,1,1,280.0,320.0,3000.0,0.3424,0.3779
风电6-光伏3,6,3,54.0,2:00-3:00,3,0.7998000000000001,11.788,0.0,11.788,20.000000000000007,20.0,1.5000000000000002,42.299800000000005,30.511800000000004,0.0,1,1,1,1,280.0000000000001,320.0,3000.0000000000005,0.3424,0.3779
风电6-光伏3,6,3,54.0,3:00-4:00,4,0.99,11.504000000000001,0.0,11.504000000000001,20.0,20.0,1.5,42.489999999999995,30.985999999999994,0.0,1,1,1,1,280.0,320.0,3000.0,0.3424,0.3779
风电6-光伏3,6,3,54.0,4:00-5:00,5,1.1802000000000001,11.16,0.0,11.16,20.0,20.0,1.5,42.6802,31.5202,0.0,1,1,1,1,280.0,320.0,3000.0,0.3424,0.3779
风电6-光伏3,6,3,54.0,5:00-6:00,6,1.6301999999999999,10.964,0.0,10.964,19.999999999999996,19.999999999999996,1.4999999999999998,43.13019999999999,32.16619999999999,0.0,1,1,1,1,279.99999999999994,319.99999999999994,2999.9999999999995,0.3424,0.3779
风电6-光伏3,6,3,54.0,6:00-7:00,7,2.5002,10.744,0.0,10.744,20.0,20.0,1.5,44.0002,33.2562,0.0,1,1,1,1,280.0,320.0,3000.0,0.3424,0.3779
风电6-光伏3,6,3,54.0,7:00-8:00,8,3.3701999999999996,10.34,1.28,11.62,20.0,20.0,1.5,44.8702,33.2502,0.0,1,1,1,1,280.0,320.0,3000.0,0.6074,0.3779
风电6-光伏3,6,3,54.0,8:00-9:00,9,4.0098,9.671999999999999,3.2,12.872,20.0,20.0,1.5,45.5098,32.6378,0.0,1,1,1,1,280.0,320.0,3000.0,0.6074,0.3779
风电6-光伏3,6,3,54.0,9:00-10:00,10,4.199999999999999,6.9479999999999995,5.12,12.068,20.000000000000007,20.0,1.5000000000000002,45.7,33.632000000000005,0.0,1,1,1,1,280.0000000000001,320.0,3000.0000000000005,0.6074,0.3779
风电6-光伏3,6,3,54.0,10:00-11:00,11,4.1202,6.04,7.68,13.719999999999999,0.0,9.230576923076923,0.3692230769230769,13.719999999999999,0.0,0.0,0,1,1,0,0.0,147.68923076923076,738.4461538461537,0.8024,0.3779
风电6-光伏3,6,3,54.0,11:00-12:00,12,3.9000000000000004,6.06,11.52,17.58,0.0,13.153846153846152,0.5261538461538461,17.58,0.0,0.0,0,1,1,0,0.0,210.46153846153842,1052.3076923076922,0.8024,0.3779
风电6-光伏3,6,3,54.0,12:00-13:00,13,3.2598000000000003,6.5280000000000005,14.08,20.608,0.0,16.68096153846154,0.6672384615384614,20.607999999999997,0.0,3.552713678800501e-15,0,1,1,0,0.0,266.8953846153846,1334.476923076923,0.8024,0.3779
风电6-光伏3,6,3,54.0,13:00-14:00,14,2.6898,5.768,14.08,19.848,0.0,16.498269230769232,0.6599307692307692,19.848,0.0,0.0,0,1,1,0,0.0,263.9723076923077,1319.8615384615384,0.8024,0.3779
风电6-光伏3,6,3,54.0,14:00-15:00,15,3.63,5.432,11.52,16.951999999999998,0.0,12.809615384615384,0.5123846153846153,16.951999999999998,0.0,0.0,0,1,1,0,0.0,204.95384615384614,1024.7692307692307,0.8024,0.3779
风电6-光伏3,6,3,54.0,15:00-16:00,16,3.8202000000000003,5.368,7.04,12.408000000000001,20.0,20.0,1.5,45.3202,32.9122,0.0,1,1,1,1,280.0,320.0,3000.0,0.6074,0.3779
风电6-光伏3,6,3,54.0,16:00-17:00,17,3.75,6.656,5.12,11.776,20.0,20.0,1.5,45.25,33.474000000000004,0.0,1,1,1,1,280.0,320.0,3000.0,0.6074,0.3779
风电6-光伏3,6,3,54.0,17:00-18:00,18,3.1398,8.408,3.2,11.608,3.4698901098898345,19.999999999999996,0.9214461538461441,27.531136263735977,15.923136263735977,0.0,1,1,1,1,48.57846153845768,319.99999999999994,1842.8923076922883,0.6074,0.3779
风电6-光伏3,6,3,54.0,18:00-19:00,19,2.61,10.808,1.28,12.088,0.0,9.11346153846154,0.36453846153846153,12.088000000000001,1.7763568394002505e-15,0.0,0,1,1,0,0.0,145.81538461538463,729.0769230769231,0.8024,0.3779
风电6-光伏3,6,3,54.0,19:00-20:00,20,2.1198,9.604000000000001,0.0,9.604000000000001,0.0,7.1963461538461555,0.28785384615384624,9.604000000000001,0.0,0.0,0,1,1,0,0.0,115.14153846153849,575.7076923076925,0.8024,0.3779
风电6-光伏3,6,3,54.0,20:00-21:00,21,1.8599999999999999,6.832000000000001,0.0,6.832000000000001,0.0,4.780769230769232,0.1912307692307693,6.832000000000001,0.0,0.0,0,1,1,0,0.0,76.49230769230772,382.46153846153857,0.8024,0.3779
风电6-光伏3,6,3,54.0,21:00-22:00,22,1.6301999999999999,8.384,0.0,8.384,20.000000000000007,20.0,1.5000000000000002,43.1302,34.7462,0.0,1,1,1,1,280.0000000000001,320.0,3000.0000000000005,0.6074,0.3779
风电6-光伏3,6,3,54.0,22:00-23:00,23,1.56,7.688000000000001,0.0,7.688000000000001,20.000000000000004,19.999999999999996,1.5,43.06,35.372,0.0,1,1,1,1,280.00000000000006,319.99999999999994,3000.0,0.6074,0.3779
风电6-光伏3,6,3,54.0,23:00-24:00,24,1.4802,9.671999999999999,0.0,9.671999999999999,20.0,20.0,1.5,42.980199999999996,33.3082,0.0,1,1,1,1,280.0,320.0,3000.0,0.3424,0.3779
风电6-光伏3,6,3,45.0,0:00-1:00,1,1.3698000000000001,9.448,0.0,9.448,20.000000000000004,20.000000000000004,1.5000000000000002,42.86980000000001,33.42180000000001,0.0,1,1,1,1,280.00000000000006,320.00000000000006,3000.0000000000005,0.3424,0.3779
风电6-光伏3,6,3,45.0,1:00-2:00,2,1.0997999999999999,10.504,0.0,10.504,20.0,20.0,1.5,42.5998,32.095800000000004,0.0,1,1,1,1,280.0,320.0,3000.0,0.3424,0.3779
风电6-光伏3,6,3,45.0,2:00-3:00,3,0.7998000000000001,11.788,0.0,11.788,20.000000000000007,20.0,1.5000000000000002,42.299800000000005,30.511800000000004,0.0,1,1,1,1,280.0000000000001,320.0,3000.0000000000005,0.3424,0.3779
风电6-光伏3,6,3,45.0,3:00-4:00,4,0.99,11.504000000000001,0.0,11.504000000000001,20.00000000000002,19.999999999999975,1.4999999999999998,42.489999999999995,30.985999999999994,0.0,1,1,1,1,280.0000000000003,319.9999999999996,2999.9999999999995,0.3424,0.3779
风电6-光伏3,6,3,45.0,4:00-5:00,5,1.1802000000000001,11.16,0.0,11.16,20.0,20.0,1.5,42.6802,31.5202,0.0,1,1,1,1,280.0,320.0,3000.0,0.3424,0.3779
风电6-光伏3,6,3,45.0,5:00-6:00,6,1.6301999999999999,10.964,0.0,10.964,20.00000000000002,19.999999999999975,1.4999999999999998,43.130199999999995,32.166199999999996,0.0,1,1,1,1,280.0000000000003,319.9999999999996,2999.9999999999995,0.3424,0.3779
风电6-光伏3,6,3,45.0,6:00-7:00,7,2.5002,10.744,0.0,10.744,20.0,20.0,1.5,44.0002,33.2562,0.0,1,1,1,1,280.0,320.0,3000.0,0.3424,0.3779
风电6-光伏3,6,3,45.0,7:00-8:00,8,3.3701999999999996,10.34,1.28,11.62,14.898462073991974,19.99999953141062,1.3214461538461437,39.59010775924874,27.97010775924874,0.0,1,1,1,1,208.57846903588762,319.9999925025699,2642.8923076922874,0.6074,0.3779
风电6-光伏3,6,3,45.0,8:00-9:00,9,4.0098,9.671999999999999,3.2,12.872,0.0,20.0,0.7999999999999999,24.8098,11.9378,0.0,0,1,1,1,0.0,320.0,1599.9999999999998,0.6074,0.3779
风电6-光伏3,6,3,45.0,9:00-10:00,10,4.199999999999999,6.9479999999999995,5.12,12.068,0.0,20.0,0.7999999999999999,25.0,12.932,0.0,0,1,1,1,0.0,320.0,1599.9999999999998,0.6074,0.3779
风电6-光伏3,6,3,45.0,10:00-11:00,11,4.1202,6.04,7.68,13.719999999999999,0.0,9.230576923076923,0.3692230769230769,13.719999999999999,0.0,0.0,0,1,1,0,0.0,147.68923076923076,738.4461538461537,0.8024,0.3779
风电6-光伏3,6,3,45.0,11:00-12:00,12,3.9000000000000004,6.06,11.52,17.58,0.0,13.153846153846152,0.5261538461538461,17.58,0.0,0.0,0,1,1,0,0.0,210.46153846153842,1052.3076923076922,0.8024,0.3779
风电6-光伏3,6,3,45.0,12:00-13:00,13,3.2598000000000003,6.5280000000000005,14.08,20.608,0.0,16.68096153846154,0.6672384615384614,20.607999999999997,0.0,3.552713678800501e-15,0,1,1,0,0.0,266.8953846153846,1334.476923076923,0.8024,0.3779
风电6-光伏3,6,3,45.0,13:00-14:00,14,2.6898,5.768,14.08,19.848,0.0,16.498269230769232,0.6599307692307692,19.848,0.0,0.0,0,1,1,0,0.0,263.9723076923077,1319.8615384615384,0.8024,0.3779
风电6-光伏3,6,3,45.0,14:00-15:00,15,3.63,5.432,11.52,16.951999999999998,0.0,12.809615384615384,0.5123846153846153,16.951999999999998,0.0,0.0,0,1,1,0,0.0,204.95384615384614,1024.7692307692307,0.8024,0.3779
风电6-光伏3,6,3,45.0,15:00-16:00,16,3.8202000000000003,5.368,7.04,12.408000000000001,0.0,20.0,0.7999999999999999,24.6202,12.2122,0.0,0,1,1,1,0.0,320.0,1599.9999999999998,0.6074,0.3779
风电6-光伏3,6,3,45.0,16:00-17:00,17,3.75,6.656,5.12,11.776,0.0,20.000000000000004,0.8,24.550000000000004,12.774000000000004,0.0,0,1,1,1,0.0,320.00000000000006,1600.0,0.6074,0.3779
风电6-光伏3,6,3,45.0,17:00-18:00,18,3.1398,8.408,3.2,11.608,0.0,20.0,0.7999999999999999,23.9398,12.331800000000001,0.0,0,1,1,1,0.0,320.0,1599.9999999999998,0.6074,0.3779
风电6-光伏3,6,3,45.0,18:00-19:00,19,2.61,10.808,1.28,12.088,0.0,9.11346153846154,0.36453846153846153,12.088000000000001,1.7763568394002505e-15,0.0,0,1,1,0,0.0,145.81538461538463,729.0769230769231,0.8024,0.3779
风电6-光伏3,6,3,45.0,19:00-20:00,20,2.1198,9.604000000000001,0.0,9.604000000000001,0.0,7.1963461538461555,0.28785384615384624,9.604000000000001,0.0,0.0,0,1,1,0,0.0,115.14153846153849,575.7076923076925,0.8024,0.3779
风电6-光伏3,6,3,45.0,20:00-21:00,21,1.8599999999999999,6.832000000000001,0.0,6.832000000000001,0.0,4.780769230769232,0.1912307692307693,6.832000000000001,0.0,0.0,0,1,1,0,0.0,76.49230769230772,382.46153846153857,0.8024,0.3779
风电6-光伏3,6,3,45.0,21:00-22:00,22,1.6301999999999999,8.384,0.0,8.384,0.0,20.000000000000004,0.8,22.430200000000003,14.046200000000002,0.0,0,1,1,1,0.0,320.00000000000006,1600.0,0.6074,0.3779
风电6-光伏3,6,3,45.0,22:00-23:00,23,1.56,7.688000000000001,0.0,7.688000000000001,0.0,19.999999999999996,0.7999999999999998,22.359999999999996,14.671999999999995,0.0,0,1,1,1,0.0,319.99999999999994,1599.9999999999995,0.6074,0.3779
风电6-光伏3,6,3,45.0,23:00-24:00,24,1.4802,9.671999999999999,0.0,9.671999999999999,20.0,20.0,1.5,42.980199999999996,33.3082,0.0,1,1,1,1,280.0,320.0,3000.0,0.3424,0.3779
风电6-光伏3,6,3,36.0,0:00-1:00,1,1.3698000000000001,9.448,0.0,9.448,20.0,20.0,1.5,42.8698,33.4218,0.0,1,1,1,1,280.0,320.0,3000.0,0.3424,0.3779
风电6-光伏3,6,3,36.0,1:00-2:00,2,1.0997999999999999,10.504,0.0,10.504,20.0,20.0,1.5,42.5998,32.095800000000004,0.0,1,1,1,1,280.0,320.0,3000.0,0.3424,0.3779
风电6-光伏3,6,3,36.0,2:00-3:00,3,0.7998000000000001,11.788,0.0,11.788,20.000000000000007,20.0,1.5000000000000002,42.299800000000005,30.511800000000004,0.0,1,1,1,1,280.0000000000001,320.0,3000.0000000000005,0.3424,0.3779
风电6-光伏3,6,3,36.0,3:00-4:00,4,0.99,11.504000000000001,0.0,11.504000000000001,20.0,19.999999999999993,1.4999999999999998,42.489999999999995,30.985999999999994,0.0,1,1,1,1,280.0,319.9999999999999,2999.9999999999995,0.3424,0.3779
风电6-光伏3,6,3,36.0,4:00-5:00,5,1.1802000000000001,11.16,0.0,11.16,19.999999999999993,20.0,1.4999999999999998,42.68019999999999,31.520199999999992,0.0,1,1,1,1,279.9999999999999,320.0,2999.9999999999995,0.3424,0.3779
风电6-光伏3,6,3,36.0,5:00-6:00,6,1.6301999999999999,10.964,0.0,10.964,20.0,19.999999999999993,1.4999999999999998,43.13019999999999,32.16619999999999,0.0,1,1,1,1,280.0,319.9999999999999,2999.9999999999995,0.3424,0.3779
风电6-光伏3,6,3,36.0,6:00-7:00,7,2.5002,10.744,0.0,10.744,19.999999999999993,20.0,1.4999999999999998,44.00019999999999,33.25619999999999,0.0,1,1,1,1,279.9999999999999,320.0,2999.9999999999995,0.3424,0.3779
风电6-光伏3,6,3,36.0,7:00-8:00,8,3.3701999999999996,10.34,1.28,11.62,0.0,7.9325,0.3173,11.62,0.0,0.0,0,1,1,0,0.0,126.92,634.6,0.6074,0.3779
风电6-光伏3,6,3,36.0,8:00-9:00,9,4.0098,9.671999999999999,3.2,12.872,0.0,8.521346153846153,0.3408538461538461,12.872,0.0,0.0,0,1,1,1,0.0,136.34153846153845,681.7076923076922,0.6074,0.3779
风电6-光伏3,6,3,36.0,9:00-10:00,10,4.199999999999999,6.9479999999999995,5.12,12.068,0.0,7.565384615384616,0.3026153846153846,12.068,0.0,0.0,0,1,1,0,0.0,121.04615384615386,605.2307692307693,0.6074,0.3779
风电6-光伏3,6,3,36.0,10:00-11:00,11,4.1202,6.04,7.68,13.719999999999999,0.0,9.230576923076923,0.3692230769230769,13.719999999999999,0.0,0.0,0,1,1,1,0.0,147.68923076923076,738.4461538461537,0.8024,0.3779
风电6-光伏3,6,3,36.0,11:00-12:00,12,3.9000000000000004,6.06,11.52,17.58,0.0,13.153846153846152,0.5261538461538461,17.58,0.0,0.0,0,1,1,1,0.0,210.46153846153842,1052.3076923076922,0.8024,0.3779
风电6-光伏3,6,3,36.0,12:00-13:00,13,3.2598000000000003,6.5280000000000005,14.08,20.608,0.0,16.68096153846154,0.6672384615384614,20.607999999999997,0.0,3.552713678800501e-15,0,1,1,0,0.0,266.8953846153846,1334.476923076923,0.8024,0.3779
风电6-光伏3,6,3,36.0,13:00-14:00,14,2.6898,5.768,14.08,19.848,0.0,16.498269230769232,0.6599307692307692,19.848,0.0,0.0,0,1,1,0,0.0,263.9723076923077,1319.8615384615384,0.8024,0.3779
风电6-光伏3,6,3,36.0,14:00-15:00,15,3.63,5.432,11.52,16.951999999999998,0.0,12.809615384615382,0.5123846153846153,16.951999999999998,0.0,0.0,0,1,1,1,0.0,204.95384615384611,1024.7692307692307,0.8024,0.3779
风电6-光伏3,6,3,36.0,15:00-16:00,16,3.8202000000000003,5.368,7.04,12.408000000000001,0.0,8.2575,0.33030000000000004,12.408,0.0,1.7763568394002505e-15,0,1,1,1,0.0,132.12,660.6,0.6074,0.3779
风电6-光伏3,6,3,36.0,16:00-17:00,17,3.75,6.656,5.12,11.776,0.0,7.730576923076933,0.3092230769230773,11.78980000000001,0.01380000000001047,0.0,0,1,1,1,0.0,123.68923076923093,618.4461538461546,0.6074,0.3779
风电6-光伏3,6,3,36.0,17:00-18:00,18,3.1398,8.408,3.2,11.608,0.0,8.1425,0.3257,11.607999999999999,0.0,1.7763568394002505e-15,0,1,1,0,0.0,130.28,651.4,0.6074,0.3779
风电6-光伏3,6,3,36.0,18:00-19:00,19,2.61,10.808,1.28,12.088,0.0,9.11346153846154,0.36453846153846153,12.088000000000001,1.7763568394002505e-15,0.0,0,1,1,0,0.0,145.81538461538463,729.0769230769231,0.8024,0.3779
风电6-光伏3,6,3,36.0,19:00-20:00,20,2.1198,9.604000000000001,0.0,9.604000000000001,0.0,7.196346153846155,0.2878538461538462,9.604000000000001,0.0,0.0,0,1,1,0,0.0,115.14153846153847,575.7076923076924,0.8024,0.3779
风电6-光伏3,6,3,36.0,20:00-21:00,21,1.8599999999999999,6.832000000000001,0.0,6.832000000000001,0.0,4.780769230769232,0.1912307692307693,6.832000000000001,0.0,0.0,0,1,1,0,0.0,76.49230769230772,382.46153846153857,0.8024,0.3779
风电6-光伏3,6,3,36.0,21:00-22:00,22,1.6301999999999999,8.384,0.0,8.384,0.0,6.494038461538462,0.2597615384615385,8.384,0.0,0.0,0,1,1,1,0.0,103.9046153846154,519.5230769230769,0.6074,0.3779
风电6-光伏3,6,3,36.0,22:00-23:00,23,1.56,7.688000000000001,0.0,7.688000000000001,0.0,5.892307692307693,0.2356923076923077,7.688000000000001,0.0,0.0,0,1,1,0,0.0,94.27692307692308,471.3846153846154,0.6074,0.3779
风电6-光伏3,6,3,36.0,23:00-24:00,24,1.4802,9.671999999999999,0.0,9.671999999999999,19.999999999999993,20.0,1.4999999999999998,42.980199999999996,33.3082,0.0,1,1,1,1,279.9999999999999,320.0,2999.9999999999995,0.3424,0.3779
风电6-光伏4,6,4,72.0,0:00-1:00,1,1.3698000000000001,9.448,0.0,9.448,20.0,20.0,1.5,42.8698,33.4218,0.0,1,1,1,1,280.0,320.0,3000.0,0.3424,0.3779
风电6-光伏4,6,4,72.0,1:00-2:00,2,1.0997999999999999,10.504,0.0,10.504,20.0,20.0,1.5,42.5998,32.095800000000004,0.0,1,1,1,1,280.0,320.0,3000.0,0.3424,0.3779
风电6-光伏4,6,4,72.0,2:00-3:00,3,0.7998000000000001,11.788,0.0,11.788,20.0,20.0,1.5,42.299800000000005,30.511800000000004,0.0,1,1,1,1,280.0,320.0,3000.0,0.3424,0.3779
风电6-光伏4,6,4,72.0,3:00-4:00,4,0.99,11.504000000000001,0.0,11.504000000000001,20.0,20.0,1.5,42.489999999999995,30.985999999999994,0.0,1,1,1,1,280.0,320.0,3000.0,0.3424,0.3779
风电6-光伏4,6,4,72.0,4:00-5:00,5,1.1802000000000001,11.16,0.0,11.16,20.0,20.0,1.5,42.6802,31.5202,0.0,1,1,1,1,280.0,320.0,3000.0,0.3424,0.3779
风电6-光伏4,6,4,72.0,5:00-6:00,6,1.6301999999999999,10.964,0.0,10.964,20.0,20.0,1.5,43.1302,32.1662,0.0,1,1,1,1,280.0,320.0,3000.0,0.3424,0.3779
风电6-光伏4,6,4,72.0,6:00-7:00,7,2.5002,10.744,0.0,10.744,20.0,20.0,1.5,44.0002,33.2562,0.0,1,1,1,1,280.0,320.0,3000.0,0.3424,0.3779
风电6-光伏4,6,4,72.0,7:00-8:00,8,3.3701999999999996,10.34,0.0,10.34,20.0,20.0,1.5,44.8702,34.530199999999994,0.0,1,1,1,1,280.0,320.0,3000.0,0.6074,0.3779
风电6-光伏4,6,4,72.0,8:00-9:00,9,4.0098,9.671999999999999,0.0,9.671999999999999,20.0,20.0,1.5,45.5098,35.8378,0.0,1,1,1,1,280.0,320.0,3000.0,0.6074,0.3779
风电6-光伏4,6,4,72.0,9:00-10:00,10,4.199999999999999,6.9479999999999995,0.0,6.9479999999999995,20.0,20.0,1.5,45.7,38.752,0.0,1,1,1,1,280.0,320.0,3000.0,0.6074,0.3779
风电6-光伏4,6,4,72.0,10:00-11:00,11,4.1202,6.04,0.0,6.04,20.0,20.0,1.5,45.6202,39.5802,0.0,1,1,1,1,280.0,320.0,3000.0,0.8024,0.3779
风电6-光伏4,6,4,72.0,11:00-12:00,12,3.9000000000000004,6.06,1.28,7.34,20.0,20.0,1.5,45.4,38.06,0.0,1,1,1,1,280.0,320.0,3000.0,0.8024,0.3779
风电6-光伏4,6,4,72.0,12:00-13:00,13,3.2598000000000003,6.5280000000000005,5.12,11.648,20.0,20.0,1.5,44.7598,33.1118,0.0,1,1,1,1,280.0,320.0,3000.0,0.8024,0.3779
风电6-光伏4,6,4,72.0,13:00-14:00,14,2.6898,5.768,7.68,13.448,20.0,20.0,1.5,44.1898,30.741799999999998,0.0,1,1,1,1,280.0,320.0,3000.0,0.8024,0.3779
风电6-光伏4,6,4,72.0,14:00-15:00,15,3.63,5.432,5.12,10.552,20.0,20.0,1.5,45.129999999999995,34.577999999999996,0.0,1,1,1,1,280.0,320.0,3000.0,0.8024,0.3779
风电6-光伏4,6,4,72.0,15:00-16:00,16,3.8202000000000003,5.368,1.28,6.648000000000001,20.0,20.0,1.5,45.3202,38.6722,0.0,1,1,1,1,280.0,320.0,3000.0,0.6074,0.3779
风电6-光伏4,6,4,72.0,16:00-17:00,17,3.75,6.656,0.0,6.656,20.0,20.0,1.5,45.25,38.594,0.0,1,1,1,1,280.0,320.0,3000.0,0.6074,0.3779
风电6-光伏4,6,4,72.0,17:00-18:00,18,3.1398,8.408,0.0,8.408,20.0,20.0,1.5,44.6398,36.2318,0.0,1,1,1,1,280.0,320.0,3000.0,0.6074,0.3779
风电6-光伏4,6,4,72.0,18:00-19:00,19,2.61,10.808,0.0,10.808,20.0,20.0,1.5,44.11,33.302,0.0,1,1,1,1,280.0,320.0,3000.0,0.8024,0.3779
风电6-光伏4,6,4,72.0,19:00-20:00,20,2.1198,9.604000000000001,0.0,9.604000000000001,20.0,20.0,1.5,43.6198,34.0158,0.0,1,1,1,1,280.0,320.0,3000.0,0.8024,0.3779
风电6-光伏4,6,4,72.0,20:00-21:00,21,1.8599999999999999,6.832000000000001,0.0,6.832000000000001,20.0,20.0,1.5,43.36,36.528,0.0,1,1,1,1,280.0,320.0,3000.0,0.8024,0.3779
风电6-光伏4,6,4,72.0,21:00-22:00,22,1.6301999999999999,8.384,0.0,8.384,20.0,20.0,1.5,43.1302,34.7462,0.0,1,1,1,1,280.0,320.0,3000.0,0.6074,0.3779
风电6-光伏4,6,4,72.0,22:00-23:00,23,1.56,7.688000000000001,0.0,7.688000000000001,20.0,20.0,1.5,43.06,35.372,0.0,1,1,1,1,280.0,320.0,3000.0,0.6074,0.3779
风电6-光伏4,6,4,72.0,23:00-24:00,24,1.4802,9.671999999999999,0.0,9.671999999999999,20.0,20.0,1.5,42.980199999999996,33.3082,0.0,1,1,1,1,280.0,320.0,3000.0,0.3424,0.3779
风电6-光伏4,6,4,63.0,0:00-1:00,1,1.3698000000000001,9.448,0.0,9.448,20.000000000000004,20.000000000000004,1.5000000000000002,42.86980000000001,33.42180000000001,0.0,1,1,1,1,280.00000000000006,320.00000000000006,3000.0000000000005,0.3424,0.3779
风电6-光伏4,6,4,63.0,1:00-2:00,2,1.0997999999999999,10.504,0.0,10.504,20.0,20.0,1.5,42.5998,32.095800000000004,0.0,1,1,1,1,280.0,320.0,3000.0,0.3424,0.3779
风电6-光伏4,6,4,63.0,2:00-3:00,3,0.7998000000000001,11.788,0.0,11.788,20.000000000000007,20.0,1.5000000000000002,42.299800000000005,30.511800000000004,0.0,1,1,1,1,280.0000000000001,320.0,3000.0000000000005,0.3424,0.3779
风电6-光伏4,6,4,63.0,3:00-4:00,4,0.99,11.504000000000001,0.0,11.504000000000001,20.00000000000002,19.999999999999975,1.4999999999999998,42.489999999999995,30.985999999999994,0.0,1,1,1,1,280.0000000000003,319.9999999999996,2999.9999999999995,0.3424,0.3779
风电6-光伏4,6,4,63.0,4:00-5:00,5,1.1802000000000001,11.16,0.0,11.16,20.0,20.0,1.5,42.6802,31.5202,0.0,1,1,1,1,280.0,320.0,3000.0,0.3424,0.3779
风电6-光伏4,6,4,63.0,5:00-6:00,6,1.6301999999999999,10.964,0.0,10.964,20.00000000000002,19.999999999999975,1.4999999999999998,43.130199999999995,32.166199999999996,0.0,1,1,1,1,280.0000000000003,319.9999999999996,2999.9999999999995,0.3424,0.3779
风电6-光伏4,6,4,63.0,6:00-7:00,7,2.5002,10.744,0.0,10.744,20.0,20.0,1.5,44.0002,33.2562,0.0,1,1,1,1,280.0,320.0,3000.0,0.3424,0.3779
风电6-光伏4,6,4,63.0,7:00-8:00,8,3.3701999999999996,10.34,0.0,10.34,20.0,20.0,1.5,44.8702,34.530199999999994,0.0,1,1,1,1,280.0,320.0,3000.0,0.6074,0.3779
风电6-光伏4,6,4,63.0,8:00-9:00,9,4.0098,9.671999999999999,0.0,9.671999999999999,19.999999999999975,20.000000000000014,1.4999999999999998,45.50979999999999,35.837799999999994,0.0,1,1,1,1,279.99999999999966,320.0000000000002,2999.9999999999995,0.6074,0.3779
风电6-光伏4,6,4,63.0,9:00-10:00,10,4.199999999999999,6.9479999999999995,0.0,6.9479999999999995,20.000000000000007,20.0,1.5000000000000002,45.7,38.752,0.0,1,1,1,1,280.0000000000001,320.0,3000.0000000000005,0.6074,0.3779
风电6-光伏4,6,4,63.0,10:00-11:00,11,4.1202,6.04,0.0,6.04,11.428571671818135,20.0,1.2000000085136346,36.748771680331764,30.708771680331765,0.0,1,1,1,1,160.0000034054539,320.0,2400.000017027269,0.8024,0.3779
风电6-光伏4,6,4,63.0,11:00-12:00,12,3.9000000000000004,6.06,1.28,7.34,0.0,20.0,0.7999999999999999,24.7,17.36,0.0,0,1,1,1,0.0,320.0,1599.9999999999998,0.8024,0.3779
风电6-光伏4,6,4,63.0,12:00-13:00,13,3.2598000000000003,6.5280000000000005,5.12,11.648,0.0,20.000000000000004,0.8,24.059800000000006,12.411800000000007,0.0,0,1,1,1,0.0,320.00000000000006,1600.0,0.8024,0.3779
风电6-光伏4,6,4,63.0,13:00-14:00,14,2.6898,5.768,7.68,13.448,0.0,20.0,0.7999999999999999,23.4898,10.041799999999999,0.0,0,1,1,1,0.0,320.0,1599.9999999999998,0.8024,0.3779
风电6-光伏4,6,4,63.0,14:00-15:00,15,3.63,5.432,5.12,10.552,0.0,19.999999999999996,0.7999999999999998,24.429999999999996,13.877999999999997,0.0,0,1,1,1,0.0,319.99999999999994,1599.9999999999995,0.8024,0.3779
风电6-光伏4,6,4,63.0,15:00-16:00,16,3.8202000000000003,5.368,1.28,6.648000000000001,20.000000000000004,19.99999999999999,1.4999999999999998,45.32019999999999,38.67219999999999,0.0,1,1,1,1,280.00000000000006,319.99999999999983,2999.9999999999995,0.6074,0.3779
风电6-光伏4,6,4,63.0,16:00-17:00,17,3.75,6.656,0.0,6.656,19.999999756752906,20.0,1.4999999914863518,45.24999974823926,38.59399974823926,0.0,1,1,1,1,279.9999965945407,320.0,2999.9999829727035,0.6074,0.3779
风电6-光伏4,6,4,63.0,17:00-18:00,18,3.1398,8.408,0.0,8.408,19.999999999999975,20.00000000000002,1.5,44.639799999999994,36.23179999999999,0.0,1,1,1,1,279.99999999999966,320.00000000000034,3000.0,0.6074,0.3779
风电6-光伏4,6,4,63.0,18:00-19:00,19,2.61,10.808,0.0,10.808,0.0,20.0,0.7999999999999999,23.41,12.602,0.0,0,1,1,1,0.0,320.0,1599.9999999999998,0.8024,0.3779
风电6-光伏4,6,4,63.0,19:00-20:00,20,2.1198,9.604000000000001,0.0,9.604000000000001,0.0,20.0,0.8,22.919800000000002,13.315800000000001,0.0,0,1,1,1,0.0,320.0,1600.0,0.8024,0.3779
风电6-光伏4,6,4,63.0,20:00-21:00,21,1.8599999999999999,6.832000000000001,0.0,6.832000000000001,20.00000000000002,19.999999999999982,1.5,43.36,36.528,0.0,1,1,1,1,280.0000000000003,319.9999999999997,3000.0,0.8024,0.3779
风电6-光伏4,6,4,63.0,21:00-22:00,22,1.6301999999999999,8.384,0.0,8.384,20.000000000000007,20.0,1.5000000000000002,43.1302,34.7462,0.0,1,1,1,1,280.0000000000001,320.0,3000.0000000000005,0.6074,0.3779
风电6-光伏4,6,4,63.0,22:00-23:00,23,1.56,7.688000000000001,0.0,7.688000000000001,20.00000000000002,19.999999999999982,1.5,43.06,35.372,0.0,1,1,1,1,280.0000000000003,319.9999999999997,3000.0,0.6074,0.3779
风电6-光伏4,6,4,63.0,23:00-24:00,24,1.4802,9.671999999999999,0.0,9.671999999999999,20.0,20.0,1.5,42.980199999999996,33.3082,0.0,1,1,1,1,280.0,320.0,3000.0,0.3424,0.3779
风电6-光伏4,6,4,54.0,0:00-1:00,1,1.3698000000000001,9.448,0.0,9.448,20.000000000000004,20.000000000000004,1.5000000000000002,42.86980000000001,33.42180000000001,0.0,1,1,1,1,280.00000000000006,320.00000000000006,3000.0000000000005,0.3424,0.3779
风电6-光伏4,6,4,54.0,1:00-2:00,2,1.0997999999999999,10.504,0.0,10.504,20.0,20.0,1.5,42.5998,32.095800000000004,0.0,1,1,1,1,280.0,320.0,3000.0,0.3424,0.3779
风电6-光伏4,6,4,54.0,2:00-3:00,3,0.7998000000000001,11.788,0.0,11.788,20.000000000000007,20.0,1.5000000000000002,42.299800000000005,30.511800000000004,0.0,1,1,1,1,280.0000000000001,320.0,3000.0000000000005,0.3424,0.3779
风电6-光伏4,6,4,54.0,3:00-4:00,4,0.99,11.504000000000001,0.0,11.504000000000001,20.00000000000002,19.999999999999975,1.4999999999999998,42.489999999999995,30.985999999999994,0.0,1,1,1,1,280.0000000000003,319.9999999999996,2999.9999999999995,0.3424,0.3779
风电6-光伏4,6,4,54.0,4:00-5:00,5,1.1802000000000001,11.16,0.0,11.16,20.0,20.0,1.5,42.6802,31.5202,0.0,1,1,1,1,280.0,320.0,3000.0,0.3424,0.3779
风电6-光伏4,6,4,54.0,5:00-6:00,6,1.6301999999999999,10.964,0.0,10.964,20.00000000000002,19.999999999999975,1.4999999999999998,43.130199999999995,32.166199999999996,0.0,1,1,1,1,280.0000000000003,319.9999999999996,2999.9999999999995,0.3424,0.3779
风电6-光伏4,6,4,54.0,6:00-7:00,7,2.5002,10.744,0.0,10.744,20.0,20.0,1.5,44.0002,33.2562,0.0,1,1,1,1,280.0,320.0,3000.0,0.3424,0.3779
风电6-光伏4,6,4,54.0,7:00-8:00,8,3.3701999999999996,10.34,0.0,10.34,20.0,20.0,1.5,44.8702,34.530199999999994,0.0,1,1,1,1,280.0,320.0,3000.0,0.6074,0.3779
风电6-光伏4,6,4,54.0,8:00-9:00,9,4.0098,9.671999999999999,0.0,9.671999999999999,19.99999971530913,19.999999999999993,1.4999999900358194,45.50979970534494,35.83779970534494,0.0,1,1,1,1,279.99999601432785,319.9999999999999,2999.9999800716387,0.6074,0.3779
风电6-光伏4,6,4,54.0,9:00-10:00,10,4.199999999999999,6.9479999999999995,0.0,6.9479999999999995,20.000000000000007,20.0,1.5000000000000002,45.7,38.752,0.0,1,1,1,1,280.0000000000001,320.0,3000.0000000000005,0.6074,0.3779
风电6-光伏4,6,4,54.0,10:00-11:00,11,4.1202,6.04,0.0,6.04,0.0,10.074423326027313,0.4029769330410925,14.597600259068404,8.557600259068405,0.0,0,1,1,1,0.0,161.190773216437,805.953866082185,0.8024,0.3779
风电6-光伏4,6,4,54.0,11:00-12:00,12,3.9000000000000004,6.06,1.28,7.34,0.0,20.0,0.7999999999999999,24.7,17.36,0.0,0,1,1,1,0.0,320.0,1599.9999999999998,0.8024,0.3779
风电6-光伏4,6,4,54.0,12:00-13:00,13,3.2598000000000003,6.5280000000000005,5.12,11.648,0.0,8.065576923076922,0.3226230769230769,11.648,0.0,0.0,0,1,1,0,0.0,129.04923076923075,645.2461538461538,0.8024,0.3779
风电6-光伏4,6,4,54.0,13:00-14:00,14,2.6898,5.768,7.68,13.448,0.0,10.344423076923077,0.4137769230769231,13.448,0.0,0.0,0,1,1,0,0.0,165.51076923076923,827.5538461538462,0.8024,0.3779
风电6-光伏4,6,4,54.0,14:00-15:00,15,3.63,5.432,5.12,10.552,0.0,6.6557692307692315,0.2662307692307692,10.552000000000001,1.7763568394002505e-15,0.0,0,1,1,0,0.0,106.4923076923077,532.4615384615385,0.8024,0.3779
风电6-光伏4,6,4,54.0,15:00-16:00,16,3.8202000000000003,5.368,1.28,6.648000000000001,20.000000000000004,19.99999999999999,1.4999999999999998,45.32019999999999,38.67219999999999,0.0,1,1,1,1,280.00000000000006,319.99999999999983,2999.9999999999995,0.6074,0.3779
风电6-光伏4,6,4,54.0,16:00-17:00,17,3.75,6.656,0.0,6.656,20.0,20.0,1.5,45.25,38.594,0.0,1,1,1,1,280.0,320.0,3000.0,0.6074,0.3779
风电6-光伏4,6,4,54.0,17:00-18:00,18,3.1398,8.408,0.0,8.408,19.999999999999975,20.00000000000002,1.5,44.639799999999994,36.23179999999999,0.0,1,1,1,1,279.99999999999966,320.00000000000034,3000.0,0.6074,0.3779
风电6-光伏4,6,4,54.0,18:00-19:00,19,2.61,10.808,0.0,10.808,0.0,7.8826923076923086,0.31530769230769234,10.808000000000002,1.7763568394002505e-15,0.0,0,1,1,0,0.0,126.12307692307694,630.6153846153846,0.8024,0.3779
风电6-光伏4,6,4,54.0,19:00-20:00,20,2.1198,9.604000000000001,0.0,9.604000000000001,0.0,7.1963461538461555,0.28785384615384624,9.604000000000001,0.0,0.0,0,1,1,0,0.0,115.14153846153849,575.7076923076925,0.8024,0.3779
风电6-光伏4,6,4,54.0,20:00-21:00,21,1.8599999999999999,6.832000000000001,0.0,6.832000000000001,0.0,4.780769230769232,0.1912307692307693,6.832000000000001,0.0,0.0,0,1,1,0,0.0,76.49230769230772,382.46153846153857,0.8024,0.3779
风电6-光伏4,6,4,54.0,21:00-22:00,22,1.6301999999999999,8.384,0.0,8.384,20.000000000000007,20.0,1.5000000000000002,43.1302,34.7462,0.0,1,1,1,1,280.0000000000001,320.0,3000.0000000000005,0.6074,0.3779
风电6-光伏4,6,4,54.0,22:00-23:00,23,1.56,7.688000000000001,0.0,7.688000000000001,20.00000000000002,19.999999999999982,1.5,43.06,35.372,0.0,1,1,1,1,280.0000000000003,319.9999999999997,3000.0,0.6074,0.3779
风电6-光伏4,6,4,54.0,23:00-24:00,24,1.4802,9.671999999999999,0.0,9.671999999999999,20.0,20.0,1.5,42.980199999999996,33.3082,0.0,1,1,1,1,280.0,320.0,3000.0,0.3424,0.3779
风电6-光伏4,6,4,45.0,0:00-1:00,1,1.3698000000000001,9.448,0.0,9.448,20.000000000000004,20.000000000000004,1.5000000000000002,42.86980000000001,33.42180000000001,0.0,1,1,1,1,280.00000000000006,320.00000000000006,3000.0000000000005,0.3424,0.3779
风电6-光伏4,6,4,45.0,1:00-2:00,2,1.0997999999999999,10.504,0.0,10.504,20.0,20.0,1.5,42.5998,32.095800000000004,0.0,1,1,1,1,280.0,320.0,3000.0,0.3424,0.3779
风电6-光伏4,6,4,45.0,2:00-3:00,3,0.7998000000000001,11.788,0.0,11.788,20.000000000000007,20.0,1.5000000000000002,42.299800000000005,30.511800000000004,0.0,1,1,1,1,280.0000000000001,320.0,3000.0000000000005,0.3424,0.3779
风电6-光伏4,6,4,45.0,3:00-4:00,4,0.99,11.504000000000001,0.0,11.504000000000001,20.00000000000002,19.999999999999975,1.4999999999999998,42.489999999999995,30.985999999999994,0.0,1,1,1,1,280.0000000000003,319.9999999999996,2999.9999999999995,0.3424,0.3779
风电6-光伏4,6,4,45.0,4:00-5:00,5,1.1802000000000001,11.16,0.0,11.16,20.0,20.0,1.5,42.6802,31.5202,0.0,1,1,1,1,280.0,320.0,3000.0,0.3424,0.3779
风电6-光伏4,6,4,45.0,5:00-6:00,6,1.6301999999999999,10.964,0.0,10.964,20.00000000000002,19.999999999999975,1.4999999999999998,43.130199999999995,32.166199999999996,0.0,1,1,1,1,280.0000000000003,319.9999999999996,2999.9999999999995,0.3424,0.3779
风电6-光伏4,6,4,45.0,6:00-7:00,7,2.5002,10.744,0.0,10.744,20.0,20.0,1.5,44.0002,33.2562,0.0,1,1,1,1,280.0,320.0,3000.0,0.3424,0.3779
风电6-光伏4,6,4,45.0,7:00-8:00,8,3.3701999999999996,10.34,0.0,10.34,20.0,20.0,1.5,44.8702,34.530199999999994,0.0,1,1,1,1,280.0,320.0,3000.0,0.6074,0.3779
风电6-光伏4,6,4,45.0,8:00-9:00,9,4.0098,9.671999999999999,0.0,9.671999999999999,20.0,20.0,1.5,45.5098,35.8378,0.0,1,1,1,1,280.0,320.0,3000.0,0.6074,0.3779
风电6-光伏4,6,4,45.0,9:00-10:00,10,4.199999999999999,6.9479999999999995,0.0,6.9479999999999995,0.0,20.000000000000004,0.8,25.000000000000004,18.052000000000003,0.0,0,1,1,1,0.0,320.00000000000006,1600.0,0.6074,0.3779
风电6-光伏4,6,4,45.0,10:00-11:00,11,4.1202,6.04,0.0,6.04,0.0,3.749999999999999,0.14999999999999997,8.020199999999999,1.980199999999999,0.0,0,1,1,1,0.0,59.999999999999986,299.99999999999994,0.8024,0.3779
风电6-光伏4,6,4,45.0,11:00-12:00,12,3.9000000000000004,6.06,1.28,7.34,0.0,3.750000185100378,0.15000000740401515,7.800000192504394,0.4600001925043937,0.0,0,1,1,1,0.0,60.00000296160605,300.0000148080303,0.8024,0.3779
风电6-光伏4,6,4,45.0,12:00-13:00,13,3.2598000000000003,6.5280000000000005,5.12,11.648,0.0,8.065576923076922,0.3226230769230769,11.648,0.0,0.0,0,1,1,0,0.0,129.04923076923075,645.2461538461538,0.8024,0.3779
风电6-光伏4,6,4,45.0,13:00-14:00,14,2.6898,5.768,7.68,13.448,0.0,10.344423076923077,0.4137769230769231,13.448,0.0,0.0,0,1,1,0,0.0,165.51076923076923,827.5538461538462,0.8024,0.3779
风电6-光伏4,6,4,45.0,14:00-15:00,15,3.63,5.432,5.12,10.552,0.0,6.6557692307692315,0.2662307692307692,10.552000000000001,1.7763568394002505e-15,0.0,0,1,1,0,0.0,106.4923076923077,532.4615384615385,0.8024,0.3779
风电6-光伏4,6,4,45.0,15:00-16:00,16,3.8202000000000003,5.368,1.28,6.648000000000001,17.227911876368488,20.000000000000004,1.402976915672897,42.45108879204139,35.803088792041386,0.0,1,1,1,1,241.19076626915881,320.00000000000006,2805.9538313457942,0.6074,0.3779
风电6-光伏4,6,4,45.0,16:00-17:00,17,3.75,6.656,0.0,6.656,0.0,20.0,0.7999999999999999,24.55,17.894000000000002,0.0,0,1,1,1,0.0,320.0,1599.9999999999998,0.6074,0.3779
风电6-光伏4,6,4,45.0,17:00-18:00,18,3.1398,8.408,0.0,8.408,0.0,19.999999999999996,0.7999999999999998,23.939799999999998,15.531799999999999,0.0,0,1,1,1,0.0,319.99999999999994,1599.9999999999995,0.6074,0.3779
风电6-光伏4,6,4,45.0,18:00-19:00,19,2.61,10.808,0.0,10.808,0.0,7.8826923076923086,0.31530769230769234,10.808000000000002,1.7763568394002505e-15,0.0,0,1,1,0,0.0,126.12307692307694,630.6153846153846,0.8024,0.3779
风电6-光伏4,6,4,45.0,19:00-20:00,20,2.1198,9.604000000000001,0.0,9.604000000000001,0.0,7.1963461538461555,0.28785384615384624,9.604000000000001,0.0,0.0,0,1,1,0,0.0,115.14153846153849,575.7076923076925,0.8024,0.3779
风电6-光伏4,6,4,45.0,20:00-21:00,21,1.8599999999999999,6.832000000000001,0.0,6.832000000000001,0.0,4.780769230769232,0.1912307692307693,6.832000000000001,0.0,0.0,0,1,1,0,0.0,76.49230769230772,382.46153846153857,0.8024,0.3779
风电6-光伏4,6,4,45.0,21:00-22:00,22,1.6301999999999999,8.384,0.0,8.384,0.0,20.0,0.7999999999999999,22.4302,14.046199999999999,0.0,0,1,1,1,0.0,320.0,1599.9999999999998,0.6074,0.3779
风电6-光伏4,6,4,45.0,22:00-23:00,23,1.56,7.688000000000001,0.0,7.688000000000001,0.0,20.0,0.8,22.36,14.671999999999999,0.0,0,1,1,1,0.0,320.0,1600.0,0.6074,0.3779
风电6-光伏4,6,4,45.0,23:00-24:00,24,1.4802,9.671999999999999,0.0,9.671999999999999,20.0,20.0,1.5,42.980199999999996,33.3082,0.0,1,1,1,1,280.0,320.0,3000.0,0.3424,0.3779
风电6-光伏4,6,4,36.0,0:00-1:00,1,1.3698000000000001,9.448,0.0,9.448,20.000000000000004,20.000000000000004,1.5000000000000002,42.86980000000001,33.42180000000001,0.0,1,1,1,1,280.00000000000006,320.00000000000006,3000.0000000000005,0.3424,0.3779
风电6-光伏4,6,4,36.0,1:00-2:00,2,1.0997999999999999,10.504,0.0,10.504,20.0,20.0,1.5,42.5998,32.095800000000004,0.0,1,1,1,1,280.0,320.0,3000.0,0.3424,0.3779
风电6-光伏4,6,4,36.0,2:00-3:00,3,0.7998000000000001,11.788,0.0,11.788,20.000000000000007,20.0,1.5000000000000002,42.299800000000005,30.511800000000004,0.0,1,1,1,1,280.0000000000001,320.0,3000.0000000000005,0.3424,0.3779
风电6-光伏4,6,4,36.0,3:00-4:00,4,0.99,11.504000000000001,0.0,11.504000000000001,20.0,20.0,1.5,42.489999999999995,30.985999999999994,0.0,1,1,1,1,280.0,320.0,3000.0,0.3424,0.3779
风电6-光伏4,6,4,36.0,4:00-5:00,5,1.1802000000000001,11.16,0.0,11.16,20.0,20.0,1.5,42.6802,31.5202,0.0,1,1,1,1,280.0,320.0,3000.0,0.3424,0.3779
风电6-光伏4,6,4,36.0,5:00-6:00,6,1.6301999999999999,10.964,0.0,10.964,19.999999999999996,19.999999999999996,1.4999999999999998,43.13019999999999,32.16619999999999,0.0,1,1,1,1,279.99999999999994,319.99999999999994,2999.9999999999995,0.3424,0.3779
风电6-光伏4,6,4,36.0,6:00-7:00,7,2.5002,10.744,0.0,10.744,20.0,20.0,1.5,44.0002,33.2562,0.0,1,1,1,1,280.0,320.0,3000.0,0.3424,0.3779
风电6-光伏4,6,4,36.0,7:00-8:00,8,3.3701999999999996,10.34,0.0,10.34,0.0,6.701730769230769,0.2680692307692308,10.339999999999998,0.0,1.7763568394002505e-15,0,1,1,0,0.0,107.22769230769231,536.1384615384616,0.6074,0.3779
风电6-光伏4,6,4,36.0,8:00-9:00,9,4.0098,9.671999999999999,0.0,9.671999999999999,0.0,5.4444230769230755,0.21777692307692303,9.671999999999997,0.0,1.7763568394002505e-15,0,1,1,1,0.0,87.11076923076921,435.55384615384605,0.6074,0.3779
风电6-光伏4,6,4,36.0,9:00-10:00,10,4.199999999999999,6.9479999999999995,0.0,6.9479999999999995,0.0,20.000000000000004,0.8,25.000000000000004,18.052000000000003,0.0,0,1,1,1,0.0,320.00000000000006,1600.0,0.6074,0.3779
风电6-光伏4,6,4,36.0,10:00-11:00,11,4.1202,6.04,0.0,6.04,0.0,3.749999999999999,0.14999999999999997,8.020199999999999,1.980199999999999,0.0,0,1,1,1,0.0,59.999999999999986,299.99999999999994,0.8024,0.3779
风电6-光伏4,6,4,36.0,11:00-12:00,12,3.9000000000000004,6.06,1.28,7.34,0.0,3.75,0.15,7.800000000000001,0.46000000000000085,0.0,0,1,1,1,0.0,60.0,300.0,0.8024,0.3779
风电6-光伏4,6,4,36.0,12:00-13:00,13,3.2598000000000003,6.5280000000000005,5.12,11.648,0.0,8.065576923076922,0.3226230769230769,11.648,0.0,0.0,0,1,1,0,0.0,129.04923076923075,645.2461538461538,0.8024,0.3779
风电6-光伏4,6,4,36.0,13:00-14:00,14,2.6898,5.768,7.68,13.448,0.0,10.344423076923077,0.4137769230769231,13.448,0.0,0.0,0,1,1,0,0.0,165.51076923076923,827.5538461538462,0.8024,0.3779
风电6-光伏4,6,4,36.0,14:00-15:00,15,3.63,5.432,5.12,10.552,0.0,6.6557692307692315,0.2662307692307692,10.552000000000001,1.7763568394002505e-15,0.0,0,1,1,0,0.0,106.4923076923077,532.4615384615385,0.8024,0.3779
风电6-光伏4,6,4,36.0,15:00-16:00,16,3.8202000000000003,5.368,1.28,6.648000000000001,0.0,3.75,0.15,7.7202,1.0721999999999996,0.0,0,1,1,1,0.0,60.0,300.0,0.6074,0.3779
风电6-光伏4,6,4,36.0,16:00-17:00,17,3.75,6.656,0.0,6.656,0.0,20.0,0.7999999999999999,24.55,17.894000000000002,0.0,0,1,1,1,0.0,320.0,1599.9999999999998,0.6074,0.3779
风电6-光伏4,6,4,36.0,17:00-18:00,18,3.1398,8.408,0.0,8.408,0.0,15.184230769230552,0.6073692307692221,18.931399999999776,10.523399999999777,0.0,0,1,1,1,0.0,242.94769230768884,1214.7384615384442,0.6074,0.3779
风电6-光伏4,6,4,36.0,18:00-19:00,19,2.61,10.808,0.0,10.808,0.0,7.8826923076923086,0.31530769230769234,10.808000000000002,1.7763568394002505e-15,0.0,0,1,1,0,0.0,126.12307692307694,630.6153846153846,0.8024,0.3779
风电6-光伏4,6,4,36.0,19:00-20:00,20,2.1198,9.604000000000001,0.0,9.604000000000001,0.0,7.1963461538461555,0.28785384615384624,9.604000000000001,0.0,0.0,0,1,1,0,0.0,115.14153846153849,575.7076923076925,0.8024,0.3779
风电6-光伏4,6,4,36.0,20:00-21:00,21,1.8599999999999999,6.832000000000001,0.0,6.832000000000001,0.0,4.780769230769232,0.1912307692307693,6.832000000000001,0.0,0.0,0,1,1,0,0.0,76.49230769230772,382.46153846153857,0.8024,0.3779
风电6-光伏4,6,4,36.0,21:00-22:00,22,1.6301999999999999,8.384,0.0,8.384,0.0,6.494038461538462,0.2597615384615385,8.384,0.0,0.0,0,1,1,0,0.0,103.9046153846154,519.5230769230769,0.6074,0.3779
风电6-光伏4,6,4,36.0,22:00-23:00,23,1.56,7.688000000000001,0.0,7.688000000000001,0.0,20.0,0.7999999999999999,22.36,14.671999999999999,0.0,0,1,1,1,0.0,320.0,1599.9999999999998,0.6074,0.3779
风电6-光伏4,6,4,36.0,23:00-24:00,24,1.4802,9.671999999999999,0.0,9.671999999999999,20.0,20.0,1.5,42.980199999999996,33.3082,0.0,1,1,1,1,280.0,320.0,3000.0,0.3424,0.3779
