场景,日氨产量(t/day),时段,时段序号(h),设备状态,常规负荷功率(MW),生产负荷功率(MW),总负荷功率(MW),风电功率(MW),光伏功率(MW),风光总出力(MW),购电功率(MW),售电功率(MW),购电电价(¥/kWh),售电电价(¥/kWh),开机边际电网成本(¥/h),风电场景,光伏场景
风电1-光伏1,72,0:00-1:00,1,1,1.3698000000000001,41.5,42.8698,9.776,0.0,9.776,33.0938,0.0,0.3424,0.3779,14508.0201,1,1
风电1-光伏1,72,1:00-2:00,2,1,1.0997999999999999,41.5,42.5998,10.904,0.0,10.904,31.695800000000002,0.0,0.3424,0.3779,14557.6491,1,1
风电1-光伏1,72,2:00-3:00,3,1,0.7998000000000001,41.5,42.2998,15.152000000000001,0.0,15.152000000000001,27.147799999999997,0.0,0.3424,0.3779,14719.1031,1,1
风电1-光伏1,72,3:00-4:00,4,1,0.99,41.5,42.49,13.312,0.0,13.312,29.178000000000004,0.0,0.3424,0.3779,14647.031,1,1
风电1-光伏1,72,4:00-5:00,5,1,1.1802000000000001,41.5,42.6802,15.072000000000001,0.0,15.072000000000001,27.608199999999997,0.0,0.3424,0.3779,14702.7589,1,1
风电1-光伏1,72,5:00-6:00,6,1,1.6301999999999999,41.5,43.1302,18.724,0.0,18.724,24.406200000000002,0.0,0.3424,0.3779,14816.429900000001,1,1
风电1-光伏1,72,6:00-7:00,7,1,2.5002,41.5,44.0002,9.628,14.08,23.708,20.2922,0.0,0.3424,0.3779,14962.4769,1,1
风电1-光伏1,72,7:00-8:00,8,1,3.3701999999999996,41.5,44.8702,22.804000000000002,25.6,48.404,0.0,3.5338000000000065,0.6074,0.3779,15682.849999999999,1,1
风电1-光伏1,72,8:00-9:00,9,1,4.0098,41.5,45.5098,17.852,37.12,54.971999999999994,0.0,9.462199999999996,0.6074,0.3779,15682.85,1,1
风电1-光伏1,72,9:00-10:00,10,1,4.199999999999999,41.5,45.7,14.328000000000001,46.08,60.408,0.0,14.707999999999998,0.6074,0.3779,15682.850000000002,1,1
风电1-光伏1,72,10:00-11:00,11,1,4.1202,41.5,45.6202,11.904,52.48,64.384,0.0,18.763800000000003,0.8024,0.3779,15682.85,1,1
风电1-光伏1,72,11:00-12:00,12,1,3.9000000000000004,41.5,45.4,7.736,55.04,62.775999999999996,0.0,17.375999999999998,0.8024,0.3779,15682.850000000002,1,1
风电1-光伏1,72,12:00-13:00,13,1,3.2598000000000003,41.5,44.7598,8.556000000000001,56.32,64.876,0.0,20.116200000000006,0.8024,0.3779,15682.85,1,1
风电1-光伏1,72,13:00-14:00,14,1,2.6898,41.5,44.1898,14.52,56.32,70.84,0.0,26.650200000000005,0.8024,0.3779,15682.85,1,1
风电1-光伏1,72,14:00-15:00,15,1,3.63,41.5,45.13,6.707999999999999,52.48,59.187999999999995,0.0,14.057999999999993,0.8024,0.3779,15682.849999999999,1,1
风电1-光伏1,72,15:00-16:00,16,1,3.8202000000000003,41.5,45.3202,11.175999999999998,44.8,55.976,0.0,10.6558,0.6074,0.3779,15682.85,1,1
风电1-光伏1,72,16:00-17:00,17,1,3.75,41.5,45.25,10.107999999999999,33.28,43.388,1.8620000000000019,0.0,0.6074,0.3779,16110.179,1,1
风电1-光伏1,72,17:00-18:00,18,1,3.1398,41.5,44.6398,6.3839999999999995,24.32,30.704,13.9358,0.0,0.6074,0.3779,18881.116100000003,1,1
风电1-光伏1,72,18:00-19:00,19,1,2.61,41.5,44.11,6.428000000000001,11.52,17.948,26.162,0.0,0.8024,0.3779,26788.619000000002,1,1
风电1-光伏1,72,19:00-20:00,20,1,2.1198,41.5,43.6198,5.736,0.0,5.736,37.8838,0.0,0.8024,0.3779,31764.5231,1,1
风电1-光伏1,72,20:00-21:00,21,1,1.8599999999999999,41.5,43.36,3.752,0.0,3.752,39.608,0.0,0.8024,0.3779,32496.445999999996,1,1
风电1-光伏1,72,21:00-22:00,22,1,1.6301999999999999,41.5,43.1302,3.6919999999999997,0.0,3.6919999999999997,39.4382,0.0,0.6074,0.3779,24733.916900000004,1,1
风电1-光伏1,72,22:00-23:00,23,1,1.56,41.5,43.06,4.88,0.0,4.88,38.18,0.0,0.6074,0.3779,24445.16,1,1
风电1-光伏1,72,23:00-24:00,24,1,1.4802,41.5,42.980199999999996,3.1919999999999997,0.0,3.1919999999999997,39.788199999999996,0.0,0.3424,0.3779,14270.368899999996,1,1
风电1-光伏1,63,0:00-1:00,1,1,1.3698000000000001,41.5,42.8698,9.776,0.0,9.776,33.0938,0.0,0.3424,0.3779,14508.0201,1,1
风电1-光伏1,63,1:00-2:00,2,1,1.0997999999999999,41.5,42.5998,10.904,0.0,10.904,31.695800000000002,0.0,0.3424,0.3779,14557.6491,1,1
风电1-光伏1,63,2:00-3:00,3,1,0.7998000000000001,41.5,42.2998,15.152000000000001,0.0,15.152000000000001,27.147799999999997,0.0,0.3424,0.3779,14719.1031,1,1
风电1-光伏1,63,3:00-4:00,4,1,0.99,41.5,42.49,13.312,0.0,13.312,29.178000000000004,0.0,0.3424,0.3779,14647.031,1,1
风电1-光伏1,63,4:00-5:00,5,1,1.1802000000000001,41.5,42.6802,15.072000000000001,0.0,15.072000000000001,27.608199999999997,0.0,0.3424,0.3779,14702.7589,1,1
风电1-光伏1,63,5:00-6:00,6,1,1.6301999999999999,41.5,43.1302,18.724,0.0,18.724,24.406200000000002,0.0,0.3424,0.3779,14816.429900000001,1,1
风电1-光伏1,63,6:00-7:00,7,1,2.5002,41.5,44.0002,9.628,14.08,23.708,20.2922,0.0,0.3424,0.3779,14962.4769,1,1
风电1-光伏1,63,7:00-8:00,8,1,3.3701999999999996,41.5,44.8702,22.804000000000002,25.6,48.404,0.0,3.5338000000000065,0.6074,0.3779,15682.849999999999,1,1
风电1-光伏1,63,8:00-9:00,9,1,4.0098,41.5,45.5098,17.852,37.12,54.971999999999994,0.0,9.462199999999996,0.6074,0.3779,15682.85,1,1
风电1-光伏1,63,9:00-10:00,10,1,4.199999999999999,41.5,45.7,14.328000000000001,46.08,60.408,0.0,14.707999999999998,0.6074,0.3779,15682.850000000002,1,1
风电1-光伏1,63,10:00-11:00,11,1,4.1202,41.5,45.6202,11.904,52.48,64.384,0.0,18.763800000000003,0.8024,0.3779,15682.85,1,1
风电1-光伏1,63,11:00-12:00,12,1,3.9000000000000004,41.5,45.4,7.736,55.04,62.775999999999996,0.0,17.375999999999998,0.8024,0.3779,15682.850000000002,1,1
风电1-光伏1,63,12:00-13:00,13,1,3.2598000000000003,41.5,44.7598,8.556000000000001,56.32,64.876,0.0,20.116200000000006,0.8024,0.3779,15682.85,1,1
风电1-光伏1,63,13:00-14:00,14,1,2.6898,41.5,44.1898,14.52,56.32,70.84,0.0,26.650200000000005,0.8024,0.3779,15682.85,1,1
风电1-光伏1,63,14:00-15:00,15,1,3.63,41.5,45.13,6.707999999999999,52.48,59.187999999999995,0.0,14.057999999999993,0.8024,0.3779,15682.849999999999,1,1
风电1-光伏1,63,15:00-16:00,16,1,3.8202000000000003,41.5,45.3202,11.175999999999998,44.8,55.976,0.0,10.6558,0.6074,0.3779,15682.85,1,1
风电1-光伏1,63,16:00-17:00,17,1,3.75,41.5,45.25,10.107999999999999,33.28,43.388,1.8620000000000019,0.0,0.6074,0.3779,16110.179,1,1
风电1-光伏1,63,17:00-18:00,18,1,3.1398,41.5,44.6398,6.3839999999999995,24.32,30.704,13.9358,0.0,0.6074,0.3779,18881.116100000003,1,1
风电1-光伏1,63,18:00-19:00,19,0,2.61,0.0,2.61,6.428000000000001,11.52,17.948,0.0,15.338000000000001,0.8024,0.3779,26788.619000000002,1,1
风电1-光伏1,63,19:00-20:00,20,0,2.1198,0.0,2.1198,5.736,0.0,5.736,0.0,3.6161999999999996,0.8024,0.3779,31764.5231,1,1
风电1-光伏1,63,20:00-21:00,21,0,1.8599999999999999,0.0,1.8599999999999999,3.752,0.0,3.752,0.0,1.892,0.8024,0.3779,32496.445999999996,1,1
风电1-光伏1,63,21:00-22:00,22,1,1.6301999999999999,41.5,43.1302,3.6919999999999997,0.0,3.6919999999999997,39.4382,0.0,0.6074,0.3779,24733.916900000004,1,1
风电1-光伏1,63,22:00-23:00,23,1,1.56,41.5,43.06,4.88,0.0,4.88,38.18,0.0,0.6074,0.3779,24445.16,1,1
风电1-光伏1,63,23:00-24:00,24,1,1.4802,41.5,42.980199999999996,3.1919999999999997,0.0,3.1919999999999997,39.788199999999996,0.0,0.3424,0.3779,14270.368899999996,1,1
风电1-光伏1,54,0:00-1:00,1,1,1.3698000000000001,41.5,42.8698,9.776,0.0,9.776,33.0938,0.0,0.3424,0.3779,14508.0201,1,1
风电1-光伏1,54,1:00-2:00,2,1,1.0997999999999999,41.5,42.5998,10.904,0.0,10.904,31.695800000000002,0.0,0.3424,0.3779,14557.6491,1,1
风电1-光伏1,54,2:00-3:00,3,1,0.7998000000000001,41.5,42.2998,15.152000000000001,0.0,15.152000000000001,27.147799999999997,0.0,0.3424,0.3779,14719.1031,1,1
风电1-光伏1,54,3:00-4:00,4,1,0.99,41.5,42.49,13.312,0.0,13.312,29.178000000000004,0.0,0.3424,0.3779,14647.031,1,1
风电1-光伏1,54,4:00-5:00,5,1,1.1802000000000001,41.5,42.6802,15.072000000000001,0.0,15.072000000000001,27.608199999999997,0.0,0.3424,0.3779,14702.7589,1,1
风电1-光伏1,54,5:00-6:00,6,1,1.6301999999999999,41.5,43.1302,18.724,0.0,18.724,24.406200000000002,0.0,0.3424,0.3779,14816.429900000001,1,1
风电1-光伏1,54,6:00-7:00,7,1,2.5002,41.5,44.0002,9.628,14.08,23.708,20.2922,0.0,0.3424,0.3779,14962.4769,1,1
风电1-光伏1,54,7:00-8:00,8,1,3.3701999999999996,41.5,44.8702,22.804000000000002,25.6,48.404,0.0,3.5338000000000065,0.6074,0.3779,15682.849999999999,1,1
风电1-光伏1,54,8:00-9:00,9,1,4.0098,41.5,45.5098,17.852,37.12,54.971999999999994,0.0,9.462199999999996,0.6074,0.3779,15682.85,1,1
风电1-光伏1,54,9:00-10:00,10,1,4.199999999999999,41.5,45.7,14.328000000000001,46.08,60.408,0.0,14.707999999999998,0.6074,0.3779,15682.850000000002,1,1
风电1-光伏1,54,10:00-11:00,11,1,4.1202,41.5,45.6202,11.904,52.48,64.384,0.0,18.763800000000003,0.8024,0.3779,15682.85,1,1
风电1-光伏1,54,11:00-12:00,12,1,3.9000000000000004,41.5,45.4,7.736,55.04,62.775999999999996,0.0,17.375999999999998,0.8024,0.3779,15682.850000000002,1,1
风电1-光伏1,54,12:00-13:00,13,1,3.2598000000000003,41.5,44.7598,8.556000000000001,56.32,64.876,0.0,20.116200000000006,0.8024,0.3779,15682.85,1,1
风电1-光伏1,54,13:00-14:00,14,1,2.6898,41.5,44.1898,14.52,56.32,70.84,0.0,26.650200000000005,0.8024,0.3779,15682.85,1,1
风电1-光伏1,54,14:00-15:00,15,1,3.63,41.5,45.13,6.707999999999999,52.48,59.187999999999995,0.0,14.057999999999993,0.8024,0.3779,15682.849999999999,1,1
风电1-光伏1,54,15:00-16:00,16,1,3.8202000000000003,41.5,45.3202,11.175999999999998,44.8,55.976,0.0,10.6558,0.6074,0.3779,15682.85,1,1
风电1-光伏1,54,16:00-17:00,17,1,3.75,41.5,45.25,10.107999999999999,33.28,43.388,1.8620000000000019,0.0,0.6074,0.3779,16110.179,1,1
风电1-光伏1,54,17:00-18:00,18,0,3.1398,0.0,3.1398,6.3839999999999995,24.32,30.704,0.0,27.5642,0.6074,0.3779,18881.116100000003,1,1
风电1-光伏1,54,18:00-19:00,19,0,2.61,0.0,2.61,6.428000000000001,11.52,17.948,0.0,15.338000000000001,0.8024,0.3779,26788.619000000002,1,1
风电1-光伏1,54,19:00-20:00,20,0,2.1198,0.0,2.1198,5.736,0.0,5.736,0.0,3.6161999999999996,0.8024,0.3779,31764.5231,1,1
风电1-光伏1,54,20:00-21:00,21,0,1.8599999999999999,0.0,1.8599999999999999,3.752,0.0,3.752,0.0,1.892,0.8024,0.3779,32496.445999999996,1,1
风电1-光伏1,54,21:00-22:00,22,0,1.6301999999999999,0.0,1.6301999999999999,3.6919999999999997,0.0,3.6919999999999997,0.0,2.0618,0.6074,0.3779,24733.916900000004,1,1
风电1-光伏1,54,22:00-23:00,23,0,1.56,0.0,1.56,4.88,0.0,4.88,0.0,3.32,0.6074,0.3779,24445.16,1,1
风电1-光伏1,54,23:00-24:00,24,1,1.4802,41.5,42.980199999999996,3.1919999999999997,0.0,3.1919999999999997,39.788199999999996,0.0,0.3424,0.3779,14270.368899999996,1,1
风电1-光伏1,45,0:00-1:00,1,1,1.3698000000000001,41.5,42.8698,9.776,0.0,9.776,33.0938,0.0,0.3424,0.3779,14508.0201,1,1
风电1-光伏1,45,1:00-2:00,2,1,1.0997999999999999,41.5,42.5998,10.904,0.0,10.904,31.695800000000002,0.0,0.3424,0.3779,14557.6491,1,1
风电1-光伏1,45,2:00-3:00,3,1,0.7998000000000001,41.5,42.2998,15.152000000000001,0.0,15.152000000000001,27.147799999999997,0.0,0.3424,0.3779,14719.1031,1,1
风电1-光伏1,45,3:00-4:00,4,1,0.99,41.5,42.49,13.312,0.0,13.312,29.178000000000004,0.0,0.3424,0.3779,14647.031,1,1
风电1-光伏1,45,4:00-5:00,5,1,1.1802000000000001,41.5,42.6802,15.072000000000001,0.0,15.072000000000001,27.608199999999997,0.0,0.3424,0.3779,14702.7589,1,1
风电1-光伏1,45,5:00-6:00,6,1,1.6301999999999999,41.5,43.1302,18.724,0.0,18.724,24.406200000000002,0.0,0.3424,0.3779,14816.429900000001,1,1
风电1-光伏1,45,6:00-7:00,7,1,2.5002,41.5,44.0002,9.628,14.08,23.708,20.2922,0.0,0.3424,0.3779,14962.4769,1,1
风电1-光伏1,45,7:00-8:00,8,0,3.3701999999999996,0.0,3.3701999999999996,22.804000000000002,25.6,48.404,0.0,45.03380000000001,0.6074,0.3779,15682.849999999999,1,1
风电1-光伏1,45,8:00-9:00,9,0,4.0098,0.0,4.0098,17.852,37.12,54.971999999999994,0.0,50.962199999999996,0.6074,0.3779,15682.85,1,1
风电1-光伏1,45,9:00-10:00,10,1,4.199999999999999,41.5,45.7,14.328000000000001,46.08,60.408,0.0,14.707999999999998,0.6074,0.3779,15682.850000000002,1,1
风电1-光伏1,45,10:00-11:00,11,1,4.1202,41.5,45.6202,11.904,52.48,64.384,0.0,18.763800000000003,0.8024,0.3779,15682.85,1,1
风电1-光伏1,45,11:00-12:00,12,1,3.9000000000000004,41.5,45.4,7.736,55.04,62.775999999999996,0.0,17.375999999999998,0.8024,0.3779,15682.850000000002,1,1
风电1-光伏1,45,12:00-13:00,13,1,3.2598000000000003,41.5,44.7598,8.556000000000001,56.32,64.876,0.0,20.116200000000006,0.8024,0.3779,15682.85,1,1
风电1-光伏1,45,13:00-14:00,14,1,2.6898,41.5,44.1898,14.52,56.32,70.84,0.0,26.650200000000005,0.8024,0.3779,15682.85,1,1
风电1-光伏1,45,14:00-15:00,15,1,3.63,41.5,45.13,6.707999999999999,52.48,59.187999999999995,0.0,14.057999999999993,0.8024,0.3779,15682.849999999999,1,1
风电1-光伏1,45,15:00-16:00,16,1,3.8202000000000003,41.5,45.3202,11.175999999999998,44.8,55.976,0.0,10.6558,0.6074,0.3779,15682.85,1,1
风电1-光伏1,45,16:00-17:00,17,0,3.75,0.0,3.75,10.107999999999999,33.28,43.388,0.0,39.638,0.6074,0.3779,16110.179,1,1
风电1-光伏1,45,17:00-18:00,18,0,3.1398,0.0,3.1398,6.3839999999999995,24.32,30.704,0.0,27.5642,0.6074,0.3779,18881.116100000003,1,1
风电1-光伏1,45,18:00-19:00,19,0,2.61,0.0,2.61,6.428000000000001,11.52,17.948,0.0,15.338000000000001,0.8024,0.3779,26788.619000000002,1,1
风电1-光伏1,45,19:00-20:00,20,0,2.1198,0.0,2.1198,5.736,0.0,5.736,0.0,3.6161999999999996,0.8024,0.3779,31764.5231,1,1
风电1-光伏1,45,20:00-21:00,21,0,1.8599999999999999,0.0,1.8599999999999999,3.752,0.0,3.752,0.0,1.892,0.8024,0.3779,32496.445999999996,1,1
风电1-光伏1,45,21:00-22:00,22,0,1.6301999999999999,0.0,1.6301999999999999,3.6919999999999997,0.0,3.6919999999999997,0.0,2.0618,0.6074,0.3779,24733.916900000004,1,1
风电1-光伏1,45,22:00-23:00,23,0,1.56,0.0,1.56,4.88,0.0,4.88,0.0,3.32,0.6074,0.3779,24445.16,1,1
风电1-光伏1,45,23:00-24:00,24,1,1.4802,41.5,42.980199999999996,3.1919999999999997,0.0,3.1919999999999997,39.788199999999996,0.0,0.3424,0.3779,14270.368899999996,1,1
风电1-光伏1,36,0:00-1:00,1,1,1.3698000000000001,41.5,42.8698,9.776,0.0,9.776,33.0938,0.0,0.3424,0.3779,14508.0201,1,1
风电1-光伏1,36,1:00-2:00,2,1,1.0997999999999999,41.5,42.5998,10.904,0.0,10.904,31.695800000000002,0.0,0.3424,0.3779,14557.6491,1,1
风电1-光伏1,36,2:00-3:00,3,1,0.7998000000000001,41.5,42.2998,15.152000000000001,0.0,15.152000000000001,27.147799999999997,0.0,0.3424,0.3779,14719.1031,1,1
风电1-光伏1,36,3:00-4:00,4,1,0.99,41.5,42.49,13.312,0.0,13.312,29.178000000000004,0.0,0.3424,0.3779,14647.031,1,1
风电1-光伏1,36,4:00-5:00,5,1,1.1802000000000001,41.5,42.6802,15.072000000000001,0.0,15.072000000000001,27.608199999999997,0.0,0.3424,0.3779,14702.7589,1,1
风电1-光伏1,36,5:00-6:00,6,1,1.6301999999999999,41.5,43.1302,18.724,0.0,18.724,24.406200000000002,0.0,0.3424,0.3779,14816.429900000001,1,1
风电1-光伏1,36,6:00-7:00,7,1,2.5002,41.5,44.0002,9.628,14.08,23.708,20.2922,0.0,0.3424,0.3779,14962.4769,1,1
风电1-光伏1,36,7:00-8:00,8,0,3.3701999999999996,0.0,3.3701999999999996,22.804000000000002,25.6,48.404,0.0,45.03380000000001,0.6074,0.3779,15682.849999999999,1,1
风电1-光伏1,36,8:00-9:00,9,0,4.0098,0.0,4.0098,17.852,37.12,54.971999999999994,0.0,50.962199999999996,0.6074,0.3779,15682.85,1,1
风电1-光伏1,36,9:00-10:00,10,0,4.199999999999999,0.0,4.199999999999999,14.328000000000001,46.08,60.408,0.0,56.208,0.6074,0.3779,15682.850000000002,1,1
风电1-光伏1,36,10:00-11:00,11,0,4.1202,0.0,4.1202,11.904,52.48,64.384,0.0,60.2638,0.8024,0.3779,15682.85,1,1
风电1-光伏1,36,11:00-12:00,12,0,3.9000000000000004,0.0,3.9000000000000004,7.736,55.04,62.775999999999996,0.0,58.876,0.8024,0.3779,15682.850000000002,1,1
风电1-光伏1,36,12:00-13:00,13,1,3.2598000000000003,41.5,44.7598,8.556000000000001,56.32,64.876,0.0,20.116200000000006,0.8024,0.3779,15682.85,1,1
风电1-光伏1,36,13:00-14:00,14,1,2.6898,41.5,44.1898,14.52,56.32,70.84,0.0,26.650200000000005,0.8024,0.3779,15682.85,1,1
风电1-光伏1,36,14:00-15:00,15,1,3.63,41.5,45.13,6.707999999999999,52.48,59.187999999999995,0.0,14.057999999999993,0.8024,0.3779,15682.849999999999,1,1
风电1-光伏1,36,15:00-16:00,16,1,3.8202000000000003,41.5,45.3202,11.175999999999998,44.8,55.976,0.0,10.6558,0.6074,0.3779,15682.85,1,1
风电1-光伏1,36,16:00-17:00,17,0,3.75,0.0,3.75,10.107999999999999,33.28,43.388,0.0,39.638,0.6074,0.3779,16110.179,1,1
风电1-光伏1,36,17:00-18:00,18,0,3.1398,0.0,3.1398,6.3839999999999995,24.32,30.704,0.0,27.5642,0.6074,0.3779,18881.116100000003,1,1
风电1-光伏1,36,18:00-19:00,19,0,2.61,0.0,2.61,6.428000000000001,11.52,17.948,0.0,15.338000000000001,0.8024,0.3779,26788.619000000002,1,1
风电1-光伏1,36,19:00-20:00,20,0,2.1198,0.0,2.1198,5.736,0.0,5.736,0.0,3.6161999999999996,0.8024,0.3779,31764.5231,1,1
风电1-光伏1,36,20:00-21:00,21,0,1.8599999999999999,0.0,1.8599999999999999,3.752,0.0,3.752,0.0,1.892,0.8024,0.3779,32496.445999999996,1,1
风电1-光伏1,36,21:00-22:00,22,0,1.6301999999999999,0.0,1.6301999999999999,3.6919999999999997,0.0,3.6919999999999997,0.0,2.0618,0.6074,0.3779,24733.916900000004,1,1
风电1-光伏1,36,22:00-23:00,23,0,1.56,0.0,1.56,4.88,0.0,4.88,0.0,3.32,0.6074,0.3779,24445.16,1,1
风电1-光伏1,36,23:00-24:00,24,1,1.4802,41.5,42.980199999999996,3.1919999999999997,0.0,3.1919999999999997,39.788199999999996,0.0,0.3424,0.3779,14270.368899999996,1,1
风电1-光伏2,72,0:00-1:00,1,1,1.3698000000000001,41.5,42.8698,9.776,0.0,9.776,33.0938,0.0,0.3424,0.3779,14508.0201,1,2
风电1-光伏2,72,1:00-2:00,2,1,1.0997999999999999,41.5,42.5998,10.904,0.0,10.904,31.695800000000002,0.0,0.3424,0.3779,14557.6491,1,2
风电1-光伏2,72,2:00-3:00,3,1,0.7998000000000001,41.5,42.2998,15.152000000000001,0.0,15.152000000000001,27.147799999999997,0.0,0.3424,0.3779,14719.1031,1,2
风电1-光伏2,72,3:00-4:00,4,1,0.99,41.5,42.49,13.312,0.0,13.312,29.178000000000004,0.0,0.3424,0.3779,14647.031,1,2
风电1-光伏2,72,4:00-5:00,5,1,1.1802000000000001,41.5,42.6802,15.072000000000001,0.0,15.072000000000001,27.608199999999997,0.0,0.3424,0.3779,14702.7589,1,2
风电1-光伏2,72,5:00-6:00,6,1,1.6301999999999999,41.5,43.1302,18.724,0.0,18.724,24.406200000000002,0.0,0.3424,0.3779,14816.429900000001,1,2
风电1-光伏2,72,6:00-7:00,7,1,2.5002,41.5,44.0002,9.628,0.0,9.628,34.3722,0.0,0.3424,0.3779,14462.6369,1,2
风电1-光伏2,72,7:00-8:00,8,1,3.3701999999999996,41.5,44.8702,22.804000000000002,3.2,26.004,18.866199999999996,0.0,0.6074,0.3779,20012.6429,1,2
风电1-光伏2,72,8:00-9:00,9,1,4.0098,41.5,45.5098,17.852,10.88,28.732,16.7778,0.0,0.6074,0.3779,19533.3551,1,2
风电1-光伏2,72,9:00-10:00,10,1,4.199999999999999,41.5,45.7,14.328000000000001,17.92,32.248000000000005,13.451999999999998,0.0,0.6074,0.3779,18770.084000000003,1,2
风电1-光伏2,72,10:00-11:00,11,1,4.1202,41.5,45.6202,11.904,24.96,36.864000000000004,8.756199999999993,0.0,0.8024,0.3779,19399.8569,1,2
风电1-光伏2,72,11:00-12:00,12,1,3.9000000000000004,41.5,45.4,7.736,31.36,39.096,6.304000000000002,0.0,0.8024,0.3779,18358.898,1,2
风电1-光伏2,72,12:00-13:00,13,1,3.2598000000000003,41.5,44.7598,8.556000000000001,35.84,44.396,0.3637999999999977,0.0,0.8024,0.3779,15837.283099999999,1,2
风电1-光伏2,72,13:00-14:00,14,1,2.6898,41.5,44.1898,14.52,37.12,51.64,0.0,7.450200000000002,0.8024,0.3779,15682.850000000002,1,2
风电1-光伏2,72,14:00-15:00,15,1,3.63,41.5,45.13,6.707999999999999,32.0,38.708,6.422000000000004,0.0,0.8024,0.3779,18408.989,1,2
风电1-光伏2,72,15:00-16:00,16,1,3.8202000000000003,41.5,45.3202,11.175999999999998,25.6,36.775999999999996,8.544200000000004,0.0,0.6074,0.3779,17643.7439,1,2
风电1-光伏2,72,16:00-17:00,17,1,3.75,41.5,45.25,10.107999999999999,19.2,29.308,15.942,0.0,0.6074,0.3779,19341.539000000004,1,2
风电1-光伏2,72,17:00-18:00,18,1,3.1398,41.5,44.6398,6.3839999999999995,9.6,15.983999999999998,28.655800000000003,0.0,0.6074,0.3779,22259.3561,1,2
风电1-光伏2,72,18:00-19:00,19,1,2.61,41.5,44.11,6.428000000000001,3.2,9.628,34.482,0.0,0.8024,0.3779,30320.459,1,2
风电1-光伏2,72,19:00-20:00,20,1,2.1198,41.5,43.6198,5.736,0.0,5.736,37.8838,0.0,0.8024,0.3779,31764.5231,1,2
风电1-光伏2,72,20:00-21:00,21,1,1.8599999999999999,41.5,43.36,3.752,0.0,3.752,39.608,0.0,0.8024,0.3779,32496.445999999996,1,2
风电1-光伏2,72,21:00-22:00,22,1,1.6301999999999999,41.5,43.1302,3.6919999999999997,0.0,3.6919999999999997,39.4382,0.0,0.6074,0.3779,24733.916900000004,1,2
风电1-光伏2,72,22:00-23:00,23,1,1.56,41.5,43.06,4.88,0.0,4.88,38.18,0.0,0.6074,0.3779,24445.16,1,2
风电1-光伏2,72,23:00-24:00,24,1,1.4802,41.5,42.980199999999996,3.1919999999999997,0.0,3.1919999999999997,39.788199999999996,0.0,0.3424,0.3779,14270.368899999996,1,2
风电1-光伏2,63,0:00-1:00,1,1,1.3698000000000001,41.5,42.8698,9.776,0.0,9.776,33.0938,0.0,0.3424,0.3779,14508.0201,1,2
风电1-光伏2,63,1:00-2:00,2,1,1.0997999999999999,41.5,42.5998,10.904,0.0,10.904,31.695800000000002,0.0,0.3424,0.3779,14557.6491,1,2
风电1-光伏2,63,2:00-3:00,3,1,0.7998000000000001,41.5,42.2998,15.152000000000001,0.0,15.152000000000001,27.147799999999997,0.0,0.3424,0.3779,14719.1031,1,2
风电1-光伏2,63,3:00-4:00,4,1,0.99,41.5,42.49,13.312,0.0,13.312,29.178000000000004,0.0,0.3424,0.3779,14647.031,1,2
风电1-光伏2,63,4:00-5:00,5,1,1.1802000000000001,41.5,42.6802,15.072000000000001,0.0,15.072000000000001,27.608199999999997,0.0,0.3424,0.3779,14702.7589,1,2
风电1-光伏2,63,5:00-6:00,6,1,1.6301999999999999,41.5,43.1302,18.724,0.0,18.724,24.406200000000002,0.0,0.3424,0.3779,14816.429900000001,1,2
风电1-光伏2,63,6:00-7:00,7,1,2.5002,41.5,44.0002,9.628,0.0,9.628,34.3722,0.0,0.3424,0.3779,14462.6369,1,2
风电1-光伏2,63,7:00-8:00,8,1,3.3701999999999996,41.5,44.8702,22.804000000000002,3.2,26.004,18.866199999999996,0.0,0.6074,0.3779,20012.6429,1,2
风电1-光伏2,63,8:00-9:00,9,1,4.0098,41.5,45.5098,17.852,10.88,28.732,16.7778,0.0,0.6074,0.3779,19533.3551,1,2
风电1-光伏2,63,9:00-10:00,10,1,4.199999999999999,41.5,45.7,14.328000000000001,17.92,32.248000000000005,13.451999999999998,0.0,0.6074,0.3779,18770.084000000003,1,2
风电1-光伏2,63,10:00-11:00,11,1,4.1202,41.5,45.6202,11.904,24.96,36.864000000000004,8.756199999999993,0.0,0.8024,0.3779,19399.8569,1,2
风电1-光伏2,63,11:00-12:00,12,1,3.9000000000000004,41.5,45.4,7.736,31.36,39.096,6.304000000000002,0.0,0.8024,0.3779,18358.898,1,2
风电1-光伏2,63,12:00-13:00,13,1,3.2598000000000003,41.5,44.7598,8.556000000000001,35.84,44.396,0.3637999999999977,0.0,0.8024,0.3779,15837.283099999999,1,2
风电1-光伏2,63,13:00-14:00,14,1,2.6898,41.5,44.1898,14.52,37.12,51.64,0.0,7.450200000000002,0.8024,0.3779,15682.850000000002,1,2
风电1-光伏2,63,14:00-15:00,15,1,3.63,41.5,45.13,6.707999999999999,32.0,38.708,6.422000000000004,0.0,0.8024,0.3779,18408.989,1,2
风电1-光伏2,63,15:00-16:00,16,1,3.8202000000000003,41.5,45.3202,11.175999999999998,25.6,36.775999999999996,8.544200000000004,0.0,0.6074,0.3779,17643.7439,1,2
风电1-光伏2,63,16:00-17:00,17,1,3.75,41.5,45.25,10.107999999999999,19.2,29.308,15.942,0.0,0.6074,0.3779,19341.539000000004,1,2
风电1-光伏2,63,17:00-18:00,18,1,3.1398,41.5,44.6398,6.3839999999999995,9.6,15.983999999999998,28.655800000000003,0.0,0.6074,0.3779,22259.3561,1,2
风电1-光伏2,63,18:00-19:00,19,0,2.61,0.0,2.61,6.428000000000001,3.2,9.628,0.0,7.018000000000001,0.8024,0.3779,30320.459,1,2
风电1-光伏2,63,19:00-20:00,20,0,2.1198,0.0,2.1198,5.736,0.0,5.736,0.0,3.6161999999999996,0.8024,0.3779,31764.5231,1,2
风电1-光伏2,63,20:00-21:00,21,0,1.8599999999999999,0.0,1.8599999999999999,3.752,0.0,3.752,0.0,1.892,0.8024,0.3779,32496.445999999996,1,2
风电1-光伏2,63,21:00-22:00,22,1,1.6301999999999999,41.5,43.1302,3.6919999999999997,0.0,3.6919999999999997,39.4382,0.0,0.6074,0.3779,24733.916900000004,1,2
风电1-光伏2,63,22:00-23:00,23,1,1.56,41.5,43.06,4.88,0.0,4.88,38.18,0.0,0.6074,0.3779,24445.16,1,2
风电1-光伏2,63,23:00-24:00,24,1,1.4802,41.5,42.980199999999996,3.1919999999999997,0.0,3.1919999999999997,39.788199999999996,0.0,0.3424,0.3779,14270.368899999996,1,2
风电1-光伏2,54,0:00-1:00,1,1,1.3698000000000001,41.5,42.8698,9.776,0.0,9.776,33.0938,0.0,0.3424,0.3779,14508.0201,1,2
风电1-光伏2,54,1:00-2:00,2,1,1.0997999999999999,41.5,42.5998,10.904,0.0,10.904,31.695800000000002,0.0,0.3424,0.3779,14557.6491,1,2
风电1-光伏2,54,2:00-3:00,3,1,0.7998000000000001,41.5,42.2998,15.152000000000001,0.0,15.152000000000001,27.147799999999997,0.0,0.3424,0.3779,14719.1031,1,2
风电1-光伏2,54,3:00-4:00,4,1,0.99,41.5,42.49,13.312,0.0,13.312,29.178000000000004,0.0,0.3424,0.3779,14647.031,1,2
风电1-光伏2,54,4:00-5:00,5,1,1.1802000000000001,41.5,42.6802,15.072000000000001,0.0,15.072000000000001,27.608199999999997,0.0,0.3424,0.3779,14702.7589,1,2
风电1-光伏2,54,5:00-6:00,6,1,1.6301999999999999,41.5,43.1302,18.724,0.0,18.724,24.406200000000002,0.0,0.3424,0.3779,14816.429900000001,1,2
风电1-光伏2,54,6:00-7:00,7,1,2.5002,41.5,44.0002,9.628,0.0,9.628,34.3722,0.0,0.3424,0.3779,14462.6369,1,2
风电1-光伏2,54,7:00-8:00,8,1,3.3701999999999996,41.5,44.8702,22.804000000000002,3.2,26.004,18.866199999999996,0.0,0.6074,0.3779,20012.6429,1,2
风电1-光伏2,54,8:00-9:00,9,1,4.0098,41.5,45.5098,17.852,10.88,28.732,16.7778,0.0,0.6074,0.3779,19533.3551,1,2
风电1-光伏2,54,9:00-10:00,10,1,4.199999999999999,41.5,45.7,14.328000000000001,17.92,32.248000000000005,13.451999999999998,0.0,0.6074,0.3779,18770.084000000003,1,2
风电1-光伏2,54,10:00-11:00,11,1,4.1202,41.5,45.6202,11.904,24.96,36.864000000000004,8.756199999999993,0.0,0.8024,0.3779,19399.8569,1,2
风电1-光伏2,54,11:00-12:00,12,1,3.9000000000000004,41.5,45.4,7.736,31.36,39.096,6.304000000000002,0.0,0.8024,0.3779,18358.898,1,2
风电1-光伏2,54,12:00-13:00,13,1,3.2598000000000003,41.5,44.7598,8.556000000000001,35.84,44.396,0.3637999999999977,0.0,0.8024,0.3779,15837.283099999999,1,2
风电1-光伏2,54,13:00-14:00,14,1,2.6898,41.5,44.1898,14.52,37.12,51.64,0.0,7.450200000000002,0.8024,0.3779,15682.850000000002,1,2
风电1-光伏2,54,14:00-15:00,15,1,3.63,41.5,45.13,6.707999999999999,32.0,38.708,6.422000000000004,0.0,0.8024,0.3779,18408.989,1,2
风电1-光伏2,54,15:00-16:00,16,1,3.8202000000000003,41.5,45.3202,11.175999999999998,25.6,36.775999999999996,8.544200000000004,0.0,0.6074,0.3779,17643.7439,1,2
风电1-光伏2,54,16:00-17:00,17,1,3.75,41.5,45.25,10.107999999999999,19.2,29.308,15.942,0.0,0.6074,0.3779,19341.539000000004,1,2
风电1-光伏2,54,17:00-18:00,18,0,3.1398,0.0,3.1398,6.3839999999999995,9.6,15.983999999999998,0.0,12.844199999999997,0.6074,0.3779,22259.3561,1,2
风电1-光伏2,54,18:00-19:00,19,0,2.61,0.0,2.61,6.428000000000001,3.2,9.628,0.0,7.018000000000001,0.8024,0.3779,30320.459,1,2
风电1-光伏2,54,19:00-20:00,20,0,2.1198,0.0,2.1198,5.736,0.0,5.736,0.0,3.6161999999999996,0.8024,0.3779,31764.5231,1,2
风电1-光伏2,54,20:00-21:00,21,0,1.8599999999999999,0.0,1.8599999999999999,3.752,0.0,3.752,0.0,1.892,0.8024,0.3779,32496.445999999996,1,2
风电1-光伏2,54,21:00-22:00,22,0,1.6301999999999999,0.0,1.6301999999999999,3.6919999999999997,0.0,3.6919999999999997,0.0,2.0618,0.6074,0.3779,24733.916900000004,1,2
风电1-光伏2,54,22:00-23:00,23,0,1.56,0.0,1.56,4.88,0.0,4.88,0.0,3.32,0.6074,0.3779,24445.16,1,2
风电1-光伏2,54,23:00-24:00,24,1,1.4802,41.5,42.980199999999996,3.1919999999999997,0.0,3.1919999999999997,39.788199999999996,0.0,0.3424,0.3779,14270.368899999996,1,2
风电1-光伏2,45,0:00-1:00,1,1,1.3698000000000001,41.5,42.8698,9.776,0.0,9.776,33.0938,0.0,0.3424,0.3779,14508.0201,1,2
风电1-光伏2,45,1:00-2:00,2,1,1.0997999999999999,41.5,42.5998,10.904,0.0,10.904,31.695800000000002,0.0,0.3424,0.3779,14557.6491,1,2
风电1-光伏2,45,2:00-3:00,3,1,0.7998000000000001,41.5,42.2998,15.152000000000001,0.0,15.152000000000001,27.147799999999997,0.0,0.3424,0.3779,14719.1031,1,2
风电1-光伏2,45,3:00-4:00,4,1,0.99,41.5,42.49,13.312,0.0,13.312,29.178000000000004,0.0,0.3424,0.3779,14647.031,1,2
风电1-光伏2,45,4:00-5:00,5,1,1.1802000000000001,41.5,42.6802,15.072000000000001,0.0,15.072000000000001,27.608199999999997,0.0,0.3424,0.3779,14702.7589,1,2
风电1-光伏2,45,5:00-6:00,6,1,1.6301999999999999,41.5,43.1302,18.724,0.0,18.724,24.406200000000002,0.0,0.3424,0.3779,14816.429900000001,1,2
风电1-光伏2,45,6:00-7:00,7,1,2.5002,41.5,44.0002,9.628,0.0,9.628,34.3722,0.0,0.3424,0.3779,14462.6369,1,2
风电1-光伏2,45,7:00-8:00,8,0,3.3701999999999996,0.0,3.3701999999999996,22.804000000000002,3.2,26.004,0.0,22.6338,0.6074,0.3779,20012.6429,1,2
风电1-光伏2,45,8:00-9:00,9,0,4.0098,0.0,4.0098,17.852,10.88,28.732,0.0,24.7222,0.6074,0.3779,19533.3551,1,2
风电1-光伏2,45,9:00-10:00,10,1,4.199999999999999,41.5,45.7,14.328000000000001,17.92,32.248000000000005,13.451999999999998,0.0,0.6074,0.3779,18770.084000000003,1,2
风电1-光伏2,45,10:00-11:00,11,0,4.1202,0.0,4.1202,11.904,24.96,36.864000000000004,0.0,32.74380000000001,0.8024,0.3779,19399.8569,1,2
风电1-光伏2,45,11:00-12:00,12,1,3.9000000000000004,41.5,45.4,7.736,31.36,39.096,6.304000000000002,0.0,0.8024,0.3779,18358.898,1,2
风电1-光伏2,45,12:00-13:00,13,1,3.2598000000000003,41.5,44.7598,8.556000000000001,35.84,44.396,0.3637999999999977,0.0,0.8024,0.3779,15837.283099999999,1,2
风电1-光伏2,45,13:00-14:00,14,1,2.6898,41.5,44.1898,14.52,37.12,51.64,0.0,7.450200000000002,0.8024,0.3779,15682.850000000002,1,2
风电1-光伏2,45,14:00-15:00,15,1,3.63,41.5,45.13,6.707999999999999,32.0,38.708,6.422000000000004,0.0,0.8024,0.3779,18408.989,1,2
风电1-光伏2,45,15:00-16:00,16,1,3.8202000000000003,41.5,45.3202,11.175999999999998,25.6,36.775999999999996,8.544200000000004,0.0,0.6074,0.3779,17643.7439,1,2
风电1-光伏2,45,16:00-17:00,17,1,3.75,41.5,45.25,10.107999999999999,19.2,29.308,15.942,0.0,0.6074,0.3779,19341.539000000004,1,2
风电1-光伏2,45,17:00-18:00,18,0,3.1398,0.0,3.1398,6.3839999999999995,9.6,15.983999999999998,0.0,12.844199999999997,0.6074,0.3779,22259.3561,1,2
风电1-光伏2,45,18:00-19:00,19,0,2.61,0.0,2.61,6.428000000000001,3.2,9.628,0.0,7.018000000000001,0.8024,0.3779,30320.459,1,2
风电1-光伏2,45,19:00-20:00,20,0,2.1198,0.0,2.1198,5.736,0.0,5.736,0.0,3.6161999999999996,0.8024,0.3779,31764.5231,1,2
风电1-光伏2,45,20:00-21:00,21,0,1.8599999999999999,0.0,1.8599999999999999,3.752,0.0,3.752,0.0,1.892,0.8024,0.3779,32496.445999999996,1,2
风电1-光伏2,45,21:00-22:00,22,0,1.6301999999999999,0.0,1.6301999999999999,3.6919999999999997,0.0,3.6919999999999997,0.0,2.0618,0.6074,0.3779,24733.916900000004,1,2
风电1-光伏2,45,22:00-23:00,23,0,1.56,0.0,1.56,4.88,0.0,4.88,0.0,3.32,0.6074,0.3779,24445.16,1,2
风电1-光伏2,45,23:00-24:00,24,1,1.4802,41.5,42.980199999999996,3.1919999999999997,0.0,3.1919999999999997,39.788199999999996,0.0,0.3424,0.3779,14270.368899999996,1,2
风电1-光伏2,36,0:00-1:00,1,1,1.3698000000000001,41.5,42.8698,9.776,0.0,9.776,33.0938,0.0,0.3424,0.3779,14508.0201,1,2
风电1-光伏2,36,1:00-2:00,2,1,1.0997999999999999,41.5,42.5998,10.904,0.0,10.904,31.695800000000002,0.0,0.3424,0.3779,14557.6491,1,2
风电1-光伏2,36,2:00-3:00,3,1,0.7998000000000001,41.5,42.2998,15.152000000000001,0.0,15.152000000000001,27.147799999999997,0.0,0.3424,0.3779,14719.1031,1,2
风电1-光伏2,36,3:00-4:00,4,1,0.99,41.5,42.49,13.312,0.0,13.312,29.178000000000004,0.0,0.3424,0.3779,14647.031,1,2
风电1-光伏2,36,4:00-5:00,5,1,1.1802000000000001,41.5,42.6802,15.072000000000001,0.0,15.072000000000001,27.608199999999997,0.0,0.3424,0.3779,14702.7589,1,2
风电1-光伏2,36,5:00-6:00,6,1,1.6301999999999999,41.5,43.1302,18.724,0.0,18.724,24.406200000000002,0.0,0.3424,0.3779,14816.429900000001,1,2
风电1-光伏2,36,6:00-7:00,7,1,2.5002,41.5,44.0002,9.628,0.0,9.628,34.3722,0.0,0.3424,0.3779,14462.6369,1,2
风电1-光伏2,36,7:00-8:00,8,0,3.3701999999999996,0.0,3.3701999999999996,22.804000000000002,3.2,26.004,0.0,22.6338,0.6074,0.3779,20012.6429,1,2
风电1-光伏2,36,8:00-9:00,9,0,4.0098,0.0,4.0098,17.852,10.88,28.732,0.0,24.7222,0.6074,0.3779,19533.3551,1,2
风电1-光伏2,36,9:00-10:00,10,0,4.199999999999999,-0.0,4.199999999999999,14.328000000000001,17.92,32.248000000000005,0.0,28.048000000000005,0.6074,0.3779,18770.084000000003,1,2
风电1-光伏2,36,10:00-11:00,11,0,4.1202,0.0,4.1202,11.904,24.96,36.864000000000004,0.0,32.74380000000001,0.8024,0.3779,19399.8569,1,2
风电1-光伏2,36,11:00-12:00,12,1,3.9000000000000004,41.5,45.4,7.736,31.36,39.096,6.304000000000002,0.0,0.8024,0.3779,18358.898,1,2
风电1-光伏2,36,12:00-13:00,13,1,3.2598000000000003,41.5,44.7598,8.556000000000001,35.84,44.396,0.3637999999999977,0.0,0.8024,0.3779,15837.283099999999,1,2
风电1-光伏2,36,13:00-14:00,14,1,2.6898,41.5,44.1898,14.52,37.12,51.64,0.0,7.450200000000002,0.8024,0.3779,15682.850000000002,1,2
风电1-光伏2,36,14:00-15:00,15,0,3.63,0.0,3.63,6.707999999999999,32.0,38.708,0.0,35.077999999999996,0.8024,0.3779,18408.989,1,2
风电1-光伏2,36,15:00-16:00,16,1,3.8202000000000003,41.5,45.3202,11.175999999999998,25.6,36.775999999999996,8.544200000000004,0.0,0.6074,0.3779,17643.7439,1,2
风电1-光伏2,36,16:00-17:00,17,0,3.75,0.0,3.75,10.107999999999999,19.2,29.308,0.0,25.558,0.6074,0.3779,19341.539000000004,1,2
风电1-光伏2,36,17:00-18:00,18,0,3.1398,0.0,3.1398,6.3839999999999995,9.6,15.983999999999998,0.0,12.844199999999997,0.6074,0.3779,22259.3561,1,2
风电1-光伏2,36,18:00-19:00,19,0,2.61,0.0,2.61,6.428000000000001,3.2,9.628,0.0,7.018000000000001,0.8024,0.3779,30320.459,1,2
风电1-光伏2,36,19:00-20:00,20,0,2.1198,0.0,2.1198,5.736,0.0,5.736,0.0,3.6161999999999996,0.8024,0.3779,31764.5231,1,2
风电1-光伏2,36,20:00-21:00,21,0,1.8599999999999999,0.0,1.8599999999999999,3.752,0.0,3.752,0.0,1.892,0.8024,0.3779,32496.445999999996,1,2
风电1-光伏2,36,21:00-22:00,22,0,1.6301999999999999,0.0,1.6301999999999999,3.6919999999999997,0.0,3.6919999999999997,0.0,2.0618,0.6074,0.3779,24733.916900000004,1,2
风电1-光伏2,36,22:00-23:00,23,0,1.56,0.0,1.56,4.88,0.0,4.88,0.0,3.32,0.6074,0.3779,24445.16,1,2
风电1-光伏2,36,23:00-24:00,24,1,1.4802,41.5,42.980199999999996,3.1919999999999997,0.0,3.1919999999999997,39.788199999999996,0.0,0.3424,0.3779,14270.368899999996,1,2
风电1-光伏3,72,0:00-1:00,1,1,1.3698000000000001,41.5,42.8698,9.776,0.0,9.776,33.0938,0.0,0.3424,0.3779,14508.0201,1,3
风电1-光伏3,72,1:00-2:00,2,1,1.0997999999999999,41.5,42.5998,10.904,0.0,10.904,31.695800000000002,0.0,0.3424,0.3779,14557.6491,1,3
风电1-光伏3,72,2:00-3:00,3,1,0.7998000000000001,41.5,42.2998,15.152000000000001,0.0,15.152000000000001,27.147799999999997,0.0,0.3424,0.3779,14719.1031,1,3
风电1-光伏3,72,3:00-4:00,4,1,0.99,41.5,42.49,13.312,0.0,13.312,29.178000000000004,0.0,0.3424,0.3779,14647.031,1,3
风电1-光伏3,72,4:00-5:00,5,1,1.1802000000000001,41.5,42.6802,15.072000000000001,0.0,15.072000000000001,27.608199999999997,0.0,0.3424,0.3779,14702.7589,1,3
风电1-光伏3,72,5:00-6:00,6,1,1.6301999999999999,41.5,43.1302,18.724,0.0,18.724,24.406200000000002,0.0,0.3424,0.3779,14816.429900000001,1,3
风电1-光伏3,72,6:00-7:00,7,1,2.5002,41.5,44.0002,9.628,0.0,9.628,34.3722,0.0,0.3424,0.3779,14462.6369,1,3
风电1-光伏3,72,7:00-8:00,8,1,3.3701999999999996,41.5,44.8702,22.804000000000002,1.28,24.084000000000003,20.786199999999994,0.0,0.6074,0.3779,20453.2829,1,3
风电1-光伏3,72,8:00-9:00,9,1,4.0098,41.5,45.5098,17.852,3.2,21.052,24.4578,0.0,0.6074,0.3779,21295.915100000002,1,3
风电1-光伏3,72,9:00-10:00,10,1,4.199999999999999,41.5,45.7,14.328000000000001,5.12,19.448,26.252000000000002,0.0,0.6074,0.3779,21707.684000000005,1,3
风电1-光伏3,72,10:00-11:00,11,1,4.1202,41.5,45.6202,11.904,7.68,19.584,26.036199999999997,0.0,0.8024,0.3779,26735.216899999996,1,3
风电1-光伏3,72,11:00-12:00,12,1,3.9000000000000004,41.5,45.4,7.736,11.52,19.256,26.144,0.0,0.8024,0.3779,26780.978,1,3
风电1-光伏3,72,12:00-13:00,13,1,3.2598000000000003,41.5,44.7598,8.556000000000001,14.08,22.636000000000003,22.123799999999996,0.0,0.8024,0.3779,25074.403099999996,1,3
风电1-光伏3,72,13:00-14:00,14,1,2.6898,41.5,44.1898,14.52,14.08,28.6,15.589799999999997,0.0,0.8024,0.3779,22300.7201,1,3
风电1-光伏3,72,14:00-15:00,15,1,3.63,41.5,45.13,6.707999999999999,11.52,18.227999999999998,26.902000000000005,0.0,0.8024,0.3779,27102.749000000003,1,3
风电1-光伏3,72,15:00-16:00,16,1,3.8202000000000003,41.5,45.3202,11.175999999999998,7.04,18.215999999999998,27.104200000000002,0.0,0.6074,0.3779,21903.2639,1,3
风电1-光伏3,72,16:00-17:00,17,1,3.75,41.5,45.25,10.107999999999999,5.12,15.227999999999998,30.022000000000002,0.0,0.6074,0.3779,22572.899,1,3
风电1-光伏3,72,17:00-18:00,18,1,3.1398,41.5,44.6398,6.3839999999999995,3.2,9.584,35.055800000000005,0.0,0.6074,0.3779,23728.1561,1,3
风电1-光伏3,72,18:00-19:00,19,1,2.61,41.5,44.11,6.428000000000001,1.28,7.708000000000001,36.402,0.0,0.8024,0.3779,31135.499000000003,1,3
风电1-光伏3,72,19:00-20:00,20,1,2.1198,41.5,43.6198,5.736,0.0,5.736,37.8838,0.0,0.8024,0.3779,31764.5231,1,3
风电1-光伏3,72,20:00-21:00,21,1,1.8599999999999999,41.5,43.36,3.752,0.0,3.752,39.608,0.0,0.8024,0.3779,32496.445999999996,1,3
风电1-光伏3,72,21:00-22:00,22,1,1.6301999999999999,41.5,43.1302,3.6919999999999997,0.0,3.6919999999999997,39.4382,0.0,0.6074,0.3779,24733.916900000004,1,3
风电1-光伏3,72,22:00-23:00,23,1,1.56,41.5,43.06,4.88,0.0,4.88,38.18,0.0,0.6074,0.3779,24445.16,1,3
风电1-光伏3,72,23:00-24:00,24,1,1.4802,41.5,42.980199999999996,3.1919999999999997,0.0,3.1919999999999997,39.788199999999996,0.0,0.3424,0.3779,14270.368899999996,1,3
风电1-光伏3,63,0:00-1:00,1,1,1.3698000000000001,41.5,42.8698,9.776,0.0,9.776,33.0938,0.0,0.3424,0.3779,14508.0201,1,3
风电1-光伏3,63,1:00-2:00,2,1,1.0997999999999999,41.5,42.5998,10.904,0.0,10.904,31.695800000000002,0.0,0.3424,0.3779,14557.6491,1,3
风电1-光伏3,63,2:00-3:00,3,1,0.7998000000000001,41.5,42.2998,15.152000000000001,0.0,15.152000000000001,27.147799999999997,0.0,0.3424,0.3779,14719.1031,1,3
风电1-光伏3,63,3:00-4:00,4,1,0.99,41.5,42.49,13.312,0.0,13.312,29.178000000000004,0.0,0.3424,0.3779,14647.031,1,3
风电1-光伏3,63,4:00-5:00,5,1,1.1802000000000001,41.5,42.6802,15.072000000000001,0.0,15.072000000000001,27.608199999999997,0.0,0.3424,0.3779,14702.7589,1,3
风电1-光伏3,63,5:00-6:00,6,1,1.6301999999999999,41.5,43.1302,18.724,0.0,18.724,24.406200000000002,0.0,0.3424,0.3779,14816.429900000001,1,3
风电1-光伏3,63,6:00-7:00,7,1,2.5002,41.5,44.0002,9.628,0.0,9.628,34.3722,0.0,0.3424,0.3779,14462.6369,1,3
风电1-光伏3,63,7:00-8:00,8,1,3.3701999999999996,41.5,44.8702,22.804000000000002,1.28,24.084000000000003,20.786199999999994,0.0,0.6074,0.3779,20453.2829,1,3
风电1-光伏3,63,8:00-9:00,9,1,4.0098,41.5,45.5098,17.852,3.2,21.052,24.4578,0.0,0.6074,0.3779,21295.915100000002,1,3
风电1-光伏3,63,9:00-10:00,10,1,4.199999999999999,41.5,45.7,14.328000000000001,5.12,19.448,26.252000000000002,0.0,0.6074,0.3779,21707.684000000005,1,3
风电1-光伏3,63,10:00-11:00,11,1,4.1202,41.5,45.6202,11.904,7.68,19.584,26.036199999999997,0.0,0.8024,0.3779,26735.216899999996,1,3
风电1-光伏3,63,11:00-12:00,12,1,3.9000000000000004,41.5,45.4,7.736,11.52,19.256,26.144,0.0,0.8024,0.3779,26780.978,1,3
风电1-光伏3,63,12:00-13:00,13,1,3.2598000000000003,41.5,44.7598,8.556000000000001,14.08,22.636000000000003,22.123799999999996,0.0,0.8024,0.3779,25074.403099999996,1,3
风电1-光伏3,63,13:00-14:00,14,1,2.6898,41.5,44.1898,14.52,14.08,28.6,15.589799999999997,0.0,0.8024,0.3779,22300.7201,1,3
风电1-光伏3,63,14:00-15:00,15,1,3.63,41.5,45.13,6.707999999999999,11.52,18.227999999999998,26.902000000000005,0.0,0.8024,0.3779,27102.749000000003,1,3
风电1-光伏3,63,15:00-16:00,16,1,3.8202000000000003,41.5,45.3202,11.175999999999998,7.04,18.215999999999998,27.104200000000002,0.0,0.6074,0.3779,21903.2639,1,3
风电1-光伏3,63,16:00-17:00,17,1,3.75,41.5,45.25,10.107999999999999,5.12,15.227999999999998,30.022000000000002,0.0,0.6074,0.3779,22572.899,1,3
风电1-光伏3,63,17:00-18:00,18,1,3.1398,41.5,44.6398,6.3839999999999995,3.2,9.584,35.055800000000005,0.0,0.6074,0.3779,23728.1561,1,3
风电1-光伏3,63,18:00-19:00,19,0,2.61,0.0,2.61,6.428000000000001,1.28,7.708000000000001,0.0,5.098000000000001,0.8024,0.3779,31135.499000000003,1,3
风电1-光伏3,63,19:00-20:00,20,0,2.1198,0.0,2.1198,5.736,0.0,5.736,0.0,3.6161999999999996,0.8024,0.3779,31764.5231,1,3
风电1-光伏3,63,20:00-21:00,21,0,1.8599999999999999,0.0,1.8599999999999999,3.752,0.0,3.752,0.0,1.892,0.8024,0.3779,32496.445999999996,1,3
风电1-光伏3,63,21:00-22:00,22,1,1.6301999999999999,41.5,43.1302,3.6919999999999997,0.0,3.6919999999999997,39.4382,0.0,0.6074,0.3779,24733.916900000004,1,3
风电1-光伏3,63,22:00-23:00,23,1,1.56,41.5,43.06,4.88,0.0,4.88,38.18,0.0,0.6074,0.3779,24445.16,1,3
风电1-光伏3,63,23:00-24:00,24,1,1.4802,41.5,42.980199999999996,3.1919999999999997,0.0,3.1919999999999997,39.788199999999996,0.0,0.3424,0.3779,14270.368899999996,1,3
风电1-光伏3,54,0:00-1:00,1,1,1.3698000000000001,41.5,42.8698,9.776,0.0,9.776,33.0938,0.0,0.3424,0.3779,14508.0201,1,3
风电1-光伏3,54,1:00-2:00,2,1,1.0997999999999999,41.5,42.5998,10.904,0.0,10.904,31.695800000000002,0.0,0.3424,0.3779,14557.6491,1,3
风电1-光伏3,54,2:00-3:00,3,1,0.7998000000000001,41.5,42.2998,15.152000000000001,0.0,15.152000000000001,27.147799999999997,0.0,0.3424,0.3779,14719.1031,1,3
风电1-光伏3,54,3:00-4:00,4,1,0.99,41.5,42.49,13.312,0.0,13.312,29.178000000000004,0.0,0.3424,0.3779,14647.031,1,3
风电1-光伏3,54,4:00-5:00,5,1,1.1802000000000001,41.5,42.6802,15.072000000000001,0.0,15.072000000000001,27.608199999999997,0.0,0.3424,0.3779,14702.7589,1,3
风电1-光伏3,54,5:00-6:00,6,1,1.6301999999999999,41.5,43.1302,18.724,0.0,18.724,24.406200000000002,0.0,0.3424,0.3779,14816.429900000001,1,3
风电1-光伏3,54,6:00-7:00,7,1,2.5002,41.5,44.0002,9.628,0.0,9.628,34.3722,0.0,0.3424,0.3779,14462.6369,1,3
风电1-光伏3,54,7:00-8:00,8,1,3.3701999999999996,41.5,44.8702,22.804000000000002,1.28,24.084000000000003,20.786199999999994,0.0,0.6074,0.3779,20453.2829,1,3
风电1-光伏3,54,8:00-9:00,9,1,4.0098,41.5,45.5098,17.852,3.2,21.052,24.4578,0.0,0.6074,0.3779,21295.915100000002,1,3
风电1-光伏3,54,9:00-10:00,10,1,4.199999999999999,41.5,45.7,14.328000000000001,5.12,19.448,26.252000000000002,0.0,0.6074,0.3779,21707.684000000005,1,3
风电1-光伏3,54,10:00-11:00,11,0,4.1202,0.0,4.1202,11.904,7.68,19.584,0.0,15.463799999999999,0.8024,0.3779,26735.216899999996,1,3
风电1-光伏3,54,11:00-12:00,12,0,3.9000000000000004,0.0,3.9000000000000004,7.736,11.52,19.256,0.0,15.356,0.8024,0.3779,26780.978,1,3
风电1-光伏3,54,12:00-13:00,13,1,3.2598000000000003,41.5,44.7598,8.556000000000001,14.08,22.636000000000003,22.123799999999996,0.0,0.8024,0.3779,25074.403099999996,1,3
风电1-光伏3,54,13:00-14:00,14,1,2.6898,41.5,44.1898,14.52,14.08,28.6,15.589799999999997,0.0,0.8024,0.3779,22300.7201,1,3
风电1-光伏3,54,14:00-15:00,15,0,3.63,0.0,3.63,6.707999999999999,11.52,18.227999999999998,0.0,14.597999999999999,0.8024,0.3779,27102.749000000003,1,3
风电1-光伏3,54,15:00-16:00,16,1,3.8202000000000003,41.5,45.3202,11.175999999999998,7.04,18.215999999999998,27.104200000000002,0.0,0.6074,0.3779,21903.2639,1,3
风电1-光伏3,54,16:00-17:00,17,1,3.75,41.5,45.25,10.107999999999999,5.12,15.227999999999998,30.022000000000002,0.0,0.6074,0.3779,22572.899,1,3
风电1-光伏3,54,17:00-18:00,18,1,3.1398,41.5,44.6398,6.3839999999999995,3.2,9.584,35.055800000000005,0.0,0.6074,0.3779,23728.1561,1,3
风电1-光伏3,54,18:00-19:00,19,0,2.61,0.0,2.61,6.428000000000001,1.28,7.708000000000001,0.0,5.098000000000001,0.8024,0.3779,31135.499000000003,1,3
风电1-光伏3,54,19:00-20:00,20,0,2.1198,0.0,2.1198,5.736,0.0,5.736,0.0,3.6161999999999996,0.8024,0.3779,31764.5231,1,3
风电1-光伏3,54,20:00-21:00,21,0,1.8599999999999999,0.0,1.8599999999999999,3.752,0.0,3.752,0.0,1.892,0.8024,0.3779,32496.445999999996,1,3
风电1-光伏3,54,21:00-22:00,22,1,1.6301999999999999,41.5,43.1302,3.6919999999999997,0.0,3.6919999999999997,39.4382,0.0,0.6074,0.3779,24733.916900000004,1,3
风电1-光伏3,54,22:00-23:00,23,1,1.56,41.5,43.06,4.88,0.0,4.88,38.18,0.0,0.6074,0.3779,24445.16,1,3
风电1-光伏3,54,23:00-24:00,24,1,1.4802,41.5,42.980199999999996,3.1919999999999997,0.0,3.1919999999999997,39.788199999999996,0.0,0.3424,0.3779,14270.368899999996,1,3
风电1-光伏3,45,0:00-1:00,1,1,1.3698000000000001,41.5,42.8698,9.776,0.0,9.776,33.0938,0.0,0.3424,0.3779,14508.0201,1,3
风电1-光伏3,45,1:00-2:00,2,1,1.0997999999999999,41.5,42.5998,10.904,0.0,10.904,31.695800000000002,0.0,0.3424,0.3779,14557.6491,1,3
风电1-光伏3,45,2:00-3:00,3,1,0.7998000000000001,41.5,42.2998,15.152000000000001,0.0,15.152000000000001,27.147799999999997,0.0,0.3424,0.3779,14719.1031,1,3
风电1-光伏3,45,3:00-4:00,4,1,0.99,41.5,42.49,13.312,0.0,13.312,29.178000000000004,0.0,0.3424,0.3779,14647.031,1,3
风电1-光伏3,45,4:00-5:00,5,1,1.1802000000000001,41.5,42.6802,15.072000000000001,0.0,15.072000000000001,27.608199999999997,0.0,0.3424,0.3779,14702.7589,1,3
风电1-光伏3,45,5:00-6:00,6,1,1.6301999999999999,41.5,43.1302,18.724,0.0,18.724,24.406200000000002,0.0,0.3424,0.3779,14816.429900000001,1,3
风电1-光伏3,45,6:00-7:00,7,1,2.5002,41.5,44.0002,9.628,0.0,9.628,34.3722,0.0,0.3424,0.3779,14462.6369,1,3
风电1-光伏3,45,7:00-8:00,8,1,3.3701999999999996,41.5,44.8702,22.804000000000002,1.28,24.084000000000003,20.786199999999994,0.0,0.6074,0.3779,20453.2829,1,3
风电1-光伏3,45,8:00-9:00,9,1,4.0098,41.5,45.5098,17.852,3.2,21.052,24.4578,0.0,0.6074,0.3779,21295.915100000002,1,3
风电1-光伏3,45,9:00-10:00,10,1,4.199999999999999,41.5,45.7,14.328000000000001,5.12,19.448,26.252000000000002,0.0,0.6074,0.3779,21707.684000000005,1,3
风电1-光伏3,45,10:00-11:00,11,0,4.1202,0.0,4.1202,11.904,7.68,19.584,0.0,15.463799999999999,0.8024,0.3779,26735.216899999996,1,3
风电1-光伏3,45,11:00-12:00,12,0,3.9000000000000004,0.0,3.9000000000000004,7.736,11.52,19.256,0.0,15.356,0.8024,0.3779,26780.978,1,3
风电1-光伏3,45,12:00-13:00,13,0,3.2598000000000003,0.0,3.2598000000000003,8.556000000000001,14.08,22.636000000000003,0.0,19.376200000000004,0.8024,0.3779,25074.403099999996,1,3
风电1-光伏3,45,13:00-14:00,14,1,2.6898,41.5,44.1898,14.52,14.08,28.6,15.589799999999997,0.0,0.8024,0.3779,22300.7201,1,3
风电1-光伏3,45,14:00-15:00,15,0,3.63,0.0,3.63,6.707999999999999,11.52,18.227999999999998,0.0,14.597999999999999,0.8024,0.3779,27102.749000000003,1,3
风电1-光伏3,45,15:00-16:00,16,1,3.8202000000000003,41.5,45.3202,11.175999999999998,7.04,18.215999999999998,27.104200000000002,0.0,0.6074,0.3779,21903.2639,1,3
风电1-光伏3,45,16:00-17:00,17,1,3.75,41.5,45.25,10.107999999999999,5.12,15.227999999999998,30.022000000000002,0.0,0.6074,0.3779,22572.899,1,3
风电1-光伏3,45,17:00-18:00,18,1,3.1398,41.5,44.6398,6.3839999999999995,3.2,9.584,35.055800000000005,0.0,0.6074,0.3779,23728.1561,1,3
风电1-光伏3,45,18:00-19:00,19,0,2.61,0.0,2.61,6.428000000000001,1.28,7.708000000000001,0.0,5.098000000000001,0.8024,0.3779,31135.499000000003,1,3
风电1-光伏3,45,19:00-20:00,20,0,2.1198,0.0,2.1198,5.736,0.0,5.736,0.0,3.6161999999999996,0.8024,0.3779,31764.5231,1,3
风电1-光伏3,45,20:00-21:00,21,0,1.8599999999999999,0.0,1.8599999999999999,3.752,0.0,3.752,0.0,1.892,0.8024,0.3779,32496.445999999996,1,3
风电1-光伏3,45,21:00-22:00,22,0,1.6301999999999999,0.0,1.6301999999999999,3.6919999999999997,0.0,3.6919999999999997,0.0,2.0618,0.6074,0.3779,24733.916900000004,1,3
风电1-光伏3,45,22:00-23:00,23,0,1.56,0.0,1.56,4.88,0.0,4.88,0.0,3.32,0.6074,0.3779,24445.16,1,3
风电1-光伏3,45,23:00-24:00,24,1,1.4802,41.5,42.980199999999996,3.1919999999999997,0.0,3.1919999999999997,39.788199999999996,0.0,0.3424,0.3779,14270.368899999996,1,3
风电1-光伏3,36,0:00-1:00,1,1,1.3698000000000001,41.5,42.8698,9.776,0.0,9.776,33.0938,0.0,0.3424,0.3779,14508.0201,1,3
风电1-光伏3,36,1:00-2:00,2,1,1.0997999999999999,41.5,42.5998,10.904,0.0,10.904,31.695800000000002,0.0,0.3424,0.3779,14557.6491,1,3
风电1-光伏3,36,2:00-3:00,3,1,0.7998000000000001,41.5,42.2998,15.152000000000001,0.0,15.152000000000001,27.147799999999997,0.0,0.3424,0.3779,14719.1031,1,3
风电1-光伏3,36,3:00-4:00,4,1,0.99,41.5,42.49,13.312,0.0,13.312,29.178000000000004,0.0,0.3424,0.3779,14647.031,1,3
风电1-光伏3,36,4:00-5:00,5,1,1.1802000000000001,41.5,42.6802,15.072000000000001,0.0,15.072000000000001,27.608199999999997,0.0,0.3424,0.3779,14702.7589,1,3
风电1-光伏3,36,5:00-6:00,6,1,1.6301999999999999,41.5,43.1302,18.724,0.0,18.724,24.406200000000002,0.0,0.3424,0.3779,14816.429900000001,1,3
风电1-光伏3,36,6:00-7:00,7,1,2.5002,41.5,44.0002,9.628,0.0,9.628,34.3722,0.0,0.3424,0.3779,14462.6369,1,3
风电1-光伏3,36,7:00-8:00,8,1,3.3701999999999996,41.5,44.8702,22.804000000000002,1.28,24.084000000000003,20.786199999999994,0.0,0.6074,0.3779,20453.2829,1,3
风电1-光伏3,36,8:00-9:00,9,1,4.0098,41.5,45.5098,17.852,3.2,21.052,24.4578,0.0,0.6074,0.3779,21295.915100000002,1,3
风电1-光伏3,36,9:00-10:00,10,1,4.199999999999999,41.5,45.7,14.328000000000001,5.12,19.448,26.252000000000002,0.0,0.6074,0.3779,21707.684000000005,1,3
风电1-光伏3,36,10:00-11:00,11,0,4.1202,0.0,4.1202,11.904,7.68,19.584,0.0,15.463799999999999,0.8024,0.3779,26735.216899999996,1,3
风电1-光伏3,36,11:00-12:00,12,0,3.9000000000000004,0.0,3.9000000000000004,7.736,11.52,19.256,0.0,15.356,0.8024,0.3779,26780.978,1,3
风电1-光伏3,36,12:00-13:00,13,0,3.2598000000000003,0.0,3.2598000000000003,8.556000000000001,14.08,22.636000000000003,0.0,19.376200000000004,0.8024,0.3779,25074.403099999996,1,3
风电1-光伏3,36,13:00-14:00,14,0,2.6898,0.0,2.6898,14.52,14.08,28.6,0.0,25.910200000000003,0.8024,0.3779,22300.7201,1,3
风电1-光伏3,36,14:00-15:00,15,0,3.63,0.0,3.63,6.707999999999999,11.52,18.227999999999998,0.0,14.597999999999999,0.8024,0.3779,27102.749000000003,1,3
风电1-光伏3,36,15:00-16:00,16,1,3.8202000000000003,41.5,45.3202,11.175999999999998,7.04,18.215999999999998,27.104200000000002,0.0,0.6074,0.3779,21903.2639,1,3
风电1-光伏3,36,16:00-17:00,17,0,3.75,0.0,3.75,10.107999999999999,5.12,15.227999999999998,0.0,11.477999999999998,0.6074,0.3779,22572.899,1,3
风电1-光伏3,36,17:00-18:00,18,0,3.1398,0.0,3.1398,6.3839999999999995,3.2,9.584,0.0,6.4441999999999995,0.6074,0.3779,23728.1561,1,3
风电1-光伏3,36,18:00-19:00,19,0,2.61,0.0,2.61,6.428000000000001,1.28,7.708000000000001,0.0,5.098000000000001,0.8024,0.3779,31135.499000000003,1,3
风电1-光伏3,36,19:00-20:00,20,0,2.1198,0.0,2.1198,5.736,0.0,5.736,0.0,3.6161999999999996,0.8024,0.3779,31764.5231,1,3
风电1-光伏3,36,20:00-21:00,21,0,1.8599999999999999,0.0,1.8599999999999999,3.752,0.0,3.752,0.0,1.892,0.8024,0.3779,32496.445999999996,1,3
风电1-光伏3,36,21:00-22:00,22,0,1.6301999999999999,0.0,1.6301999999999999,3.6919999999999997,0.0,3.6919999999999997,0.0,2.0618,0.6074,0.3779,24733.916900000004,1,3
风电1-光伏3,36,22:00-23:00,23,0,1.56,0.0,1.56,4.88,0.0,4.88,0.0,3.32,0.6074,0.3779,24445.16,1,3
风电1-光伏3,36,23:00-24:00,24,1,1.4802,41.5,42.980199999999996,3.1919999999999997,0.0,3.1919999999999997,39.788199999999996,0.0,0.3424,0.3779,14270.368899999996,1,3
风电1-光伏4,72,0:00-1:00,1,1,1.3698000000000001,41.5,42.8698,9.776,0.0,9.776,33.0938,0.0,0.3424,0.3779,14508.0201,1,4
风电1-光伏4,72,1:00-2:00,2,1,1.0997999999999999,41.5,42.5998,10.904,0.0,10.904,31.695800000000002,0.0,0.3424,0.3779,14557.6491,1,4
风电1-光伏4,72,2:00-3:00,3,1,0.7998000000000001,41.5,42.2998,15.152000000000001,0.0,15.152000000000001,27.147799999999997,0.0,0.3424,0.3779,14719.1031,1,4
风电1-光伏4,72,3:00-4:00,4,1,0.99,41.5,42.49,13.312,0.0,13.312,29.178000000000004,0.0,0.3424,0.3779,14647.031,1,4
风电1-光伏4,72,4:00-5:00,5,1,1.1802000000000001,41.5,42.6802,15.072000000000001,0.0,15.072000000000001,27.608199999999997,0.0,0.3424,0.3779,14702.7589,1,4
风电1-光伏4,72,5:00-6:00,6,1,1.6301999999999999,41.5,43.1302,18.724,0.0,18.724,24.406200000000002,0.0,0.3424,0.3779,14816.429900000001,1,4
风电1-光伏4,72,6:00-7:00,7,1,2.5002,41.5,44.0002,9.628,0.0,9.628,34.3722,0.0,0.3424,0.3779,14462.6369,1,4
风电1-光伏4,72,7:00-8:00,8,1,3.3701999999999996,41.5,44.8702,22.804000000000002,0.0,22.804000000000002,22.066199999999995,0.0,0.6074,0.3779,20747.0429,1,4
风电1-光伏4,72,8:00-9:00,9,1,4.0098,41.5,45.5098,17.852,0.0,17.852,27.657799999999998,0.0,0.6074,0.3779,22030.3151,1,4
风电1-光伏4,72,9:00-10:00,10,1,4.199999999999999,41.5,45.7,14.328000000000001,0.0,14.328000000000001,31.372,0.0,0.6074,0.3779,22882.724000000002,1,4
风电1-光伏4,72,10:00-11:00,11,1,4.1202,41.5,45.6202,11.904,0.0,11.904,33.7162,0.0,0.8024,0.3779,29995.3769,1,4
风电1-光伏4,72,11:00-12:00,12,1,3.9000000000000004,41.5,45.4,7.736,1.28,9.016,36.384,0.0,0.8024,0.3779,31127.858,1,4
风电1-光伏4,72,12:00-13:00,13,1,3.2598000000000003,41.5,44.7598,8.556000000000001,5.12,13.676000000000002,31.083799999999997,0.0,0.8024,0.3779,28877.923099999996,1,4
风电1-光伏4,72,13:00-14:00,14,1,2.6898,41.5,44.1898,14.52,7.68,22.2,21.9898,0.0,0.8024,0.3779,25017.520099999998,1,4
风电1-光伏4,72,14:00-15:00,15,1,3.63,41.5,45.13,6.707999999999999,5.12,11.828,33.30200000000001,0.0,0.8024,0.3779,29819.549000000003,1,4
风电1-光伏4,72,15:00-16:00,16,1,3.8202000000000003,41.5,45.3202,11.175999999999998,1.28,12.455999999999998,32.864200000000004,0.0,0.6074,0.3779,23225.183900000004,1,4
风电1-光伏4,72,16:00-17:00,17,1,3.75,41.5,45.25,10.107999999999999,0.0,10.107999999999999,35.142,0.0,0.6074,0.3779,23747.939000000002,1,4
风电1-光伏4,72,17:00-18:00,18,1,3.1398,41.5,44.6398,6.3839999999999995,0.0,6.3839999999999995,38.2558,0.0,0.6074,0.3779,24462.5561,1,4
风电1-光伏4,72,18:00-19:00,19,1,2.61,41.5,44.11,6.428000000000001,0.0,6.428000000000001,37.682,0.0,0.8024,0.3779,31678.859,1,4
风电1-光伏4,72,19:00-20:00,20,1,2.1198,41.5,43.6198,5.736,0.0,5.736,37.8838,0.0,0.8024,0.3779,31764.5231,1,4
风电1-光伏4,72,20:00-21:00,21,1,1.8599999999999999,41.5,43.36,3.752,0.0,3.752,39.608,0.0,0.8024,0.3779,32496.445999999996,1,4
风电1-光伏4,72,21:00-22:00,22,1,1.6301999999999999,41.5,43.1302,3.6919999999999997,0.0,3.6919999999999997,39.4382,0.0,0.6074,0.3779,24733.916900000004,1,4
风电1-光伏4,72,22:00-23:00,23,1,1.56,41.5,43.06,4.88,0.0,4.88,38.18,0.0,0.6074,0.3779,24445.16,1,4
风电1-光伏4,72,23:00-24:00,24,1,1.4802,41.5,42.980199999999996,3.1919999999999997,0.0,3.1919999999999997,39.788199999999996,0.0,0.3424,0.3779,14270.368899999996,1,4
风电1-光伏4,63,0:00-1:00,1,1,1.3698000000000001,41.5,42.8698,9.776,0.0,9.776,33.0938,0.0,0.3424,0.3779,14508.0201,1,4
风电1-光伏4,63,1:00-2:00,2,1,1.0997999999999999,41.5,42.5998,10.904,0.0,10.904,31.695800000000002,0.0,0.3424,0.3779,14557.6491,1,4
风电1-光伏4,63,2:00-3:00,3,1,0.7998000000000001,41.5,42.2998,15.152000000000001,0.0,15.152000000000001,27.147799999999997,0.0,0.3424,0.3779,14719.1031,1,4
风电1-光伏4,63,3:00-4:00,4,1,0.99,41.5,42.49,13.312,0.0,13.312,29.178000000000004,0.0,0.3424,0.3779,14647.031,1,4
风电1-光伏4,63,4:00-5:00,5,1,1.1802000000000001,41.5,42.6802,15.072000000000001,0.0,15.072000000000001,27.608199999999997,0.0,0.3424,0.3779,14702.7589,1,4
风电1-光伏4,63,5:00-6:00,6,1,1.6301999999999999,41.5,43.1302,18.724,0.0,18.724,24.406200000000002,0.0,0.3424,0.3779,14816.429900000001,1,4
风电1-光伏4,63,6:00-7:00,7,1,2.5002,41.5,44.0002,9.628,0.0,9.628,34.3722,0.0,0.3424,0.3779,14462.6369,1,4
风电1-光伏4,63,7:00-8:00,8,1,3.3701999999999996,41.5,44.8702,22.804000000000002,0.0,22.804000000000002,22.066199999999995,0.0,0.6074,0.3779,20747.0429,1,4
风电1-光伏4,63,8:00-9:00,9,1,4.0098,41.5,45.5098,17.852,0.0,17.852,27.657799999999998,0.0,0.6074,0.3779,22030.3151,1,4
风电1-光伏4,63,9:00-10:00,10,1,4.199999999999999,41.5,45.7,14.328000000000001,0.0,14.328000000000001,31.372,0.0,0.6074,0.3779,22882.724000000002,1,4
风电1-光伏4,63,10:00-11:00,11,1,4.1202,41.5,45.6202,11.904,0.0,11.904,33.7162,0.0,0.8024,0.3779,29995.3769,1,4
风电1-光伏4,63,11:00-12:00,12,1,3.9000000000000004,41.5,45.4,7.736,1.28,9.016,36.384,0.0,0.8024,0.3779,31127.858,1,4
风电1-光伏4,63,12:00-13:00,13,1,3.2598000000000003,41.5,44.7598,8.556000000000001,5.12,13.676000000000002,31.083799999999997,0.0,0.8024,0.3779,28877.923099999996,1,4
风电1-光伏4,63,13:00-14:00,14,1,2.6898,41.5,44.1898,14.52,7.68,22.2,21.9898,0.0,0.8024,0.3779,25017.520099999998,1,4
风电1-光伏4,63,14:00-15:00,15,1,3.63,41.5,45.13,6.707999999999999,5.12,11.828,33.30200000000001,0.0,0.8024,0.3779,29819.549000000003,1,4
风电1-光伏4,63,15:00-16:00,16,1,3.8202000000000003,41.5,45.3202,11.175999999999998,1.28,12.455999999999998,32.864200000000004,0.0,0.6074,0.3779,23225.183900000004,1,4
风电1-光伏4,63,16:00-17:00,17,1,3.75,41.5,45.25,10.107999999999999,0.0,10.107999999999999,35.142,0.0,0.6074,0.3779,23747.939000000002,1,4
风电1-光伏4,63,17:00-18:00,18,1,3.1398,41.5,44.6398,6.3839999999999995,0.0,6.3839999999999995,38.2558,0.0,0.6074,0.3779,24462.5561,1,4
风电1-光伏4,63,18:00-19:00,19,0,2.61,0.0,2.61,6.428000000000001,0.0,6.428000000000001,0.0,3.818000000000001,0.8024,0.3779,31678.859,1,4
风电1-光伏4,63,19:00-20:00,20,0,2.1198,0.0,2.1198,5.736,0.0,5.736,0.0,3.6161999999999996,0.8024,0.3779,31764.5231,1,4
风电1-光伏4,63,20:00-21:00,21,0,1.8599999999999999,0.0,1.8599999999999999,3.752,0.0,3.752,0.0,1.892,0.8024,0.3779,32496.445999999996,1,4
风电1-光伏4,63,21:00-22:00,22,1,1.6301999999999999,41.5,43.1302,3.6919999999999997,0.0,3.6919999999999997,39.4382,0.0,0.6074,0.3779,24733.916900000004,1,4
风电1-光伏4,63,22:00-23:00,23,1,1.56,41.5,43.06,4.88,0.0,4.88,38.18,0.0,0.6074,0.3779,24445.16,1,4
风电1-光伏4,63,23:00-24:00,24,1,1.4802,41.5,42.980199999999996,3.1919999999999997,0.0,3.1919999999999997,39.788199999999996,0.0,0.3424,0.3779,14270.368899999996,1,4
风电1-光伏4,54,0:00-1:00,1,1,1.3698000000000001,41.5,42.8698,9.776,0.0,9.776,33.0938,0.0,0.3424,0.3779,14508.0201,1,4
风电1-光伏4,54,1:00-2:00,2,1,1.0997999999999999,41.5,42.5998,10.904,0.0,10.904,31.695800000000002,0.0,0.3424,0.3779,14557.6491,1,4
风电1-光伏4,54,2:00-3:00,3,1,0.7998000000000001,41.5,42.2998,15.152000000000001,0.0,15.152000000000001,27.147799999999997,0.0,0.3424,0.3779,14719.1031,1,4
风电1-光伏4,54,3:00-4:00,4,1,0.99,41.5,42.49,13.312,0.0,13.312,29.178000000000004,0.0,0.3424,0.3779,14647.031,1,4
风电1-光伏4,54,4:00-5:00,5,1,1.1802000000000001,41.5,42.6802,15.072000000000001,0.0,15.072000000000001,27.608199999999997,0.0,0.3424,0.3779,14702.7589,1,4
风电1-光伏4,54,5:00-6:00,6,1,1.6301999999999999,41.5,43.1302,18.724,0.0,18.724,24.406200000000002,0.0,0.3424,0.3779,14816.429900000001,1,4
风电1-光伏4,54,6:00-7:00,7,1,2.5002,41.5,44.0002,9.628,0.0,9.628,34.3722,0.0,0.3424,0.3779,14462.6369,1,4
风电1-光伏4,54,7:00-8:00,8,1,3.3701999999999996,41.5,44.8702,22.804000000000002,0.0,22.804000000000002,22.066199999999995,0.0,0.6074,0.3779,20747.0429,1,4
风电1-光伏4,54,8:00-9:00,9,1,4.0098,41.5,45.5098,17.852,0.0,17.852,27.657799999999998,0.0,0.6074,0.3779,22030.3151,1,4
风电1-光伏4,54,9:00-10:00,10,1,4.199999999999999,41.5,45.7,14.328000000000001,0.0,14.328000000000001,31.372,0.0,0.6074,0.3779,22882.724000000002,1,4
风电1-光伏4,54,10:00-11:00,11,0,4.1202,0.0,4.1202,11.904,0.0,11.904,0.0,7.7838,0.8024,0.3779,29995.3769,1,4
风电1-光伏4,54,11:00-12:00,12,0,3.9000000000000004,0.0,3.9000000000000004,7.736,1.28,9.016,0.0,5.116,0.8024,0.3779,31127.858,1,4
风电1-光伏4,54,12:00-13:00,13,1,3.2598000000000003,41.5,44.7598,8.556000000000001,5.12,13.676000000000002,31.083799999999997,0.0,0.8024,0.3779,28877.923099999996,1,4
风电1-光伏4,54,13:00-14:00,14,1,2.6898,41.5,44.1898,14.52,7.68,22.2,21.9898,0.0,0.8024,0.3779,25017.520099999998,1,4
风电1-光伏4,54,14:00-15:00,15,0,3.63,0.0,3.63,6.707999999999999,5.12,11.828,0.0,8.198,0.8024,0.3779,29819.549000000003,1,4
风电1-光伏4,54,15:00-16:00,16,1,3.8202000000000003,41.5,45.3202,11.175999999999998,1.28,12.455999999999998,32.864200000000004,0.0,0.6074,0.3779,23225.183900000004,1,4
风电1-光伏4,54,16:00-17:00,17,1,3.75,41.5,45.25,10.107999999999999,0.0,10.107999999999999,35.142,0.0,0.6074,0.3779,23747.939000000002,1,4
风电1-光伏4,54,17:00-18:00,18,1,3.1398,41.5,44.6398,6.3839999999999995,0.0,6.3839999999999995,38.2558,0.0,0.6074,0.3779,24462.5561,1,4
风电1-光伏4,54,18:00-19:00,19,0,2.61,0.0,2.61,6.428000000000001,0.0,6.428000000000001,0.0,3.818000000000001,0.8024,0.3779,31678.859,1,4
风电1-光伏4,54,19:00-20:00,20,0,2.1198,0.0,2.1198,5.736,0.0,5.736,0.0,3.6161999999999996,0.8024,0.3779,31764.5231,1,4
风电1-光伏4,54,20:00-21:00,21,0,1.8599999999999999,0.0,1.8599999999999999,3.752,0.0,3.752,0.0,1.892,0.8024,0.3779,32496.445999999996,1,4
风电1-光伏4,54,21:00-22:00,22,1,1.6301999999999999,41.5,43.1302,3.6919999999999997,0.0,3.6919999999999997,39.4382,0.0,0.6074,0.3779,24733.916900000004,1,4
风电1-光伏4,54,22:00-23:00,23,1,1.56,41.5,43.06,4.88,0.0,4.88,38.18,0.0,0.6074,0.3779,24445.16,1,4
风电1-光伏4,54,23:00-24:00,24,1,1.4802,41.5,42.980199999999996,3.1919999999999997,0.0,3.1919999999999997,39.788199999999996,0.0,0.3424,0.3779,14270.368899999996,1,4
风电1-光伏4,45,0:00-1:00,1,1,1.3698000000000001,41.5,42.8698,9.776,0.0,9.776,33.0938,0.0,0.3424,0.3779,14508.0201,1,4
风电1-光伏4,45,1:00-2:00,2,1,1.0997999999999999,41.5,42.5998,10.904,0.0,10.904,31.695800000000002,0.0,0.3424,0.3779,14557.6491,1,4
风电1-光伏4,45,2:00-3:00,3,1,0.7998000000000001,41.5,42.2998,15.152000000000001,0.0,15.152000000000001,27.147799999999997,0.0,0.3424,0.3779,14719.1031,1,4
风电1-光伏4,45,3:00-4:00,4,1,0.99,41.5,42.49,13.312,0.0,13.312,29.178000000000004,0.0,0.3424,0.3779,14647.031,1,4
风电1-光伏4,45,4:00-5:00,5,1,1.1802000000000001,41.5,42.6802,15.072000000000001,0.0,15.072000000000001,27.608199999999997,0.0,0.3424,0.3779,14702.7589,1,4
风电1-光伏4,45,5:00-6:00,6,1,1.6301999999999999,41.5,43.1302,18.724,0.0,18.724,24.406200000000002,0.0,0.3424,0.3779,14816.429900000001,1,4
风电1-光伏4,45,6:00-7:00,7,1,2.5002,41.5,44.0002,9.628,0.0,9.628,34.3722,0.0,0.3424,0.3779,14462.6369,1,4
风电1-光伏4,45,7:00-8:00,8,1,3.3701999999999996,41.5,44.8702,22.804000000000002,0.0,22.804000000000002,22.066199999999995,0.0,0.6074,0.3779,20747.0429,1,4
风电1-光伏4,45,8:00-9:00,9,1,4.0098,41.5,45.5098,17.852,0.0,17.852,27.657799999999998,0.0,0.6074,0.3779,22030.3151,1,4
风电1-光伏4,45,9:00-10:00,10,1,4.199999999999999,41.5,45.7,14.328000000000001,0.0,14.328000000000001,31.372,0.0,0.6074,0.3779,22882.724000000002,1,4
风电1-光伏4,45,10:00-11:00,11,0,4.1202,0.0,4.1202,11.904,0.0,11.904,0.0,7.7838,0.8024,0.3779,29995.3769,1,4
风电1-光伏4,45,11:00-12:00,12,0,3.9000000000000004,0.0,3.9000000000000004,7.736,1.28,9.016,0.0,5.116,0.8024,0.3779,31127.858,1,4
风电1-光伏4,45,12:00-13:00,13,0,3.2598000000000003,0.0,3.2598000000000003,8.556000000000001,5.12,13.676000000000002,0.0,10.416200000000002,0.8024,0.3779,28877.923099999996,1,4
风电1-光伏4,45,13:00-14:00,14,0,2.6898,0.0,2.6898,14.52,7.68,22.2,0.0,19.510199999999998,0.8024,0.3779,25017.520099999998,1,4
风电1-光伏4,45,14:00-15:00,15,0,3.63,0.0,3.63,6.707999999999999,5.12,11.828,0.0,8.198,0.8024,0.3779,29819.549000000003,1,4
风电1-光伏4,45,15:00-16:00,16,1,3.8202000000000003,41.5,45.3202,11.175999999999998,1.28,12.455999999999998,32.864200000000004,0.0,0.6074,0.3779,23225.183900000004,1,4
风电1-光伏4,45,16:00-17:00,17,1,3.75,41.5,45.25,10.107999999999999,0.0,10.107999999999999,35.142,0.0,0.6074,0.3779,23747.939000000002,1,4
风电1-光伏4,45,17:00-18:00,18,1,3.1398,41.5,44.6398,6.3839999999999995,0.0,6.3839999999999995,38.2558,0.0,0.6074,0.3779,24462.5561,1,4
风电1-光伏4,45,18:00-19:00,19,0,2.61,0.0,2.61,6.428000000000001,0.0,6.428000000000001,0.0,3.818000000000001,0.8024,0.3779,31678.859,1,4
风电1-光伏4,45,19:00-20:00,20,0,2.1198,0.0,2.1198,5.736,0.0,5.736,0.0,3.6161999999999996,0.8024,0.3779,31764.5231,1,4
风电1-光伏4,45,20:00-21:00,21,0,1.8599999999999999,0.0,1.8599999999999999,3.752,0.0,3.752,0.0,1.892,0.8024,0.3779,32496.445999999996,1,4
风电1-光伏4,45,21:00-22:00,22,0,1.6301999999999999,0.0,1.6301999999999999,3.6919999999999997,0.0,3.6919999999999997,0.0,2.0618,0.6074,0.3779,24733.916900000004,1,4
风电1-光伏4,45,22:00-23:00,23,1,1.56,41.5,43.06,4.88,0.0,4.88,38.18,0.0,0.6074,0.3779,24445.16,1,4
风电1-光伏4,45,23:00-24:00,24,1,1.4802,41.5,42.980199999999996,3.1919999999999997,0.0,3.1919999999999997,39.788199999999996,0.0,0.3424,0.3779,14270.368899999996,1,4
风电1-光伏4,36,0:00-1:00,1,1,1.3698000000000001,41.5,42.8698,9.776,0.0,9.776,33.0938,0.0,0.3424,0.3779,14508.0201,1,4
风电1-光伏4,36,1:00-2:00,2,1,1.0997999999999999,41.5,42.5998,10.904,0.0,10.904,31.695800000000002,0.0,0.3424,0.3779,14557.6491,1,4
风电1-光伏4,36,2:00-3:00,3,1,0.7998000000000001,41.5,42.2998,15.152000000000001,0.0,15.152000000000001,27.147799999999997,0.0,0.3424,0.3779,14719.1031,1,4
风电1-光伏4,36,3:00-4:00,4,1,0.99,41.5,42.49,13.312,0.0,13.312,29.178000000000004,0.0,0.3424,0.3779,14647.031,1,4
风电1-光伏4,36,4:00-5:00,5,1,1.1802000000000001,41.5,42.6802,15.072000000000001,0.0,15.072000000000001,27.608199999999997,0.0,0.3424,0.3779,14702.7589,1,4
风电1-光伏4,36,5:00-6:00,6,1,1.6301999999999999,41.5,43.1302,18.724,0.0,18.724,24.406200000000002,0.0,0.3424,0.3779,14816.429900000001,1,4
风电1-光伏4,36,6:00-7:00,7,1,2.5002,41.5,44.0002,9.628,0.0,9.628,34.3722,0.0,0.3424,0.3779,14462.6369,1,4
风电1-光伏4,36,7:00-8:00,8,1,3.3701999999999996,41.5,44.8702,22.804000000000002,0.0,22.804000000000002,22.066199999999995,0.0,0.6074,0.3779,20747.0429,1,4
风电1-光伏4,36,8:00-9:00,9,1,4.0098,41.5,45.5098,17.852,0.0,17.852,27.657799999999998,0.0,0.6074,0.3779,22030.3151,1,4
风电1-光伏4,36,9:00-10:00,10,1,4.199999999999999,41.5,45.7,14.328000000000001,0.0,14.328000000000001,31.372,0.0,0.6074,0.3779,22882.724000000002,1,4
风电1-光伏4,36,10:00-11:00,11,0,4.1202,0.0,4.1202,11.904,0.0,11.904,0.0,7.7838,0.8024,0.3779,29995.3769,1,4
风电1-光伏4,36,11:00-12:00,12,0,3.9000000000000004,0.0,3.9000000000000004,7.736,1.28,9.016,0.0,5.116,0.8024,0.3779,31127.858,1,4
风电1-光伏4,36,12:00-13:00,13,0,3.2598000000000003,0.0,3.2598000000000003,8.556000000000001,5.12,13.676000000000002,0.0,10.416200000000002,0.8024,0.3779,28877.923099999996,1,4
风电1-光伏4,36,13:00-14:00,14,0,2.6898,0.0,2.6898,14.52,7.68,22.2,0.0,19.510199999999998,0.8024,0.3779,25017.520099999998,1,4
风电1-光伏4,36,14:00-15:00,15,0,3.63,0.0,3.63,6.707999999999999,5.12,11.828,0.0,8.198,0.8024,0.3779,29819.549000000003,1,4
风电1-光伏4,36,15:00-16:00,16,1,3.8202000000000003,41.5,45.3202,11.175999999999998,1.28,12.455999999999998,32.864200000000004,0.0,0.6074,0.3779,23225.183900000004,1,4
风电1-光伏4,36,16:00-17:00,17,0,3.75,0.0,3.75,10.107999999999999,0.0,10.107999999999999,0.0,6.357999999999999,0.6074,0.3779,23747.939000000002,1,4
风电1-光伏4,36,17:00-18:00,18,0,3.1398,0.0,3.1398,6.3839999999999995,0.0,6.3839999999999995,0.0,3.2441999999999993,0.6074,0.3779,24462.5561,1,4
风电1-光伏4,36,18:00-19:00,19,0,2.61,0.0,2.61,6.428000000000001,0.0,6.428000000000001,0.0,3.818000000000001,0.8024,0.3779,31678.859,1,4
风电1-光伏4,36,19:00-20:00,20,0,2.1198,0.0,2.1198,5.736,0.0,5.736,0.0,3.6161999999999996,0.8024,0.3779,31764.5231,1,4
风电1-光伏4,36,20:00-21:00,21,0,1.8599999999999999,0.0,1.8599999999999999,3.752,0.0,3.752,0.0,1.892,0.8024,0.3779,32496.445999999996,1,4
风电1-光伏4,36,21:00-22:00,22,0,1.6301999999999999,0.0,1.6301999999999999,3.6919999999999997,0.0,3.6919999999999997,0.0,2.0618,0.6074,0.3779,24733.916900000004,1,4
风电1-光伏4,36,22:00-23:00,23,0,1.56,0.0,1.56,4.88,0.0,4.88,0.0,3.32,0.6074,0.3779,24445.16,1,4
风电1-光伏4,36,23:00-24:00,24,1,1.4802,41.5,42.980199999999996,3.1919999999999997,0.0,3.1919999999999997,39.788199999999996,0.0,0.3424,0.3779,14270.368899999996,1,4
风电2-光伏1,72,0:00-1:00,1,1,1.3698000000000001,41.5,42.8698,5.312,0.0,5.312,37.5578,0.0,0.3424,0.3779,14349.5481,2,1
风电2-光伏1,72,1:00-2:00,2,1,1.0997999999999999,41.5,42.5998,8.5,0.0,8.5,34.0998,0.0,0.3424,0.3779,14472.3071,2,1
风电2-光伏1,72,2:00-3:00,3,1,0.7998000000000001,41.5,42.2998,9.379999999999999,0.0,9.379999999999999,32.919799999999995,0.0,0.3424,0.3779,14514.197099999998,2,1
风电2-光伏1,72,3:00-4:00,4,1,0.99,41.5,42.49,10.304,0.0,10.304,32.186,0.0,0.3424,0.3779,14540.247,2,1
风电2-光伏1,72,4:00-5:00,5,1,1.1802000000000001,41.5,42.6802,9.9,0.0,9.9,32.7802,0.0,0.3424,0.3779,14519.1529,2,1
风电2-光伏1,72,5:00-6:00,6,1,1.6301999999999999,41.5,43.1302,9.62,0.0,9.62,33.510200000000005,0.0,0.3424,0.3779,14493.237900000002,2,1
风电2-光伏1,72,6:00-7:00,7,1,2.5002,41.5,44.0002,9.14,14.08,23.22,20.7802,0.0,0.3424,0.3779,14945.152900000001,2,1
风电2-光伏1,72,7:00-8:00,8,1,3.3701999999999996,41.5,44.8702,7.640000000000001,25.6,33.24,11.630199999999995,0.0,0.6074,0.3779,18351.9809,2,1
风电2-光伏1,72,8:00-9:00,9,1,4.0098,41.5,45.5098,4.748,37.12,41.867999999999995,3.6418000000000035,0.0,0.6074,0.3779,16518.6431,2,1
风电2-光伏1,72,9:00-10:00,10,1,4.199999999999999,41.5,45.7,4.859999999999999,46.08,50.94,0.0,5.239999999999995,0.6074,0.3779,15682.85,2,1
风电2-光伏1,72,10:00-11:00,11,1,4.1202,41.5,45.6202,5.335999999999999,52.48,57.815999999999995,0.0,12.195799999999998,0.8024,0.3779,15682.850000000002,2,1
风电2-光伏1,72,11:00-12:00,12,1,3.9000000000000004,41.5,45.4,4.292,55.04,59.332,0.0,13.932000000000002,0.8024,0.3779,15682.849999999999,2,1
风电2-光伏1,72,12:00-13:00,13,1,3.2598000000000003,41.5,44.7598,4.168,56.32,60.488,0.0,15.728200000000001,0.8024,0.3779,15682.850000000002,2,1
风电2-光伏1,72,13:00-14:00,14,1,2.6898,41.5,44.1898,6.787999999999999,56.32,63.108,0.0,18.9182,0.8024,0.3779,15682.849999999999,2,1
风电2-光伏1,72,14:00-15:00,15,1,3.63,41.5,45.13,8.364,52.48,60.843999999999994,0.0,15.713999999999992,0.8024,0.3779,15682.85,2,1
风电2-光伏1,72,15:00-16:00,16,1,3.8202000000000003,41.5,45.3202,8.404,44.8,53.20399999999999,0.0,7.883799999999994,0.6074,0.3779,15682.85,2,1
风电2-光伏1,72,16:00-17:00,17,1,3.75,41.5,45.25,5.896,33.28,39.176,6.073999999999998,0.0,0.6074,0.3779,17076.833,2,1
风电2-光伏1,72,17:00-18:00,18,1,3.1398,41.5,44.6398,6.6080000000000005,24.32,30.928,13.7118,0.0,0.6074,0.3779,18829.708100000003,2,1
风电2-光伏1,72,18:00-19:00,19,1,2.61,41.5,44.11,6.252,11.52,17.772,26.338,0.0,0.8024,0.3779,26863.331,2,1
风电2-光伏1,72,19:00-20:00,20,1,2.1198,41.5,43.6198,4.312,0.0,4.312,39.3078,0.0,0.8024,0.3779,32369.011099999996,2,1
风电2-光伏1,72,20:00-21:00,21,1,1.8599999999999999,41.5,43.36,2.3280000000000003,0.0,2.3280000000000003,41.032,0.0,0.8024,0.3779,33100.933999999994,2,1
风电2-光伏1,72,21:00-22:00,22,1,1.6301999999999999,41.5,43.1302,1.492,0.0,1.492,41.638200000000005,0.0,0.6074,0.3779,25207.100000000002,2,1
风电2-光伏1,72,22:00-23:00,23,1,1.56,41.5,43.06,2.124,0.0,2.124,40.936,0.0,0.6074,0.3779,25077.662000000004,2,1
风电2-光伏1,72,23:00-24:00,24,1,1.4802,41.5,42.980199999999996,3.6959999999999997,0.0,3.6959999999999997,39.2842,0.0,0.3424,0.3779,14288.260899999997,2,1
风电2-光伏1,63,0:00-1:00,1,1,1.3698000000000001,41.5,42.8698,5.312,0.0,5.312,37.5578,0.0,0.3424,0.3779,14349.5481,2,1
风电2-光伏1,63,1:00-2:00,2,1,1.0997999999999999,41.5,42.5998,8.5,0.0,8.5,34.0998,0.0,0.3424,0.3779,14472.3071,2,1
风电2-光伏1,63,2:00-3:00,3,1,0.7998000000000001,41.5,42.2998,9.379999999999999,0.0,9.379999999999999,32.919799999999995,0.0,0.3424,0.3779,14514.197099999998,2,1
风电2-光伏1,63,3:00-4:00,4,1,0.99,41.5,42.49,10.304,0.0,10.304,32.186,0.0,0.3424,0.3779,14540.247,2,1
风电2-光伏1,63,4:00-5:00,5,1,1.1802000000000001,41.5,42.6802,9.9,0.0,9.9,32.7802,0.0,0.3424,0.3779,14519.1529,2,1
风电2-光伏1,63,5:00-6:00,6,1,1.6301999999999999,41.5,43.1302,9.62,0.0,9.62,33.510200000000005,0.0,0.3424,0.3779,14493.237900000002,2,1
风电2-光伏1,63,6:00-7:00,7,1,2.5002,41.5,44.0002,9.14,14.08,23.22,20.7802,0.0,0.3424,0.3779,14945.152900000001,2,1
风电2-光伏1,63,7:00-8:00,8,1,3.3701999999999996,41.5,44.8702,7.640000000000001,25.6,33.24,11.630199999999995,0.0,0.6074,0.3779,18351.9809,2,1
风电2-光伏1,63,8:00-9:00,9,1,4.0098,41.5,45.5098,4.748,37.12,41.867999999999995,3.6418000000000035,0.0,0.6074,0.3779,16518.6431,2,1
风电2-光伏1,63,9:00-10:00,10,1,4.199999999999999,41.5,45.7,4.859999999999999,46.08,50.94,0.0,5.239999999999995,0.6074,0.3779,15682.85,2,1
风电2-光伏1,63,10:00-11:00,11,1,4.1202,41.5,45.6202,5.335999999999999,52.48,57.815999999999995,0.0,12.195799999999998,0.8024,0.3779,15682.850000000002,2,1
风电2-光伏1,63,11:00-12:00,12,1,3.9000000000000004,41.5,45.4,4.292,55.04,59.332,0.0,13.932000000000002,0.8024,0.3779,15682.849999999999,2,1
风电2-光伏1,63,12:00-13:00,13,1,3.2598000000000003,41.5,44.7598,4.168,56.32,60.488,0.0,15.728200000000001,0.8024,0.3779,15682.850000000002,2,1
风电2-光伏1,63,13:00-14:00,14,1,2.6898,41.5,44.1898,6.787999999999999,56.32,63.108,0.0,18.9182,0.8024,0.3779,15682.849999999999,2,1
风电2-光伏1,63,14:00-15:00,15,1,3.63,41.5,45.13,8.364,52.48,60.843999999999994,0.0,15.713999999999992,0.8024,0.3779,15682.85,2,1
风电2-光伏1,63,15:00-16:00,16,1,3.8202000000000003,41.5,45.3202,8.404,44.8,53.20399999999999,0.0,7.883799999999994,0.6074,0.3779,15682.85,2,1
风电2-光伏1,63,16:00-17:00,17,1,3.75,41.5,45.25,5.896,33.28,39.176,6.073999999999998,0.0,0.6074,0.3779,17076.833,2,1
风电2-光伏1,63,17:00-18:00,18,1,3.1398,41.5,44.6398,6.6080000000000005,24.32,30.928,13.7118,0.0,0.6074,0.3779,18829.708100000003,2,1
风电2-光伏1,63,18:00-19:00,19,0,2.61,0.0,2.61,6.252,11.52,17.772,0.0,15.161999999999999,0.8024,0.3779,26863.331,2,1
风电2-光伏1,63,19:00-20:00,20,0,2.1198,0.0,2.1198,4.312,0.0,4.312,0.0,2.1922,0.8024,0.3779,32369.011099999996,2,1
风电2-光伏1,63,20:00-21:00,21,0,1.8599999999999999,0.0,1.8599999999999999,2.3280000000000003,0.0,2.3280000000000003,0.0,0.4680000000000004,0.8024,0.3779,33100.933999999994,2,1
风电2-光伏1,63,21:00-22:00,22,1,1.6301999999999999,41.5,43.1302,1.492,0.0,1.492,41.638200000000005,0.0,0.6074,0.3779,25207.100000000002,2,1
风电2-光伏1,63,22:00-23:00,23,1,1.56,41.5,43.06,2.124,0.0,2.124,40.936,0.0,0.6074,0.3779,25077.662000000004,2,1
风电2-光伏1,63,23:00-24:00,24,1,1.4802,41.5,42.980199999999996,3.6959999999999997,0.0,3.6959999999999997,39.2842,0.0,0.3424,0.3779,14288.260899999997,2,1
风电2-光伏1,54,0:00-1:00,1,1,1.3698000000000001,41.5,42.8698,5.312,0.0,5.312,37.5578,0.0,0.3424,0.3779,14349.5481,2,1
风电2-光伏1,54,1:00-2:00,2,1,1.0997999999999999,41.5,42.5998,8.5,0.0,8.5,34.0998,0.0,0.3424,0.3779,14472.3071,2,1
风电2-光伏1,54,2:00-3:00,3,1,0.7998000000000001,41.5,42.2998,9.379999999999999,0.0,9.379999999999999,32.919799999999995,0.0,0.3424,0.3779,14514.197099999998,2,1
风电2-光伏1,54,3:00-4:00,4,1,0.99,41.5,42.49,10.304,0.0,10.304,32.186,0.0,0.3424,0.3779,14540.247,2,1
风电2-光伏1,54,4:00-5:00,5,1,1.1802000000000001,41.5,42.6802,9.9,0.0,9.9,32.7802,0.0,0.3424,0.3779,14519.1529,2,1
风电2-光伏1,54,5:00-6:00,6,1,1.6301999999999999,41.5,43.1302,9.62,0.0,9.62,33.510200000000005,0.0,0.3424,0.3779,14493.237900000002,2,1
风电2-光伏1,54,6:00-7:00,7,1,2.5002,41.5,44.0002,9.14,14.08,23.22,20.7802,0.0,0.3424,0.3779,14945.152900000001,2,1
风电2-光伏1,54,7:00-8:00,8,1,3.3701999999999996,41.5,44.8702,7.640000000000001,25.6,33.24,11.630199999999995,0.0,0.6074,0.3779,18351.9809,2,1
风电2-光伏1,54,8:00-9:00,9,1,4.0098,41.5,45.5098,4.748,37.12,41.867999999999995,3.6418000000000035,0.0,0.6074,0.3779,16518.6431,2,1
风电2-光伏1,54,9:00-10:00,10,1,4.199999999999999,41.5,45.7,4.859999999999999,46.08,50.94,0.0,5.239999999999995,0.6074,0.3779,15682.85,2,1
风电2-光伏1,54,10:00-11:00,11,1,4.1202,41.5,45.6202,5.335999999999999,52.48,57.815999999999995,0.0,12.195799999999998,0.8024,0.3779,15682.850000000002,2,1
风电2-光伏1,54,11:00-12:00,12,1,3.9000000000000004,41.5,45.4,4.292,55.04,59.332,0.0,13.932000000000002,0.8024,0.3779,15682.849999999999,2,1
风电2-光伏1,54,12:00-13:00,13,1,3.2598000000000003,41.5,44.7598,4.168,56.32,60.488,0.0,15.728200000000001,0.8024,0.3779,15682.850000000002,2,1
风电2-光伏1,54,13:00-14:00,14,1,2.6898,41.5,44.1898,6.787999999999999,56.32,63.108,0.0,18.9182,0.8024,0.3779,15682.849999999999,2,1
风电2-光伏1,54,14:00-15:00,15,1,3.63,41.5,45.13,8.364,52.48,60.843999999999994,0.0,15.713999999999992,0.8024,0.3779,15682.85,2,1
风电2-光伏1,54,15:00-16:00,16,1,3.8202000000000003,41.5,45.3202,8.404,44.8,53.20399999999999,0.0,7.883799999999994,0.6074,0.3779,15682.85,2,1
风电2-光伏1,54,16:00-17:00,17,1,3.75,41.5,45.25,5.896,33.28,39.176,6.073999999999998,0.0,0.6074,0.3779,17076.833,2,1
风电2-光伏1,54,17:00-18:00,18,0,3.1398,0.0,3.1398,6.6080000000000005,24.32,30.928,0.0,27.7882,0.6074,0.3779,18829.708100000003,2,1
风电2-光伏1,54,18:00-19:00,19,0,2.61,0.0,2.61,6.252,11.52,17.772,0.0,15.161999999999999,0.8024,0.3779,26863.331,2,1
风电2-光伏1,54,19:00-20:00,20,0,2.1198,0.0,2.1198,4.312,0.0,4.312,0.0,2.1922,0.8024,0.3779,32369.011099999996,2,1
风电2-光伏1,54,20:00-21:00,21,0,1.8599999999999999,0.0,1.8599999999999999,2.3280000000000003,0.0,2.3280000000000003,0.0,0.4680000000000004,0.8024,0.3779,33100.933999999994,2,1
风电2-光伏1,54,21:00-22:00,22,0,1.6301999999999999,0.0,1.6301999999999999,1.492,0.0,1.492,0.13819999999999988,0.0,0.6074,0.3779,25207.100000000002,2,1
风电2-光伏1,54,22:00-23:00,23,0,1.56,0.0,1.56,2.124,0.0,2.124,0.0,0.5640000000000001,0.6074,0.3779,25077.662000000004,2,1
风电2-光伏1,54,23:00-24:00,24,1,1.4802,41.5,42.980199999999996,3.6959999999999997,0.0,3.6959999999999997,39.2842,0.0,0.3424,0.3779,14288.260899999997,2,1
风电2-光伏1,45,0:00-1:00,1,1,1.3698000000000001,41.5,42.8698,5.312,0.0,5.312,37.5578,0.0,0.3424,0.3779,14349.5481,2,1
风电2-光伏1,45,1:00-2:00,2,1,1.0997999999999999,41.5,42.5998,8.5,0.0,8.5,34.0998,0.0,0.3424,0.3779,14472.3071,2,1
风电2-光伏1,45,2:00-3:00,3,1,0.7998000000000001,41.5,42.2998,9.379999999999999,0.0,9.379999999999999,32.919799999999995,0.0,0.3424,0.3779,14514.197099999998,2,1
风电2-光伏1,45,3:00-4:00,4,1,0.99,41.5,42.49,10.304,0.0,10.304,32.186,0.0,0.3424,0.3779,14540.247,2,1
风电2-光伏1,45,4:00-5:00,5,1,1.1802000000000001,41.5,42.6802,9.9,0.0,9.9,32.7802,0.0,0.3424,0.3779,14519.1529,2,1
风电2-光伏1,45,5:00-6:00,6,1,1.6301999999999999,41.5,43.1302,9.62,0.0,9.62,33.510200000000005,0.0,0.3424,0.3779,14493.237900000002,2,1
风电2-光伏1,45,6:00-7:00,7,1,2.5002,41.5,44.0002,9.14,14.08,23.22,20.7802,0.0,0.3424,0.3779,14945.152900000001,2,1
风电2-光伏1,45,7:00-8:00,8,0,3.3701999999999996,0.0,3.3701999999999996,7.640000000000001,25.6,33.24,0.0,29.8698,0.6074,0.3779,18351.9809,2,1
风电2-光伏1,45,8:00-9:00,9,0,4.0098,0.0,4.0098,4.748,37.12,41.867999999999995,0.0,37.8582,0.6074,0.3779,16518.6431,2,1
风电2-光伏1,45,9:00-10:00,10,1,4.199999999999999,41.5,45.7,4.859999999999999,46.08,50.94,0.0,5.239999999999995,0.6074,0.3779,15682.85,2,1
风电2-光伏1,45,10:00-11:00,11,1,4.1202,41.5,45.6202,5.335999999999999,52.48,57.815999999999995,0.0,12.195799999999998,0.8024,0.3779,15682.850000000002,2,1
风电2-光伏1,45,11:00-12:00,12,1,3.9000000000000004,41.5,45.4,4.292,55.04,59.332,0.0,13.932000000000002,0.8024,0.3779,15682.849999999999,2,1
风电2-光伏1,45,12:00-13:00,13,1,3.2598000000000003,41.5,44.7598,4.168,56.32,60.488,0.0,15.728200000000001,0.8024,0.3779,15682.850000000002,2,1
风电2-光伏1,45,13:00-14:00,14,1,2.6898,41.5,44.1898,6.787999999999999,56.32,63.108,0.0,18.9182,0.8024,0.3779,15682.849999999999,2,1
风电2-光伏1,45,14:00-15:00,15,1,3.63,41.5,45.13,8.364,52.48,60.843999999999994,0.0,15.713999999999992,0.8024,0.3779,15682.85,2,1
风电2-光伏1,45,15:00-16:00,16,1,3.8202000000000003,41.5,45.3202,8.404,44.8,53.20399999999999,0.0,7.883799999999994,0.6074,0.3779,15682.85,2,1
风电2-光伏1,45,16:00-17:00,17,0,3.75,0.0,3.75,5.896,33.28,39.176,0.0,35.426,0.6074,0.3779,17076.833,2,1
风电2-光伏1,45,17:00-18:00,18,0,3.1398,0.0,3.1398,6.6080000000000005,24.32,30.928,0.0,27.7882,0.6074,0.3779,18829.708100000003,2,1
风电2-光伏1,45,18:00-19:00,19,0,2.61,0.0,2.61,6.252,11.52,17.772,0.0,15.161999999999999,0.8024,0.3779,26863.331,2,1
风电2-光伏1,45,19:00-20:00,20,0,2.1198,0.0,2.1198,4.312,0.0,4.312,0.0,2.1922,0.8024,0.3779,32369.011099999996,2,1
风电2-光伏1,45,20:00-21:00,21,0,1.8599999999999999,0.0,1.8599999999999999,2.3280000000000003,0.0,2.3280000000000003,0.0,0.4680000000000004,0.8024,0.3779,33100.933999999994,2,1
风电2-光伏1,45,21:00-22:00,22,0,1.6301999999999999,0.0,1.6301999999999999,1.492,0.0,1.492,0.13819999999999988,0.0,0.6074,0.3779,25207.100000000002,2,1
风电2-光伏1,45,22:00-23:00,23,0,1.56,0.0,1.56,2.124,0.0,2.124,0.0,0.5640000000000001,0.6074,0.3779,25077.662000000004,2,1
风电2-光伏1,45,23:00-24:00,24,1,1.4802,41.5,42.980199999999996,3.6959999999999997,0.0,3.6959999999999997,39.2842,0.0,0.3424,0.3779,14288.260899999997,2,1
风电2-光伏1,36,0:00-1:00,1,1,1.3698000000000001,41.5,42.8698,5.312,0.0,5.312,37.5578,0.0,0.3424,0.3779,14349.5481,2,1
风电2-光伏1,36,1:00-2:00,2,1,1.0997999999999999,41.5,42.5998,8.5,0.0,8.5,34.0998,0.0,0.3424,0.3779,14472.3071,2,1
风电2-光伏1,36,2:00-3:00,3,1,0.7998000000000001,41.5,42.2998,9.379999999999999,0.0,9.379999999999999,32.919799999999995,0.0,0.3424,0.3779,14514.197099999998,2,1
风电2-光伏1,36,3:00-4:00,4,1,0.99,41.5,42.49,10.304,0.0,10.304,32.186,0.0,0.3424,0.3779,14540.247,2,1
风电2-光伏1,36,4:00-5:00,5,1,1.1802000000000001,41.5,42.6802,9.9,0.0,9.9,32.7802,0.0,0.3424,0.3779,14519.1529,2,1
风电2-光伏1,36,5:00-6:00,6,1,1.6301999999999999,41.5,43.1302,9.62,0.0,9.62,33.510200000000005,0.0,0.3424,0.3779,14493.237900000002,2,1
风电2-光伏1,36,6:00-7:00,7,1,2.5002,41.5,44.0002,9.14,14.08,23.22,20.7802,0.0,0.3424,0.3779,14945.152900000001,2,1
风电2-光伏1,36,7:00-8:00,8,0,3.3701999999999996,0.0,3.3701999999999996,7.640000000000001,25.6,33.24,0.0,29.8698,0.6074,0.3779,18351.9809,2,1
风电2-光伏1,36,8:00-9:00,9,0,4.0098,0.0,4.0098,4.748,37.12,41.867999999999995,0.0,37.8582,0.6074,0.3779,16518.6431,2,1
风电2-光伏1,36,9:00-10:00,10,0,4.199999999999999,0.0,4.199999999999999,4.859999999999999,46.08,50.94,0.0,46.739999999999995,0.6074,0.3779,15682.85,2,1
风电2-光伏1,36,10:00-11:00,11,0,4.1202,0.0,4.1202,5.335999999999999,52.48,57.815999999999995,0.0,53.6958,0.8024,0.3779,15682.850000000002,2,1
风电2-光伏1,36,11:00-12:00,12,0,3.9000000000000004,0.0,3.9000000000000004,4.292,55.04,59.332,0.0,55.432,0.8024,0.3779,15682.849999999999,2,1
风电2-光伏1,36,12:00-13:00,13,1,3.2598000000000003,41.5,44.7598,4.168,56.32,60.488,0.0,15.728200000000001,0.8024,0.3779,15682.850000000002,2,1
风电2-光伏1,36,13:00-14:00,14,1,2.6898,41.5,44.1898,6.787999999999999,56.32,63.108,0.0,18.9182,0.8024,0.3779,15682.849999999999,2,1
风电2-光伏1,36,14:00-15:00,15,1,3.63,41.5,45.13,8.364,52.48,60.843999999999994,0.0,15.713999999999992,0.8024,0.3779,15682.85,2,1
风电2-光伏1,36,15:00-16:00,16,1,3.8202000000000003,41.5,45.3202,8.404,44.8,53.20399999999999,0.0,7.883799999999994,0.6074,0.3779,15682.85,2,1
风电2-光伏1,36,16:00-17:00,17,0,3.75,0.0,3.75,5.896,33.28,39.176,0.0,35.426,0.6074,0.3779,17076.833,2,1
风电2-光伏1,36,17:00-18:00,18,0,3.1398,0.0,3.1398,6.6080000000000005,24.32,30.928,0.0,27.7882,0.6074,0.3779,18829.708100000003,2,1
风电2-光伏1,36,18:00-19:00,19,0,2.61,0.0,2.61,6.252,11.52,17.772,0.0,15.161999999999999,0.8024,0.3779,26863.331,2,1
风电2-光伏1,36,19:00-20:00,20,0,2.1198,0.0,2.1198,4.312,0.0,4.312,0.0,2.1922,0.8024,0.3779,32369.011099999996,2,1
风电2-光伏1,36,20:00-21:00,21,0,1.8599999999999999,0.0,1.8599999999999999,2.3280000000000003,0.0,2.3280000000000003,0.0,0.4680000000000004,0.8024,0.3779,33100.933999999994,2,1
风电2-光伏1,36,21:00-22:00,22,0,1.6301999999999999,0.0,1.6301999999999999,1.492,0.0,1.492,0.13819999999999988,0.0,0.6074,0.3779,25207.100000000002,2,1
风电2-光伏1,36,22:00-23:00,23,0,1.56,0.0,1.56,2.124,0.0,2.124,0.0,0.5640000000000001,0.6074,0.3779,25077.662000000004,2,1
风电2-光伏1,36,23:00-24:00,24,1,1.4802,41.5,42.980199999999996,3.6959999999999997,0.0,3.6959999999999997,39.2842,0.0,0.3424,0.3779,14288.260899999997,2,1
风电2-光伏2,72,0:00-1:00,1,1,1.3698000000000001,41.5,42.8698,5.312,0.0,5.312,37.5578,0.0,0.3424,0.3779,14349.5481,2,2
风电2-光伏2,72,1:00-2:00,2,1,1.0997999999999999,41.5,42.5998,8.5,0.0,8.5,34.0998,0.0,0.3424,0.3779,14472.3071,2,2
风电2-光伏2,72,2:00-3:00,3,1,0.7998000000000001,41.5,42.2998,9.379999999999999,0.0,9.379999999999999,32.919799999999995,0.0,0.3424,0.3779,14514.197099999998,2,2
风电2-光伏2,72,3:00-4:00,4,1,0.99,41.5,42.49,10.304,0.0,10.304,32.186,0.0,0.3424,0.3779,14540.247,2,2
风电2-光伏2,72,4:00-5:00,5,1,1.1802000000000001,41.5,42.6802,9.9,0.0,9.9,32.7802,0.0,0.3424,0.3779,14519.1529,2,2
风电2-光伏2,72,5:00-6:00,6,1,1.6301999999999999,41.5,43.1302,9.62,0.0,9.62,33.510200000000005,0.0,0.3424,0.3779,14493.237900000002,2,2
风电2-光伏2,72,6:00-7:00,7,1,2.5002,41.5,44.0002,9.14,0.0,9.14,34.8602,0.0,0.3424,0.3779,14445.3129,2,2
风电2-光伏2,72,7:00-8:00,8,1,3.3701999999999996,41.5,44.8702,7.640000000000001,3.2,10.84,34.030199999999994,0.0,0.6074,0.3779,23492.780899999998,2,2
风电2-光伏2,72,8:00-9:00,9,1,4.0098,41.5,45.5098,4.748,10.88,15.628,29.8818,0.0,0.6074,0.3779,22540.723100000003,2,2
风电2-光伏2,72,9:00-10:00,10,1,4.199999999999999,41.5,45.7,4.859999999999999,17.92,22.78,22.92,0.0,0.6074,0.3779,20942.99,2,2
风电2-光伏2,72,10:00-11:00,11,1,4.1202,41.5,45.6202,5.335999999999999,24.96,30.296,15.324199999999998,0.0,0.8024,0.3779,22187.9729,2,2
风电2-光伏2,72,11:00-12:00,12,1,3.9000000000000004,41.5,45.4,4.292,31.36,35.652,9.747999999999998,0.0,0.8024,0.3779,19820.876,2,2
风电2-光伏2,72,12:00-13:00,13,1,3.2598000000000003,41.5,44.7598,4.168,35.84,40.008,4.751799999999996,0.0,0.8024,0.3779,17699.9891,2,2
风电2-光伏2,72,13:00-14:00,14,1,2.6898,41.5,44.1898,6.787999999999999,37.12,43.907999999999994,0.28180000000000405,0.0,0.8024,0.3779,15802.474100000001,2,2
风电2-光伏2,72,14:00-15:00,15,1,3.63,41.5,45.13,8.364,32.0,40.364000000000004,4.765999999999998,0.0,0.8024,0.3779,17706.017,2,2
风电2-光伏2,72,15:00-16:00,16,1,3.8202000000000003,41.5,45.3202,8.404,25.6,34.004000000000005,11.316199999999995,0.0,0.6074,0.3779,18279.9179,2,2
风电2-光伏2,72,16:00-17:00,17,1,3.75,41.5,45.25,5.896,19.2,25.096,20.154,0.0,0.6074,0.3779,20308.193000000003,2,2
风电2-光伏2,72,17:00-18:00,18,1,3.1398,41.5,44.6398,6.6080000000000005,9.6,16.208,28.431800000000003,0.0,0.6074,0.3779,22207.9481,2,2
风电2-光伏2,72,18:00-19:00,19,1,2.61,41.5,44.11,6.252,3.2,9.452,34.658,0.0,0.8024,0.3779,30395.171000000002,2,2
风电2-光伏2,72,19:00-20:00,20,1,2.1198,41.5,43.6198,4.312,0.0,4.312,39.3078,0.0,0.8024,0.3779,32369.011099999996,2,2
风电2-光伏2,72,20:00-21:00,21,1,1.8599999999999999,41.5,43.36,2.3280000000000003,0.0,2.3280000000000003,41.032,0.0,0.8024,0.3779,33100.933999999994,2,2
风电2-光伏2,72,21:00-22:00,22,1,1.6301999999999999,41.5,43.1302,1.492,0.0,1.492,41.638200000000005,0.0,0.6074,0.3779,25207.100000000002,2,2
风电2-光伏2,72,22:00-23:00,23,1,1.56,41.5,43.06,2.124,0.0,2.124,40.936,0.0,0.6074,0.3779,25077.662000000004,2,2
风电2-光伏2,72,23:00-24:00,24,1,1.4802,41.5,42.980199999999996,3.6959999999999997,0.0,3.6959999999999997,39.2842,0.0,0.3424,0.3779,14288.260899999997,2,2
风电2-光伏2,63,0:00-1:00,1,1,1.3698000000000001,41.5,42.8698,5.312,0.0,5.312,37.5578,0.0,0.3424,0.3779,14349.5481,2,2
风电2-光伏2,63,1:00-2:00,2,1,1.0997999999999999,41.5,42.5998,8.5,0.0,8.5,34.0998,0.0,0.3424,0.3779,14472.3071,2,2
风电2-光伏2,63,2:00-3:00,3,1,0.7998000000000001,41.5,42.2998,9.379999999999999,0.0,9.379999999999999,32.919799999999995,0.0,0.3424,0.3779,14514.197099999998,2,2
风电2-光伏2,63,3:00-4:00,4,1,0.99,41.5,42.49,10.304,0.0,10.304,32.186,0.0,0.3424,0.3779,14540.247,2,2
风电2-光伏2,63,4:00-5:00,5,1,1.1802000000000001,41.5,42.6802,9.9,0.0,9.9,32.7802,0.0,0.3424,0.3779,14519.1529,2,2
风电2-光伏2,63,5:00-6:00,6,1,1.6301999999999999,41.5,43.1302,9.62,0.0,9.62,33.510200000000005,0.0,0.3424,0.3779,14493.237900000002,2,2
风电2-光伏2,63,6:00-7:00,7,1,2.5002,41.5,44.0002,9.14,0.0,9.14,34.8602,0.0,0.3424,0.3779,14445.3129,2,2
风电2-光伏2,63,7:00-8:00,8,1,3.3701999999999996,41.5,44.8702,7.640000000000001,3.2,10.84,34.030199999999994,0.0,0.6074,0.3779,23492.780899999998,2,2
风电2-光伏2,63,8:00-9:00,9,1,4.0098,41.5,45.5098,4.748,10.88,15.628,29.8818,0.0,0.6074,0.3779,22540.723100000003,2,2
风电2-光伏2,63,9:00-10:00,10,1,4.199999999999999,41.5,45.7,4.859999999999999,17.92,22.78,22.92,0.0,0.6074,0.3779,20942.99,2,2
风电2-光伏2,63,10:00-11:00,11,1,4.1202,41.5,45.6202,5.335999999999999,24.96,30.296,15.324199999999998,0.0,0.8024,0.3779,22187.9729,2,2
风电2-光伏2,63,11:00-12:00,12,1,3.9000000000000004,41.5,45.4,4.292,31.36,35.652,9.747999999999998,0.0,0.8024,0.3779,19820.876,2,2
风电2-光伏2,63,12:00-13:00,13,1,3.2598000000000003,41.5,44.7598,4.168,35.84,40.008,4.751799999999996,0.0,0.8024,0.3779,17699.9891,2,2
风电2-光伏2,63,13:00-14:00,14,1,2.6898,41.5,44.1898,6.787999999999999,37.12,43.907999999999994,0.28180000000000405,0.0,0.8024,0.3779,15802.474100000001,2,2
风电2-光伏2,63,14:00-15:00,15,1,3.63,41.5,45.13,8.364,32.0,40.364000000000004,4.765999999999998,0.0,0.8024,0.3779,17706.017,2,2
风电2-光伏2,63,15:00-16:00,16,1,3.8202000000000003,41.5,45.3202,8.404,25.6,34.004000000000005,11.316199999999995,0.0,0.6074,0.3779,18279.9179,2,2
风电2-光伏2,63,16:00-17:00,17,1,3.75,41.5,45.25,5.896,19.2,25.096,20.154,0.0,0.6074,0.3779,20308.193000000003,2,2
风电2-光伏2,63,17:00-18:00,18,1,3.1398,41.5,44.6398,6.6080000000000005,9.6,16.208,28.431800000000003,0.0,0.6074,0.3779,22207.9481,2,2
风电2-光伏2,63,18:00-19:00,19,0,2.61,0.0,2.61,6.252,3.2,9.452,0.0,6.8420000000000005,0.8024,0.3779,30395.171000000002,2,2
风电2-光伏2,63,19:00-20:00,20,0,2.1198,0.0,2.1198,4.312,0.0,4.312,0.0,2.1922,0.8024,0.3779,32369.011099999996,2,2
风电2-光伏2,63,20:00-21:00,21,0,1.8599999999999999,0.0,1.8599999999999999,2.3280000000000003,0.0,2.3280000000000003,0.0,0.4680000000000004,0.8024,0.3779,33100.933999999994,2,2
风电2-光伏2,63,21:00-22:00,22,1,1.6301999999999999,41.5,43.1302,1.492,0.0,1.492,41.638200000000005,0.0,0.6074,0.3779,25207.100000000002,2,2
风电2-光伏2,63,22:00-23:00,23,1,1.56,41.5,43.06,2.124,0.0,2.124,40.936,0.0,0.6074,0.3779,25077.662000000004,2,2
风电2-光伏2,63,23:00-24:00,24,1,1.4802,41.5,42.980199999999996,3.6959999999999997,0.0,3.6959999999999997,39.2842,0.0,0.3424,0.3779,14288.260899999997,2,2
风电2-光伏2,54,0:00-1:00,1,1,1.3698000000000001,41.5,42.8698,5.312,0.0,5.312,37.5578,0.0,0.3424,0.3779,14349.5481,2,2
风电2-光伏2,54,1:00-2:00,2,1,1.0997999999999999,41.5,42.5998,8.5,0.0,8.5,34.0998,0.0,0.3424,0.3779,14472.3071,2,2
风电2-光伏2,54,2:00-3:00,3,1,0.7998000000000001,41.5,42.2998,9.379999999999999,0.0,9.379999999999999,32.919799999999995,0.0,0.3424,0.3779,14514.197099999998,2,2
风电2-光伏2,54,3:00-4:00,4,1,0.99,41.5,42.49,10.304,0.0,10.304,32.186,0.0,0.3424,0.3779,14540.247,2,2
风电2-光伏2,54,4:00-5:00,5,1,1.1802000000000001,41.5,42.6802,9.9,0.0,9.9,32.7802,0.0,0.3424,0.3779,14519.1529,2,2
风电2-光伏2,54,5:00-6:00,6,1,1.6301999999999999,41.5,43.1302,9.62,0.0,9.62,33.510200000000005,0.0,0.3424,0.3779,14493.237900000002,2,2
风电2-光伏2,54,6:00-7:00,7,1,2.5002,41.5,44.0002,9.14,0.0,9.14,34.8602,0.0,0.3424,0.3779,14445.3129,2,2
风电2-光伏2,54,7:00-8:00,8,0,3.3701999999999996,0.0,3.3701999999999996,7.640000000000001,3.2,10.84,0.0,7.4698,0.6074,0.3779,23492.780899999998,2,2
风电2-光伏2,54,8:00-9:00,9,1,4.0098,41.5,45.5098,4.748,10.88,15.628,29.8818,0.0,0.6074,0.3779,22540.723100000003,2,2
风电2-光伏2,54,9:00-10:00,10,1,4.199999999999999,41.5,45.7,4.859999999999999,17.92,22.78,22.92,0.0,0.6074,0.3779,20942.99,2,2
风电2-光伏2,54,10:00-11:00,11,1,4.1202,41.5,45.6202,5.335999999999999,24.96,30.296,15.324199999999998,0.0,0.8024,0.3779,22187.9729,2,2
风电2-光伏2,54,11:00-12:00,12,1,3.9000000000000004,41.5,45.4,4.292,31.36,35.652,9.747999999999998,0.0,0.8024,0.3779,19820.876,2,2
风电2-光伏2,54,12:00-13:00,13,1,3.2598000000000003,41.5,44.7598,4.168,35.84,40.008,4.751799999999996,0.0,0.8024,0.3779,17699.9891,2,2
风电2-光伏2,54,13:00-14:00,14,1,2.6898,41.5,44.1898,6.787999999999999,37.12,43.907999999999994,0.28180000000000405,0.0,0.8024,0.3779,15802.474100000001,2,2
风电2-光伏2,54,14:00-15:00,15,1,3.63,41.5,45.13,8.364,32.0,40.364000000000004,4.765999999999998,0.0,0.8024,0.3779,17706.017,2,2
风电2-光伏2,54,15:00-16:00,16,1,3.8202000000000003,41.5,45.3202,8.404,25.6,34.004000000000005,11.316199999999995,0.0,0.6074,0.3779,18279.9179,2,2
风电2-光伏2,54,16:00-17:00,17,1,3.75,41.5,45.25,5.896,19.2,25.096,20.154,0.0,0.6074,0.3779,20308.193000000003,2,2
风电2-光伏2,54,17:00-18:00,18,1,3.1398,41.5,44.6398,6.6080000000000005,9.6,16.208,28.431800000000003,0.0,0.6074,0.3779,22207.9481,2,2
风电2-光伏2,54,18:00-19:00,19,0,2.61,0.0,2.61,6.252,3.2,9.452,0.0,6.8420000000000005,0.8024,0.3779,30395.171000000002,2,2
风电2-光伏2,54,19:00-20:00,20,0,2.1198,0.0,2.1198,4.312,0.0,4.312,0.0,2.1922,0.8024,0.3779,32369.011099999996,2,2
风电2-光伏2,54,20:00-21:00,21,0,1.8599999999999999,0.0,1.8599999999999999,2.3280000000000003,0.0,2.3280000000000003,0.0,0.4680000000000004,0.8024,0.3779,33100.933999999994,2,2
风电2-光伏2,54,21:00-22:00,22,0,1.6301999999999999,0.0,1.6301999999999999,1.492,0.0,1.492,0.13819999999999988,0.0,0.6074,0.3779,25207.100000000002,2,2
风电2-光伏2,54,22:00-23:00,23,0,1.56,0.0,1.56,2.124,0.0,2.124,0.0,0.5640000000000001,0.6074,0.3779,25077.662000000004,2,2
风电2-光伏2,54,23:00-24:00,24,1,1.4802,41.5,42.980199999999996,3.6959999999999997,0.0,3.6959999999999997,39.2842,0.0,0.3424,0.3779,14288.260899999997,2,2
风电2-光伏2,45,0:00-1:00,1,1,1.3698000000000001,41.5,42.8698,5.312,0.0,5.312,37.5578,0.0,0.3424,0.3779,14349.5481,2,2
风电2-光伏2,45,1:00-2:00,2,1,1.0997999999999999,41.5,42.5998,8.5,0.0,8.5,34.0998,0.0,0.3424,0.3779,14472.3071,2,2
风电2-光伏2,45,2:00-3:00,3,1,0.7998000000000001,41.5,42.2998,9.379999999999999,0.0,9.379999999999999,32.919799999999995,0.0,0.3424,0.3779,14514.197099999998,2,2
风电2-光伏2,45,3:00-4:00,4,1,0.99,41.5,42.49,10.304,0.0,10.304,32.186,0.0,0.3424,0.3779,14540.247,2,2
风电2-光伏2,45,4:00-5:00,5,1,1.1802000000000001,41.5,42.6802,9.9,0.0,9.9,32.7802,0.0,0.3424,0.3779,14519.1529,2,2
风电2-光伏2,45,5:00-6:00,6,1,1.6301999999999999,41.5,43.1302,9.62,0.0,9.62,33.510200000000005,0.0,0.3424,0.3779,14493.237900000002,2,2
风电2-光伏2,45,6:00-7:00,7,1,2.5002,41.5,44.0002,9.14,0.0,9.14,34.8602,0.0,0.3424,0.3779,14445.3129,2,2
风电2-光伏2,45,7:00-8:00,8,0,3.3701999999999996,0.0,3.3701999999999996,7.640000000000001,3.2,10.84,0.0,7.4698,0.6074,0.3779,23492.780899999998,2,2
风电2-光伏2,45,8:00-9:00,9,0,4.0098,0.0,4.0098,4.748,10.88,15.628,0.0,11.6182,0.6074,0.3779,22540.723100000003,2,2
风电2-光伏2,45,9:00-10:00,10,1,4.199999999999999,41.5,45.7,4.859999999999999,17.92,22.78,22.92,0.0,0.6074,0.3779,20942.99,2,2
风电2-光伏2,45,10:00-11:00,11,0,4.1202,0.0,4.1202,5.335999999999999,24.96,30.296,0.0,26.1758,0.8024,0.3779,22187.9729,2,2
风电2-光伏2,45,11:00-12:00,12,1,3.9000000000000004,41.5,45.4,4.292,31.36,35.652,9.747999999999998,0.0,0.8024,0.3779,19820.876,2,2
风电2-光伏2,45,12:00-13:00,13,1,3.2598000000000003,41.5,44.7598,4.168,35.84,40.008,4.751799999999996,0.0,0.8024,0.3779,17699.9891,2,2
风电2-光伏2,45,13:00-14:00,14,1,2.6898,41.5,44.1898,6.787999999999999,37.12,43.907999999999994,0.28180000000000405,0.0,0.8024,0.3779,15802.474100000001,2,2
风电2-光伏2,45,14:00-15:00,15,1,3.63,41.5,45.13,8.364,32.0,40.364000000000004,4.765999999999998,0.0,0.8024,0.3779,17706.017,2,2
风电2-光伏2,45,15:00-16:00,16,1,3.8202000000000003,41.5,45.3202,8.404,25.6,34.004000000000005,11.316199999999995,0.0,0.6074,0.3779,18279.9179,2,2
风电2-光伏2,45,16:00-17:00,17,1,3.75,41.5,45.25,5.896,19.2,25.096,20.154,0.0,0.6074,0.3779,20308.193000000003,2,2
风电2-光伏2,45,17:00-18:00,18,0,3.1398,0.0,3.1398,6.6080000000000005,9.6,16.208,0.0,13.068199999999997,0.6074,0.3779,22207.9481,2,2
风电2-光伏2,45,18:00-19:00,19,0,2.61,0.0,2.61,6.252,3.2,9.452,0.0,6.8420000000000005,0.8024,0.3779,30395.171000000002,2,2
风电2-光伏2,45,19:00-20:00,20,0,2.1198,0.0,2.1198,4.312,0.0,4.312,0.0,2.1922,0.8024,0.3779,32369.011099999996,2,2
风电2-光伏2,45,20:00-21:00,21,0,1.8599999999999999,0.0,1.8599999999999999,2.3280000000000003,0.0,2.3280000000000003,0.0,0.4680000000000004,0.8024,0.3779,33100.933999999994,2,2
风电2-光伏2,45,21:00-22:00,22,0,1.6301999999999999,0.0,1.6301999999999999,1.492,0.0,1.492,0.13819999999999988,0.0,0.6074,0.3779,25207.100000000002,2,2
风电2-光伏2,45,22:00-23:00,23,0,1.56,0.0,1.56,2.124,0.0,2.124,0.0,0.5640000000000001,0.6074,0.3779,25077.662000000004,2,2
风电2-光伏2,45,23:00-24:00,24,1,1.4802,41.5,42.980199999999996,3.6959999999999997,0.0,3.6959999999999997,39.2842,0.0,0.3424,0.3779,14288.260899999997,2,2
风电2-光伏2,36,0:00-1:00,1,1,1.3698000000000001,41.5,42.8698,5.312,0.0,5.312,37.5578,0.0,0.3424,0.3779,14349.5481,2,2
风电2-光伏2,36,1:00-2:00,2,1,1.0997999999999999,41.5,42.5998,8.5,0.0,8.5,34.0998,0.0,0.3424,0.3779,14472.3071,2,2
风电2-光伏2,36,2:00-3:00,3,1,0.7998000000000001,41.5,42.2998,9.379999999999999,0.0,9.379999999999999,32.919799999999995,0.0,0.3424,0.3779,14514.197099999998,2,2
风电2-光伏2,36,3:00-4:00,4,1,0.99,41.5,42.49,10.304,0.0,10.304,32.186,0.0,0.3424,0.3779,14540.247,2,2
风电2-光伏2,36,4:00-5:00,5,1,1.1802000000000001,41.5,42.6802,9.9,0.0,9.9,32.7802,0.0,0.3424,0.3779,14519.1529,2,2
风电2-光伏2,36,5:00-6:00,6,1,1.6301999999999999,41.5,43.1302,9.62,0.0,9.62,33.510200000000005,0.0,0.3424,0.3779,14493.237900000002,2,2
风电2-光伏2,36,6:00-7:00,7,1,2.5002,41.5,44.0002,9.14,0.0,9.14,34.8602,0.0,0.3424,0.3779,14445.3129,2,2
风电2-光伏2,36,7:00-8:00,8,0,3.3701999999999996,0.0,3.3701999999999996,7.640000000000001,3.2,10.84,0.0,7.4698,0.6074,0.3779,23492.780899999998,2,2
风电2-光伏2,36,8:00-9:00,9,0,4.0098,0.0,4.0098,4.748,10.88,15.628,0.0,11.6182,0.6074,0.3779,22540.723100000003,2,2
风电2-光伏2,36,9:00-10:00,10,0,4.199999999999999,0.0,4.199999999999999,4.859999999999999,17.92,22.78,0.0,18.580000000000002,0.6074,0.3779,20942.99,2,2
风电2-光伏2,36,10:00-11:00,11,0,4.1202,0.0,4.1202,5.335999999999999,24.96,30.296,0.0,26.1758,0.8024,0.3779,22187.9729,2,2
风电2-光伏2,36,11:00-12:00,12,0,3.9000000000000004,0.0,3.9000000000000004,4.292,31.36,35.652,0.0,31.752000000000002,0.8024,0.3779,19820.876,2,2
风电2-光伏2,36,12:00-13:00,13,1,3.2598000000000003,41.5,44.7598,4.168,35.84,40.008,4.751799999999996,0.0,0.8024,0.3779,17699.9891,2,2
风电2-光伏2,36,13:00-14:00,14,1,2.6898,41.5,44.1898,6.787999999999999,37.12,43.907999999999994,0.28180000000000405,0.0,0.8024,0.3779,15802.474100000001,2,2
风电2-光伏2,36,14:00-15:00,15,1,3.63,41.5,45.13,8.364,32.0,40.364000000000004,4.765999999999998,0.0,0.8024,0.3779,17706.017,2,2
风电2-光伏2,36,15:00-16:00,16,1,3.8202000000000003,41.5,45.3202,8.404,25.6,34.004000000000005,11.316199999999995,0.0,0.6074,0.3779,18279.9179,2,2
风电2-光伏2,36,16:00-17:00,17,0,3.75,0.0,3.75,5.896,19.2,25.096,0.0,21.346,0.6074,0.3779,20308.193000000003,2,2
风电2-光伏2,36,17:00-18:00,18,0,3.1398,0.0,3.1398,6.6080000000000005,9.6,16.208,0.0,13.068199999999997,0.6074,0.3779,22207.9481,2,2
风电2-光伏2,36,18:00-19:00,19,0,2.61,0.0,2.61,6.252,3.2,9.452,0.0,6.8420000000000005,0.8024,0.3779,30395.171000000002,2,2
风电2-光伏2,36,19:00-20:00,20,0,2.1198,0.0,2.1198,4.312,0.0,4.312,0.0,2.1922,0.8024,0.3779,32369.011099999996,2,2
风电2-光伏2,36,20:00-21:00,21,0,1.8599999999999999,0.0,1.8599999999999999,2.3280000000000003,0.0,2.3280000000000003,0.0,0.4680000000000004,0.8024,0.3779,33100.933999999994,2,2
风电2-光伏2,36,21:00-22:00,22,0,1.6301999999999999,0.0,1.6301999999999999,1.492,0.0,1.492,0.13819999999999988,0.0,0.6074,0.3779,25207.100000000002,2,2
风电2-光伏2,36,22:00-23:00,23,0,1.56,0.0,1.56,2.124,0.0,2.124,0.0,0.5640000000000001,0.6074,0.3779,25077.662000000004,2,2
风电2-光伏2,36,23:00-24:00,24,1,1.4802,41.5,42.980199999999996,3.6959999999999997,0.0,3.6959999999999997,39.2842,0.0,0.3424,0.3779,14288.260899999997,2,2
风电2-光伏3,72,0:00-1:00,1,1,1.3698000000000001,41.5,42.8698,5.312,0.0,5.312,37.5578,0.0,0.3424,0.3779,14349.5481,2,3
风电2-光伏3,72,1:00-2:00,2,1,1.0997999999999999,41.5,42.5998,8.5,0.0,8.5,34.0998,0.0,0.3424,0.3779,14472.3071,2,3
风电2-光伏3,72,2:00-3:00,3,1,0.7998000000000001,41.5,42.2998,9.379999999999999,0.0,9.379999999999999,32.919799999999995,0.0,0.3424,0.3779,14514.197099999998,2,3
风电2-光伏3,72,3:00-4:00,4,1,0.99,41.5,42.49,10.304,0.0,10.304,32.186,0.0,0.3424,0.3779,14540.247,2,3
风电2-光伏3,72,4:00-5:00,5,1,1.1802000000000001,41.5,42.6802,9.9,0.0,9.9,32.7802,0.0,0.3424,0.3779,14519.1529,2,3
风电2-光伏3,72,5:00-6:00,6,1,1.6301999999999999,41.5,43.1302,9.62,0.0,9.62,33.510200000000005,0.0,0.3424,0.3779,14493.237900000002,2,3
风电2-光伏3,72,6:00-7:00,7,1,2.5002,41.5,44.0002,9.14,0.0,9.14,34.8602,0.0,0.3424,0.3779,14445.3129,2,3
风电2-光伏3,72,7:00-8:00,8,1,3.3701999999999996,41.5,44.8702,7.640000000000001,1.28,8.92,35.950199999999995,0.0,0.6074,0.3779,23933.420899999997,2,3
风电2-光伏3,72,8:00-9:00,9,1,4.0098,41.5,45.5098,4.748,3.2,7.948,37.5618,0.0,0.6074,0.3779,24303.283100000004,2,3
风电2-光伏3,72,9:00-10:00,10,1,4.199999999999999,41.5,45.7,4.859999999999999,5.12,9.98,35.72,0.0,0.6074,0.3779,23880.59,2,3
风电2-光伏3,72,10:00-11:00,11,1,4.1202,41.5,45.6202,5.335999999999999,7.68,13.015999999999998,32.6042,0.0,0.8024,0.3779,29523.332899999998,2,3
风电2-光伏3,72,11:00-12:00,12,1,3.9000000000000004,41.5,45.4,4.292,11.52,15.812,29.588,0.0,0.8024,0.3779,28242.956000000002,2,3
风电2-光伏3,72,12:00-13:00,13,1,3.2598000000000003,41.5,44.7598,4.168,14.08,18.248,26.511799999999997,0.0,0.8024,0.3779,26937.109099999994,2,3
风电2-光伏3,72,13:00-14:00,14,1,2.6898,41.5,44.1898,6.787999999999999,14.08,20.868,23.3218,0.0,0.8024,0.3779,25582.9541,2,3
风电2-光伏3,72,14:00-15:00,15,1,3.63,41.5,45.13,8.364,11.52,19.884,25.246000000000002,0.0,0.8024,0.3779,26399.777000000002,2,3
风电2-光伏3,72,15:00-16:00,16,1,3.8202000000000003,41.5,45.3202,8.404,7.04,15.443999999999999,29.8762,0.0,0.6074,0.3779,22539.4379,2,3
风电2-光伏3,72,16:00-17:00,17,1,3.75,41.5,45.25,5.896,5.12,11.016,34.234,0.0,0.6074,0.3779,23539.553000000004,2,3
风电2-光伏3,72,17:00-18:00,18,1,3.1398,41.5,44.6398,6.6080000000000005,3.2,9.808,34.8318,0.0,0.6074,0.3779,23676.7481,2,3
风电2-光伏3,72,18:00-19:00,19,1,2.61,41.5,44.11,6.252,1.28,7.532,36.578,0.0,0.8024,0.3779,31210.211000000003,2,3
风电2-光伏3,72,19:00-20:00,20,1,2.1198,41.5,43.6198,4.312,0.0,4.312,39.3078,0.0,0.8024,0.3779,32369.011099999996,2,3
风电2-光伏3,72,20:00-21:00,21,1,1.8599999999999999,41.5,43.36,2.3280000000000003,0.0,2.3280000000000003,41.032,0.0,0.8024,0.3779,33100.933999999994,2,3
风电2-光伏3,72,21:00-22:00,22,1,1.6301999999999999,41.5,43.1302,1.492,0.0,1.492,41.638200000000005,0.0,0.6074,0.3779,25207.100000000002,2,3
风电2-光伏3,72,22:00-23:00,23,1,1.56,41.5,43.06,2.124,0.0,2.124,40.936,0.0,0.6074,0.3779,25077.662000000004,2,3
风电2-光伏3,72,23:00-24:00,24,1,1.4802,41.5,42.980199999999996,3.6959999999999997,0.0,3.6959999999999997,39.2842,0.0,0.3424,0.3779,14288.260899999997,2,3
风电2-光伏3,63,0:00-1:00,1,1,1.3698000000000001,41.5,42.8698,5.312,0.0,5.312,37.5578,0.0,0.3424,0.3779,14349.5481,2,3
风电2-光伏3,63,1:00-2:00,2,1,1.0997999999999999,41.5,42.5998,8.5,0.0,8.5,34.0998,0.0,0.3424,0.3779,14472.3071,2,3
风电2-光伏3,63,2:00-3:00,3,1,0.7998000000000001,41.5,42.2998,9.379999999999999,0.0,9.379999999999999,32.919799999999995,0.0,0.3424,0.3779,14514.197099999998,2,3
风电2-光伏3,63,3:00-4:00,4,1,0.99,41.5,42.49,10.304,0.0,10.304,32.186,0.0,0.3424,0.3779,14540.247,2,3
风电2-光伏3,63,4:00-5:00,5,1,1.1802000000000001,41.5,42.6802,9.9,0.0,9.9,32.7802,0.0,0.3424,0.3779,14519.1529,2,3
风电2-光伏3,63,5:00-6:00,6,1,1.6301999999999999,41.5,43.1302,9.62,0.0,9.62,33.510200000000005,0.0,0.3424,0.3779,14493.237900000002,2,3
风电2-光伏3,63,6:00-7:00,7,1,2.5002,41.5,44.0002,9.14,0.0,9.14,34.8602,0.0,0.3424,0.3779,14445.3129,2,3
风电2-光伏3,63,7:00-8:00,8,1,3.3701999999999996,41.5,44.8702,7.640000000000001,1.28,8.92,35.950199999999995,0.0,0.6074,0.3779,23933.420899999997,2,3
风电2-光伏3,63,8:00-9:00,9,1,4.0098,41.5,45.5098,4.748,3.2,7.948,37.5618,0.0,0.6074,0.3779,24303.283100000004,2,3
风电2-光伏3,63,9:00-10:00,10,1,4.199999999999999,41.5,45.7,4.859999999999999,5.12,9.98,35.72,0.0,0.6074,0.3779,23880.59,2,3
风电2-光伏3,63,10:00-11:00,11,1,4.1202,41.5,45.6202,5.335999999999999,7.68,13.015999999999998,32.6042,0.0,0.8024,0.3779,29523.332899999998,2,3
风电2-光伏3,63,11:00-12:00,12,1,3.9000000000000004,41.5,45.4,4.292,11.52,15.812,29.588,0.0,0.8024,0.3779,28242.956000000002,2,3
风电2-光伏3,63,12:00-13:00,13,1,3.2598000000000003,41.5,44.7598,4.168,14.08,18.248,26.511799999999997,0.0,0.8024,0.3779,26937.109099999994,2,3
风电2-光伏3,63,13:00-14:00,14,1,2.6898,41.5,44.1898,6.787999999999999,14.08,20.868,23.3218,0.0,0.8024,0.3779,25582.9541,2,3
风电2-光伏3,63,14:00-15:00,15,1,3.63,41.5,45.13,8.364,11.52,19.884,25.246000000000002,0.0,0.8024,0.3779,26399.777000000002,2,3
风电2-光伏3,63,15:00-16:00,16,1,3.8202000000000003,41.5,45.3202,8.404,7.04,15.443999999999999,29.8762,0.0,0.6074,0.3779,22539.4379,2,3
风电2-光伏3,63,16:00-17:00,17,1,3.75,41.5,45.25,5.896,5.12,11.016,34.234,0.0,0.6074,0.3779,23539.553000000004,2,3
风电2-光伏3,63,17:00-18:00,18,1,3.1398,41.5,44.6398,6.6080000000000005,3.2,9.808,34.8318,0.0,0.6074,0.3779,23676.7481,2,3
风电2-光伏3,63,18:00-19:00,19,0,2.61,0.0,2.61,6.252,1.28,7.532,0.0,4.922000000000001,0.8024,0.3779,31210.211000000003,2,3
风电2-光伏3,63,19:00-20:00,20,0,2.1198,0.0,2.1198,4.312,0.0,4.312,0.0,2.1922,0.8024,0.3779,32369.011099999996,2,3
风电2-光伏3,63,20:00-21:00,21,0,1.8599999999999999,0.0,1.8599999999999999,2.3280000000000003,0.0,2.3280000000000003,0.0,0.4680000000000004,0.8024,0.3779,33100.933999999994,2,3
风电2-光伏3,63,21:00-22:00,22,1,1.6301999999999999,41.5,43.1302,1.492,0.0,1.492,41.638200000000005,0.0,0.6074,0.3779,25207.100000000002,2,3
风电2-光伏3,63,22:00-23:00,23,1,1.56,41.5,43.06,2.124,0.0,2.124,40.936,0.0,0.6074,0.3779,25077.662000000004,2,3
风电2-光伏3,63,23:00-24:00,24,1,1.4802,41.5,42.980199999999996,3.6959999999999997,0.0,3.6959999999999997,39.2842,0.0,0.3424,0.3779,14288.260899999997,2,3
风电2-光伏3,54,0:00-1:00,1,1,1.3698000000000001,41.5,42.8698,5.312,0.0,5.312,37.5578,0.0,0.3424,0.3779,14349.5481,2,3
风电2-光伏3,54,1:00-2:00,2,1,1.0997999999999999,41.5,42.5998,8.5,0.0,8.5,34.0998,0.0,0.3424,0.3779,14472.3071,2,3
风电2-光伏3,54,2:00-3:00,3,1,0.7998000000000001,41.5,42.2998,9.379999999999999,0.0,9.379999999999999,32.919799999999995,0.0,0.3424,0.3779,14514.197099999998,2,3
风电2-光伏3,54,3:00-4:00,4,1,0.99,41.5,42.49,10.304,0.0,10.304,32.186,0.0,0.3424,0.3779,14540.247,2,3
风电2-光伏3,54,4:00-5:00,5,1,1.1802000000000001,41.5,42.6802,9.9,0.0,9.9,32.7802,0.0,0.3424,0.3779,14519.1529,2,3
风电2-光伏3,54,5:00-6:00,6,1,1.6301999999999999,41.5,43.1302,9.62,0.0,9.62,33.510200000000005,0.0,0.3424,0.3779,14493.237900000002,2,3
风电2-光伏3,54,6:00-7:00,7,1,2.5002,41.5,44.0002,9.14,0.0,9.14,34.8602,0.0,0.3424,0.3779,14445.3129,2,3
风电2-光伏3,54,7:00-8:00,8,1,3.3701999999999996,41.5,44.8702,7.640000000000001,1.28,8.92,35.950199999999995,0.0,0.6074,0.3779,23933.420899999997,2,3
风电2-光伏3,54,8:00-9:00,9,1,4.0098,41.5,45.5098,4.748,3.2,7.948,37.5618,0.0,0.6074,0.3779,24303.283100000004,2,3
风电2-光伏3,54,9:00-10:00,10,1,4.199999999999999,41.5,45.7,4.859999999999999,5.12,9.98,35.72,0.0,0.6074,0.3779,23880.59,2,3
风电2-光伏3,54,10:00-11:00,11,0,4.1202,0.0,4.1202,5.335999999999999,7.68,13.015999999999998,0.0,8.895799999999998,0.8024,0.3779,29523.332899999998,2,3
风电2-光伏3,54,11:00-12:00,12,0,3.9000000000000004,0.0,3.9000000000000004,4.292,11.52,15.812,0.0,11.911999999999999,0.8024,0.3779,28242.956000000002,2,3
风电2-光伏3,54,12:00-13:00,13,0,3.2598000000000003,0.0,3.2598000000000003,4.168,14.08,18.248,0.0,14.9882,0.8024,0.3779,26937.109099999994,2,3
风电2-光伏3,54,13:00-14:00,14,1,2.6898,41.5,44.1898,6.787999999999999,14.08,20.868,23.3218,0.0,0.8024,0.3779,25582.9541,2,3
风电2-光伏3,54,14:00-15:00,15,1,3.63,41.5,45.13,8.364,11.52,19.884,25.246000000000002,0.0,0.8024,0.3779,26399.777000000002,2,3
风电2-光伏3,54,15:00-16:00,16,1,3.8202000000000003,41.5,45.3202,8.404,7.04,15.443999999999999,29.8762,0.0,0.6074,0.3779,22539.4379,2,3
风电2-光伏3,54,16:00-17:00,17,1,3.75,41.5,45.25,5.896,5.12,11.016,34.234,0.0,0.6074,0.3779,23539.553000000004,2,3
风电2-光伏3,54,17:00-18:00,18,1,3.1398,41.5,44.6398,6.6080000000000005,3.2,9.808,34.8318,0.0,0.6074,0.3779,23676.7481,2,3
风电2-光伏3,54,18:00-19:00,19,0,2.61,0.0,2.61,6.252,1.28,7.532,0.0,4.922000000000001,0.8024,0.3779,31210.211000000003,2,3
风电2-光伏3,54,19:00-20:00,20,0,2.1198,0.0,2.1198,4.312,0.0,4.312,0.0,2.1922,0.8024,0.3779,32369.011099999996,2,3
风电2-光伏3,54,20:00-21:00,21,0,1.8599999999999999,0.0,1.8599999999999999,2.3280000000000003,0.0,2.3280000000000003,0.0,0.4680000000000004,0.8024,0.3779,33100.933999999994,2,3
风电2-光伏3,54,21:00-22:00,22,1,1.6301999999999999,41.5,43.1302,1.492,0.0,1.492,41.638200000000005,0.0,0.6074,0.3779,25207.100000000002,2,3
风电2-光伏3,54,22:00-23:00,23,1,1.56,41.5,43.06,2.124,0.0,2.124,40.936,0.0,0.6074,0.3779,25077.662000000004,2,3
风电2-光伏3,54,23:00-24:00,24,1,1.4802,41.5,42.980199999999996,3.6959999999999997,0.0,3.6959999999999997,39.2842,0.0,0.3424,0.3779,14288.260899999997,2,3
风电2-光伏3,45,0:00-1:00,1,1,1.3698000000000001,41.5,42.8698,5.312,0.0,5.312,37.5578,0.0,0.3424,0.3779,14349.5481,2,3
风电2-光伏3,45,1:00-2:00,2,1,1.0997999999999999,41.5,42.5998,8.5,0.0,8.5,34.0998,0.0,0.3424,0.3779,14472.3071,2,3
风电2-光伏3,45,2:00-3:00,3,1,0.7998000000000001,41.5,42.2998,9.379999999999999,0.0,9.379999999999999,32.919799999999995,0.0,0.3424,0.3779,14514.197099999998,2,3
风电2-光伏3,45,3:00-4:00,4,1,0.99,41.5,42.49,10.304,0.0,10.304,32.186,0.0,0.3424,0.3779,14540.247,2,3
风电2-光伏3,45,4:00-5:00,5,1,1.1802000000000001,41.5,42.6802,9.9,0.0,9.9,32.7802,0.0,0.3424,0.3779,14519.1529,2,3
风电2-光伏3,45,5:00-6:00,6,1,1.6301999999999999,41.5,43.1302,9.62,0.0,9.62,33.510200000000005,0.0,0.3424,0.3779,14493.237900000002,2,3
风电2-光伏3,45,6:00-7:00,7,1,2.5002,41.5,44.0002,9.14,0.0,9.14,34.8602,0.0,0.3424,0.3779,14445.3129,2,3
风电2-光伏3,45,7:00-8:00,8,1,3.3701999999999996,41.5,44.8702,7.640000000000001,1.28,8.92,35.950199999999995,0.0,0.6074,0.3779,23933.420899999997,2,3
风电2-光伏3,45,8:00-9:00,9,1,4.0098,41.5,45.5098,4.748,3.2,7.948,37.5618,0.0,0.6074,0.3779,24303.283100000004,2,3
风电2-光伏3,45,9:00-10:00,10,1,4.199999999999999,41.5,45.7,4.859999999999999,5.12,9.98,35.72,0.0,0.6074,0.3779,23880.59,2,3
风电2-光伏3,45,10:00-11:00,11,0,4.1202,0.0,4.1202,5.335999999999999,7.68,13.015999999999998,0.0,8.895799999999998,0.8024,0.3779,29523.332899999998,2,3
风电2-光伏3,45,11:00-12:00,12,0,3.9000000000000004,0.0,3.9000000000000004,4.292,11.52,15.812,0.0,11.911999999999999,0.8024,0.3779,28242.956000000002,2,3
风电2-光伏3,45,12:00-13:00,13,0,3.2598000000000003,0.0,3.2598000000000003,4.168,14.08,18.248,0.0,14.9882,0.8024,0.3779,26937.109099999994,2,3
风电2-光伏3,45,13:00-14:00,14,0,2.6898,0.0,2.6898,6.787999999999999,14.08,20.868,0.0,18.178199999999997,0.8024,0.3779,25582.9541,2,3
风电2-光伏3,45,14:00-15:00,15,0,3.63,0.0,3.63,8.364,11.52,19.884,0.0,16.254,0.8024,0.3779,26399.777000000002,2,3
风电2-光伏3,45,15:00-16:00,16,1,3.8202000000000003,41.5,45.3202,8.404,7.04,15.443999999999999,29.8762,0.0,0.6074,0.3779,22539.4379,2,3
风电2-光伏3,45,16:00-17:00,17,1,3.75,41.5,45.25,5.896,5.12,11.016,34.234,0.0,0.6074,0.3779,23539.553000000004,2,3
风电2-光伏3,45,17:00-18:00,18,1,3.1398,41.5,44.6398,6.6080000000000005,3.2,9.808,34.8318,0.0,0.6074,0.3779,23676.7481,2,3
风电2-光伏3,45,18:00-19:00,19,0,2.61,0.0,2.61,6.252,1.28,7.532,0.0,4.922000000000001,0.8024,0.3779,31210.211000000003,2,3
风电2-光伏3,45,19:00-20:00,20,0,2.1198,0.0,2.1198,4.312,0.0,4.312,0.0,2.1922,0.8024,0.3779,32369.011099999996,2,3
风电2-光伏3,45,20:00-21:00,21,0,1.8599999999999999,0.0,1.8599999999999999,2.3280000000000003,0.0,2.3280000000000003,0.0,0.4680000000000004,0.8024,0.3779,33100.933999999994,2,3
风电2-光伏3,45,21:00-22:00,22,0,1.6301999999999999,0.0,1.6301999999999999,1.492,0.0,1.492,0.13819999999999988,0.0,0.6074,0.3779,25207.100000000002,2,3
风电2-光伏3,45,22:00-23:00,23,1,1.56,41.5,43.06,2.124,0.0,2.124,40.936,0.0,0.6074,0.3779,25077.662000000004,2,3
风电2-光伏3,45,23:00-24:00,24,1,1.4802,41.5,42.980199999999996,3.6959999999999997,0.0,3.6959999999999997,39.2842,0.0,0.3424,0.3779,14288.260899999997,2,3
风电2-光伏3,36,0:00-1:00,1,1,1.3698000000000001,41.5,42.8698,5.312,0.0,5.312,37.5578,0.0,0.3424,0.3779,14349.5481,2,3
风电2-光伏3,36,1:00-2:00,2,1,1.0997999999999999,41.5,42.5998,8.5,0.0,8.5,34.0998,0.0,0.3424,0.3779,14472.3071,2,3
风电2-光伏3,36,2:00-3:00,3,1,0.7998000000000001,41.5,42.2998,9.379999999999999,0.0,9.379999999999999,32.919799999999995,0.0,0.3424,0.3779,14514.197099999998,2,3
风电2-光伏3,36,3:00-4:00,4,1,0.99,41.5,42.49,10.304,0.0,10.304,32.186,0.0,0.3424,0.3779,14540.247,2,3
风电2-光伏3,36,4:00-5:00,5,1,1.1802000000000001,41.5,42.6802,9.9,0.0,9.9,32.7802,0.0,0.3424,0.3779,14519.1529,2,3
风电2-光伏3,36,5:00-6:00,6,1,1.6301999999999999,41.5,43.1302,9.62,0.0,9.62,33.510200000000005,0.0,0.3424,0.3779,14493.237900000002,2,3
风电2-光伏3,36,6:00-7:00,7,1,2.5002,41.5,44.0002,9.14,0.0,9.14,34.8602,0.0,0.3424,0.3779,14445.3129,2,3
风电2-光伏3,36,7:00-8:00,8,0,3.3701999999999996,0.0,3.3701999999999996,7.640000000000001,1.28,8.92,0.0,5.5498,0.6074,0.3779,23933.420899999997,2,3
风电2-光伏3,36,8:00-9:00,9,0,4.0098,0.0,4.0098,4.748,3.2,7.948,0.0,3.9382,0.6074,0.3779,24303.283100000004,2,3
风电2-光伏3,36,9:00-10:00,10,1,4.199999999999999,41.5,45.7,4.859999999999999,5.12,9.98,35.72,0.0,0.6074,0.3779,23880.59,2,3
风电2-光伏3,36,10:00-11:00,11,0,4.1202,0.0,4.1202,5.335999999999999,7.68,13.015999999999998,0.0,8.895799999999998,0.8024,0.3779,29523.332899999998,2,3
风电2-光伏3,36,11:00-12:00,12,0,3.9000000000000004,0.0,3.9000000000000004,4.292,11.52,15.812,0.0,11.911999999999999,0.8024,0.3779,28242.956000000002,2,3
风电2-光伏3,36,12:00-13:00,13,0,3.2598000000000003,0.0,3.2598000000000003,4.168,14.08,18.248,0.0,14.9882,0.8024,0.3779,26937.109099999994,2,3
风电2-光伏3,36,13:00-14:00,14,0,2.6898,0.0,2.6898,6.787999999999999,14.08,20.868,0.0,18.178199999999997,0.8024,0.3779,25582.9541,2,3
风电2-光伏3,36,14:00-15:00,15,0,3.63,0.0,3.63,8.364,11.52,19.884,0.0,16.254,0.8024,0.3779,26399.777000000002,2,3
风电2-光伏3,36,15:00-16:00,16,1,3.8202000000000003,41.5,45.3202,8.404,7.04,15.443999999999999,29.8762,0.0,0.6074,0.3779,22539.4379,2,3
风电2-光伏3,36,16:00-17:00,17,1,3.75,41.5,45.25,5.896,5.12,11.016,34.234,0.0,0.6074,0.3779,23539.553000000004,2,3
风电2-光伏3,36,17:00-18:00,18,1,3.1398,41.5,44.6398,6.6080000000000005,3.2,9.808,34.8318,0.0,0.6074,0.3779,23676.7481,2,3
风电2-光伏3,36,18:00-19:00,19,0,2.61,0.0,2.61,6.252,1.28,7.532,0.0,4.922000000000001,0.8024,0.3779,31210.211000000003,2,3
风电2-光伏3,36,19:00-20:00,20,0,2.1198,0.0,2.1198,4.312,0.0,4.312,0.0,2.1922,0.8024,0.3779,32369.011099999996,2,3
风电2-光伏3,36,20:00-21:00,21,0,1.8599999999999999,0.0,1.8599999999999999,2.3280000000000003,0.0,2.3280000000000003,0.0,0.4680000000000004,0.8024,0.3779,33100.933999999994,2,3
风电2-光伏3,36,21:00-22:00,22,0,1.6301999999999999,0.0,1.6301999999999999,1.492,0.0,1.492,0.13819999999999988,0.0,0.6074,0.3779,25207.100000000002,2,3
风电2-光伏3,36,22:00-23:00,23,0,1.56,0.0,1.56,2.124,0.0,2.124,0.0,0.5640000000000001,0.6074,0.3779,25077.662000000004,2,3
风电2-光伏3,36,23:00-24:00,24,1,1.4802,41.5,42.980199999999996,3.6959999999999997,0.0,3.6959999999999997,39.2842,0.0,0.3424,0.3779,14288.260899999997,2,3
风电2-光伏4,72,0:00-1:00,1,1,1.3698000000000001,41.5,42.8698,5.312,0.0,5.312,37.5578,0.0,0.3424,0.3779,14349.5481,2,4
风电2-光伏4,72,1:00-2:00,2,1,1.0997999999999999,41.5,42.5998,8.5,0.0,8.5,34.0998,0.0,0.3424,0.3779,14472.3071,2,4
风电2-光伏4,72,2:00-3:00,3,1,0.7998000000000001,41.5,42.2998,9.379999999999999,0.0,9.379999999999999,32.919799999999995,0.0,0.3424,0.3779,14514.197099999998,2,4
风电2-光伏4,72,3:00-4:00,4,1,0.99,41.5,42.49,10.304,0.0,10.304,32.186,0.0,0.3424,0.3779,14540.247,2,4
风电2-光伏4,72,4:00-5:00,5,1,1.1802000000000001,41.5,42.6802,9.9,0.0,9.9,32.7802,0.0,0.3424,0.3779,14519.1529,2,4
风电2-光伏4,72,5:00-6:00,6,1,1.6301999999999999,41.5,43.1302,9.62,0.0,9.62,33.510200000000005,0.0,0.3424,0.3779,14493.237900000002,2,4
风电2-光伏4,72,6:00-7:00,7,1,2.5002,41.5,44.0002,9.14,0.0,9.14,34.8602,0.0,0.3424,0.3779,14445.3129,2,4
风电2-光伏4,72,7:00-8:00,8,1,3.3701999999999996,41.5,44.8702,7.640000000000001,0.0,7.640000000000001,37.230199999999996,0.0,0.6074,0.3779,24227.180900000003,2,4
风电2-光伏4,72,8:00-9:00,9,1,4.0098,41.5,45.5098,4.748,0.0,4.748,40.7618,0.0,0.6074,0.3779,25037.683100000002,2,4
风电2-光伏4,72,9:00-10:00,10,1,4.199999999999999,41.5,45.7,4.859999999999999,0.0,4.859999999999999,40.84,0.0,0.6074,0.3779,25055.630000000005,2,4
风电2-光伏4,72,10:00-11:00,11,1,4.1202,41.5,45.6202,5.335999999999999,0.0,5.335999999999999,40.2842,0.0,0.8024,0.3779,32783.4929,2,4
风电2-光伏4,72,11:00-12:00,12,1,3.9000000000000004,41.5,45.4,4.292,1.28,5.572,39.827999999999996,0.0,0.8024,0.3779,32589.836,2,4
风电2-光伏4,72,12:00-13:00,13,1,3.2598000000000003,41.5,44.7598,4.168,5.12,9.288,35.4718,0.0,0.8024,0.3779,30740.629100000002,2,4
风电2-光伏4,72,13:00-14:00,14,1,2.6898,41.5,44.1898,6.787999999999999,7.68,14.468,29.721799999999998,0.0,0.8024,0.3779,28299.7541,2,4
风电2-光伏4,72,14:00-15:00,15,1,3.63,41.5,45.13,8.364,5.12,13.484000000000002,31.646,0.0,0.8024,0.3779,29116.577,2,4
风电2-光伏4,72,15:00-16:00,16,1,3.8202000000000003,41.5,45.3202,8.404,1.28,9.684,35.6362,0.0,0.6074,0.3779,23861.357900000003,2,4
风电2-光伏4,72,16:00-17:00,17,1,3.75,41.5,45.25,5.896,0.0,5.896,39.354,0.0,0.6074,0.3779,24714.593,2,4
风电2-光伏4,72,17:00-18:00,18,1,3.1398,41.5,44.6398,6.6080000000000005,0.0,6.6080000000000005,38.031800000000004,0.0,0.6074,0.3779,24411.148100000002,2,4
风电2-光伏4,72,18:00-19:00,19,1,2.61,41.5,44.11,6.252,0.0,6.252,37.858,0.0,0.8024,0.3779,31753.570999999996,2,4
风电2-光伏4,72,19:00-20:00,20,1,2.1198,41.5,43.6198,4.312,0.0,4.312,39.3078,0.0,0.8024,0.3779,32369.011099999996,2,4
风电2-光伏4,72,20:00-21:00,21,1,1.8599999999999999,41.5,43.36,2.3280000000000003,0.0,2.3280000000000003,41.032,0.0,0.8024,0.3779,33100.933999999994,2,4
风电2-光伏4,72,21:00-22:00,22,1,1.6301999999999999,41.5,43.1302,1.492,0.0,1.492,41.638200000000005,0.0,0.6074,0.3779,25207.100000000002,2,4
风电2-光伏4,72,22:00-23:00,23,1,1.56,41.5,43.06,2.124,0.0,2.124,40.936,0.0,0.6074,0.3779,25077.662000000004,2,4
风电2-光伏4,72,23:00-24:00,24,1,1.4802,41.5,42.980199999999996,3.6959999999999997,0.0,3.6959999999999997,39.2842,0.0,0.3424,0.3779,14288.260899999997,2,4
风电2-光伏4,63,0:00-1:00,1,1,1.3698000000000001,41.5,42.8698,5.312,0.0,5.312,37.5578,0.0,0.3424,0.3779,14349.5481,2,4
风电2-光伏4,63,1:00-2:00,2,1,1.0997999999999999,41.5,42.5998,8.5,0.0,8.5,34.0998,0.0,0.3424,0.3779,14472.3071,2,4
风电2-光伏4,63,2:00-3:00,3,1,0.7998000000000001,41.5,42.2998,9.379999999999999,0.0,9.379999999999999,32.919799999999995,0.0,0.3424,0.3779,14514.197099999998,2,4
风电2-光伏4,63,3:00-4:00,4,1,0.99,41.5,42.49,10.304,0.0,10.304,32.186,0.0,0.3424,0.3779,14540.247,2,4
风电2-光伏4,63,4:00-5:00,5,1,1.1802000000000001,41.5,42.6802,9.9,0.0,9.9,32.7802,0.0,0.3424,0.3779,14519.1529,2,4
风电2-光伏4,63,5:00-6:00,6,1,1.6301999999999999,41.5,43.1302,9.62,0.0,9.62,33.510200000000005,0.0,0.3424,0.3779,14493.237900000002,2,4
风电2-光伏4,63,6:00-7:00,7,1,2.5002,41.5,44.0002,9.14,0.0,9.14,34.8602,0.0,0.3424,0.3779,14445.3129,2,4
风电2-光伏4,63,7:00-8:00,8,1,3.3701999999999996,41.5,44.8702,7.640000000000001,0.0,7.640000000000001,37.230199999999996,0.0,0.6074,0.3779,24227.180900000003,2,4
风电2-光伏4,63,8:00-9:00,9,1,4.0098,41.5,45.5098,4.748,0.0,4.748,40.7618,0.0,0.6074,0.3779,25037.683100000002,2,4
风电2-光伏4,63,9:00-10:00,10,1,4.199999999999999,41.5,45.7,4.859999999999999,0.0,4.859999999999999,40.84,0.0,0.6074,0.3779,25055.630000000005,2,4
风电2-光伏4,63,10:00-11:00,11,0,4.1202,0.0,4.1202,5.335999999999999,0.0,5.335999999999999,0.0,1.2157999999999998,0.8024,0.3779,32783.4929,2,4
风电2-光伏4,63,11:00-12:00,12,0,3.9000000000000004,0.0,3.9000000000000004,4.292,1.28,5.572,0.0,1.6719999999999997,0.8024,0.3779,32589.836,2,4
风电2-光伏4,63,12:00-13:00,13,1,3.2598000000000003,41.5,44.7598,4.168,5.12,9.288,35.4718,0.0,0.8024,0.3779,30740.629100000002,2,4
风电2-光伏4,63,13:00-14:00,14,1,2.6898,41.5,44.1898,6.787999999999999,7.68,14.468,29.721799999999998,0.0,0.8024,0.3779,28299.7541,2,4
风电2-光伏4,63,14:00-15:00,15,1,3.63,41.5,45.13,8.364,5.12,13.484000000000002,31.646,0.0,0.8024,0.3779,29116.577,2,4
风电2-光伏4,63,15:00-16:00,16,1,3.8202000000000003,41.5,45.3202,8.404,1.28,9.684,35.6362,0.0,0.6074,0.3779,23861.357900000003,2,4
风电2-光伏4,63,16:00-17:00,17,1,3.75,41.5,45.25,5.896,0.0,5.896,39.354,0.0,0.6074,0.3779,24714.593,2,4
风电2-光伏4,63,17:00-18:00,18,1,3.1398,41.5,44.6398,6.6080000000000005,0.0,6.6080000000000005,38.031800000000004,0.0,0.6074,0.3779,24411.148100000002,2,4
风电2-光伏4,63,18:00-19:00,19,1,2.61,41.5,44.11,6.252,0.0,6.252,37.858,0.0,0.8024,0.3779,31753.570999999996,2,4
风电2-光伏4,63,19:00-20:00,20,1,2.1198,41.5,43.6198,4.312,0.0,4.312,39.3078,0.0,0.8024,0.3779,32369.011099999996,2,4
风电2-光伏4,63,20:00-21:00,21,0,1.8599999999999999,0.0,1.8599999999999999,2.3280000000000003,0.0,2.3280000000000003,0.0,0.4680000000000004,0.8024,0.3779,33100.933999999994,2,4
风电2-光伏4,63,21:00-22:00,22,1,1.6301999999999999,41.5,43.1302,1.492,0.0,1.492,41.638200000000005,0.0,0.6074,0.3779,25207.100000000002,2,4
风电2-光伏4,63,22:00-23:00,23,1,1.56,41.5,43.06,2.124,0.0,2.124,40.936,0.0,0.6074,0.3779,25077.662000000004,2,4
风电2-光伏4,63,23:00-24:00,24,1,1.4802,41.5,42.980199999999996,3.6959999999999997,0.0,3.6959999999999997,39.2842,0.0,0.3424,0.3779,14288.260899999997,2,4
风电2-光伏4,54,0:00-1:00,1,1,1.3698000000000001,41.5,42.8698,5.312,0.0,5.312,37.5578,0.0,0.3424,0.3779,14349.5481,2,4
风电2-光伏4,54,1:00-2:00,2,1,1.0997999999999999,41.5,42.5998,8.5,0.0,8.5,34.0998,0.0,0.3424,0.3779,14472.3071,2,4
风电2-光伏4,54,2:00-3:00,3,1,0.7998000000000001,41.5,42.2998,9.379999999999999,0.0,9.379999999999999,32.919799999999995,0.0,0.3424,0.3779,14514.197099999998,2,4
风电2-光伏4,54,3:00-4:00,4,1,0.99,41.5,42.49,10.304,0.0,10.304,32.186,0.0,0.3424,0.3779,14540.247,2,4
风电2-光伏4,54,4:00-5:00,5,1,1.1802000000000001,41.5,42.6802,9.9,0.0,9.9,32.7802,0.0,0.3424,0.3779,14519.1529,2,4
风电2-光伏4,54,5:00-6:00,6,1,1.6301999999999999,41.5,43.1302,9.62,0.0,9.62,33.510200000000005,0.0,0.3424,0.3779,14493.237900000002,2,4
风电2-光伏4,54,6:00-7:00,7,1,2.5002,41.5,44.0002,9.14,0.0,9.14,34.8602,0.0,0.3424,0.3779,14445.3129,2,4
风电2-光伏4,54,7:00-8:00,8,1,3.3701999999999996,41.5,44.8702,7.640000000000001,0.0,7.640000000000001,37.230199999999996,0.0,0.6074,0.3779,24227.180900000003,2,4
风电2-光伏4,54,8:00-9:00,9,1,4.0098,41.5,45.5098,4.748,0.0,4.748,40.7618,0.0,0.6074,0.3779,25037.683100000002,2,4
风电2-光伏4,54,9:00-10:00,10,1,4.199999999999999,41.5,45.7,4.859999999999999,0.0,4.859999999999999,40.84,0.0,0.6074,0.3779,25055.630000000005,2,4
风电2-光伏4,54,10:00-11:00,11,0,4.1202,0.0,4.1202,5.335999999999999,0.0,5.335999999999999,0.0,1.2157999999999998,0.8024,0.3779,32783.4929,2,4
风电2-光伏4,54,11:00-12:00,12,0,3.9000000000000004,0.0,3.9000000000000004,4.292,1.28,5.572,0.0,1.6719999999999997,0.8024,0.3779,32589.836,2,4
风电2-光伏4,54,12:00-13:00,13,0,3.2598000000000003,0.0,3.2598000000000003,4.168,5.12,9.288,0.0,6.0282,0.8024,0.3779,30740.629100000002,2,4
风电2-光伏4,54,13:00-14:00,14,1,2.6898,41.5,44.1898,6.787999999999999,7.68,14.468,29.721799999999998,0.0,0.8024,0.3779,28299.7541,2,4
风电2-光伏4,54,14:00-15:00,15,1,3.63,41.5,45.13,8.364,5.12,13.484000000000002,31.646,0.0,0.8024,0.3779,29116.577,2,4
风电2-光伏4,54,15:00-16:00,16,1,3.8202000000000003,41.5,45.3202,8.404,1.28,9.684,35.6362,0.0,0.6074,0.3779,23861.357900000003,2,4
风电2-光伏4,54,16:00-17:00,17,1,3.75,41.5,45.25,5.896,0.0,5.896,39.354,0.0,0.6074,0.3779,24714.593,2,4
风电2-光伏4,54,17:00-18:00,18,1,3.1398,41.5,44.6398,6.6080000000000005,0.0,6.6080000000000005,38.031800000000004,0.0,0.6074,0.3779,24411.148100000002,2,4
风电2-光伏4,54,18:00-19:00,19,0,2.61,0.0,2.61,6.252,0.0,6.252,0.0,3.642,0.8024,0.3779,31753.570999999996,2,4
风电2-光伏4,54,19:00-20:00,20,0,2.1198,0.0,2.1198,4.312,0.0,4.312,0.0,2.1922,0.8024,0.3779,32369.011099999996,2,4
风电2-光伏4,54,20:00-21:00,21,0,1.8599999999999999,0.0,1.8599999999999999,2.3280000000000003,0.0,2.3280000000000003,0.0,0.4680000000000004,0.8024,0.3779,33100.933999999994,2,4
风电2-光伏4,54,21:00-22:00,22,1,1.6301999999999999,41.5,43.1302,1.492,0.0,1.492,41.638200000000005,0.0,0.6074,0.3779,25207.100000000002,2,4
风电2-光伏4,54,22:00-23:00,23,1,1.56,41.5,43.06,2.124,0.0,2.124,40.936,0.0,0.6074,0.3779,25077.662000000004,2,4
风电2-光伏4,54,23:00-24:00,24,1,1.4802,41.5,42.980199999999996,3.6959999999999997,0.0,3.6959999999999997,39.2842,0.0,0.3424,0.3779,14288.260899999997,2,4
风电2-光伏4,45,0:00-1:00,1,1,1.3698000000000001,41.5,42.8698,5.312,0.0,5.312,37.5578,0.0,0.3424,0.3779,14349.5481,2,4
风电2-光伏4,45,1:00-2:00,2,1,1.0997999999999999,41.5,42.5998,8.5,0.0,8.5,34.0998,0.0,0.3424,0.3779,14472.3071,2,4
风电2-光伏4,45,2:00-3:00,3,1,0.7998000000000001,41.5,42.2998,9.379999999999999,0.0,9.379999999999999,32.919799999999995,0.0,0.3424,0.3779,14514.197099999998,2,4
风电2-光伏4,45,3:00-4:00,4,1,0.99,41.5,42.49,10.304,0.0,10.304,32.186,0.0,0.3424,0.3779,14540.247,2,4
风电2-光伏4,45,4:00-5:00,5,1,1.1802000000000001,41.5,42.6802,9.9,0.0,9.9,32.7802,0.0,0.3424,0.3779,14519.1529,2,4
风电2-光伏4,45,5:00-6:00,6,1,1.6301999999999999,41.5,43.1302,9.62,0.0,9.62,33.510200000000005,0.0,0.3424,0.3779,14493.237900000002,2,4
风电2-光伏4,45,6:00-7:00,7,1,2.5002,41.5,44.0002,9.14,0.0,9.14,34.8602,0.0,0.3424,0.3779,14445.3129,2,4
风电2-光伏4,45,7:00-8:00,8,1,3.3701999999999996,41.5,44.8702,7.640000000000001,0.0,7.640000000000001,37.230199999999996,0.0,0.6074,0.3779,24227.180900000003,2,4
风电2-光伏4,45,8:00-9:00,9,1,4.0098,41.5,45.5098,4.748,0.0,4.748,40.7618,0.0,0.6074,0.3779,25037.683100000002,2,4
风电2-光伏4,45,9:00-10:00,10,1,4.199999999999999,41.5,45.7,4.859999999999999,0.0,4.859999999999999,40.84,0.0,0.6074,0.3779,25055.630000000005,2,4
风电2-光伏4,45,10:00-11:00,11,0,4.1202,0.0,4.1202,5.335999999999999,0.0,5.335999999999999,0.0,1.2157999999999998,0.8024,0.3779,32783.4929,2,4
风电2-光伏4,45,11:00-12:00,12,0,3.9000000000000004,0.0,3.9000000000000004,4.292,1.28,5.572,0.0,1.6719999999999997,0.8024,0.3779,32589.836,2,4
风电2-光伏4,45,12:00-13:00,13,0,3.2598000000000003,0.0,3.2598000000000003,4.168,5.12,9.288,0.0,6.0282,0.8024,0.3779,30740.629100000002,2,4
风电2-光伏4,45,13:00-14:00,14,0,2.6898,0.0,2.6898,6.787999999999999,7.68,14.468,0.0,11.7782,0.8024,0.3779,28299.7541,2,4
风电2-光伏4,45,14:00-15:00,15,0,3.63,0.0,3.63,8.364,5.12,13.484000000000002,0.0,9.854000000000003,0.8024,0.3779,29116.577,2,4
风电2-光伏4,45,15:00-16:00,16,1,3.8202000000000003,41.5,45.3202,8.404,1.28,9.684,35.6362,0.0,0.6074,0.3779,23861.357900000003,2,4
风电2-光伏4,45,16:00-17:00,17,1,3.75,41.5,45.25,5.896,0.0,5.896,39.354,0.0,0.6074,0.3779,24714.593,2,4
风电2-光伏4,45,17:00-18:00,18,1,3.1398,41.5,44.6398,6.6080000000000005,0.0,6.6080000000000005,38.031800000000004,0.0,0.6074,0.3779,24411.148100000002,2,4
风电2-光伏4,45,18:00-19:00,19,0,2.61,0.0,2.61,6.252,0.0,6.252,0.0,3.642,0.8024,0.3779,31753.570999999996,2,4
风电2-光伏4,45,19:00-20:00,20,0,2.1198,0.0,2.1198,4.312,0.0,4.312,0.0,2.1922,0.8024,0.3779,32369.011099999996,2,4
风电2-光伏4,45,20:00-21:00,21,0,1.8599999999999999,0.0,1.8599999999999999,2.3280000000000003,0.0,2.3280000000000003,0.0,0.4680000000000004,0.8024,0.3779,33100.933999999994,2,4
风电2-光伏4,45,21:00-22:00,22,0,1.6301999999999999,0.0,1.6301999999999999,1.492,0.0,1.492,0.13819999999999988,0.0,0.6074,0.3779,25207.100000000002,2,4
风电2-光伏4,45,22:00-23:00,23,1,1.56,41.5,43.06,2.124,0.0,2.124,40.936,0.0,0.6074,0.3779,25077.662000000004,2,4
风电2-光伏4,45,23:00-24:00,24,1,1.4802,41.5,42.980199999999996,3.6959999999999997,0.0,3.6959999999999997,39.2842,0.0,0.3424,0.3779,14288.260899999997,2,4
风电2-光伏4,36,0:00-1:00,1,1,1.3698000000000001,41.5,42.8698,5.312,0.0,5.312,37.5578,0.0,0.3424,0.3779,14349.5481,2,4
风电2-光伏4,36,1:00-2:00,2,1,1.0997999999999999,41.5,42.5998,8.5,0.0,8.5,34.0998,0.0,0.3424,0.3779,14472.3071,2,4
风电2-光伏4,36,2:00-3:00,3,1,0.7998000000000001,41.5,42.2998,9.379999999999999,0.0,9.379999999999999,32.919799999999995,0.0,0.3424,0.3779,14514.197099999998,2,4
风电2-光伏4,36,3:00-4:00,4,1,0.99,41.5,42.49,10.304,0.0,10.304,32.186,0.0,0.3424,0.3779,14540.247,2,4
风电2-光伏4,36,4:00-5:00,5,1,1.1802000000000001,41.5,42.6802,9.9,0.0,9.9,32.7802,0.0,0.3424,0.3779,14519.1529,2,4
风电2-光伏4,36,5:00-6:00,6,1,1.6301999999999999,41.5,43.1302,9.62,0.0,9.62,33.510200000000005,0.0,0.3424,0.3779,14493.237900000002,2,4
风电2-光伏4,36,6:00-7:00,7,1,2.5002,41.5,44.0002,9.14,0.0,9.14,34.8602,0.0,0.3424,0.3779,14445.3129,2,4
风电2-光伏4,36,7:00-8:00,8,1,3.3701999999999996,41.5,44.8702,7.640000000000001,0.0,7.640000000000001,37.230199999999996,0.0,0.6074,0.3779,24227.180900000003,2,4
风电2-光伏4,36,8:00-9:00,9,0,4.0098,0.0,4.0098,4.748,0.0,4.748,0.0,0.7382,0.6074,0.3779,25037.683100000002,2,4
风电2-光伏4,36,9:00-10:00,10,0,4.199999999999999,0.0,4.199999999999999,4.859999999999999,0.0,4.859999999999999,0.0,0.6600000000000001,0.6074,0.3779,25055.630000000005,2,4
风电2-光伏4,36,10:00-11:00,11,0,4.1202,0.0,4.1202,5.335999999999999,0.0,5.335999999999999,0.0,1.2157999999999998,0.8024,0.3779,32783.4929,2,4
风电2-光伏4,36,11:00-12:00,12,0,3.9000000000000004,0.0,3.9000000000000004,4.292,1.28,5.572,0.0,1.6719999999999997,0.8024,0.3779,32589.836,2,4
风电2-光伏4,36,12:00-13:00,13,0,3.2598000000000003,0.0,3.2598000000000003,4.168,5.12,9.288,0.0,6.0282,0.8024,0.3779,30740.629100000002,2,4
风电2-光伏4,36,13:00-14:00,14,0,2.6898,0.0,2.6898,6.787999999999999,7.68,14.468,0.0,11.7782,0.8024,0.3779,28299.7541,2,4
风电2-光伏4,36,14:00-15:00,15,0,3.63,0.0,3.63,8.364,5.12,13.484000000000002,0.0,9.854000000000003,0.8024,0.3779,29116.577,2,4
风电2-光伏4,36,15:00-16:00,16,1,3.8202000000000003,41.5,45.3202,8.404,1.28,9.684,35.6362,0.0,0.6074,0.3779,23861.357900000003,2,4
风电2-光伏4,36,16:00-17:00,17,1,3.75,41.5,45.25,5.896,0.0,5.896,39.354,0.0,0.6074,0.3779,24714.593,2,4
风电2-光伏4,36,17:00-18:00,18,1,3.1398,41.5,44.6398,6.6080000000000005,0.0,6.6080000000000005,38.031800000000004,0.0,0.6074,0.3779,24411.148100000002,2,4
风电2-光伏4,36,18:00-19:00,19,0,2.61,0.0,2.61,6.252,0.0,6.252,0.0,3.642,0.8024,0.3779,31753.570999999996,2,4
风电2-光伏4,36,19:00-20:00,20,0,2.1198,0.0,2.1198,4.312,0.0,4.312,0.0,2.1922,0.8024,0.3779,32369.011099999996,2,4
风电2-光伏4,36,20:00-21:00,21,0,1.8599999999999999,0.0,1.8599999999999999,2.3280000000000003,0.0,2.3280000000000003,0.0,0.4680000000000004,0.8024,0.3779,33100.933999999994,2,4
风电2-光伏4,36,21:00-22:00,22,0,1.6301999999999999,0.0,1.6301999999999999,1.492,0.0,1.492,0.13819999999999988,0.0,0.6074,0.3779,25207.100000000002,2,4
风电2-光伏4,36,22:00-23:00,23,0,1.56,0.0,1.56,2.124,0.0,2.124,0.0,0.5640000000000001,0.6074,0.3779,25077.662000000004,2,4
风电2-光伏4,36,23:00-24:00,24,1,1.4802,41.5,42.980199999999996,3.6959999999999997,0.0,3.6959999999999997,39.2842,0.0,0.3424,0.3779,14288.260899999997,2,4
风电3-光伏1,72,0:00-1:00,1,1,1.3698000000000001,41.5,42.8698,11.904,0.0,11.904,30.965799999999998,0.0,0.3424,0.3779,14583.5641,3,1
风电3-光伏1,72,1:00-2:00,2,1,1.0997999999999999,41.5,42.5998,13.384,0.0,13.384,29.2158,0.0,0.3424,0.3779,14645.6891,3,1
风电3-光伏1,72,2:00-3:00,3,1,0.7998000000000001,41.5,42.2998,14.268,0.0,14.268,28.031799999999997,0.0,0.3424,0.3779,14687.721099999999,3,1
风电3-光伏1,72,3:00-4:00,4,1,0.99,41.5,42.49,15.72,0.0,15.72,26.770000000000003,0.0,0.3424,0.3779,14732.515000000001,3,1
风电3-光伏1,72,4:00-5:00,5,1,1.1802000000000001,41.5,42.6802,15.088,0.0,15.088,27.5922,0.0,0.3424,0.3779,14703.3269,3,1
风电3-光伏1,72,5:00-6:00,6,1,1.6301999999999999,41.5,43.1302,13.475999999999999,0.0,13.475999999999999,29.654200000000003,0.0,0.3424,0.3779,14630.1259,3,1
风电3-光伏1,72,6:00-7:00,7,1,2.5002,41.5,44.0002,13.832,14.08,27.912,16.0882,0.0,0.3424,0.3779,15111.7189,3,1
风电3-光伏1,72,7:00-8:00,8,1,3.3701999999999996,41.5,44.8702,12.76,25.6,38.36,6.5101999999999975,0.0,0.6074,0.3779,17176.9409,3,1
风电3-光伏1,72,8:00-9:00,9,1,4.0098,41.5,45.5098,10.712,37.12,47.831999999999994,0.0,2.322199999999995,0.6074,0.3779,15682.850000000002,3,1
风电3-光伏1,72,9:00-10:00,10,1,4.199999999999999,41.5,45.7,11.916,46.08,57.995999999999995,0.0,12.295999999999992,0.6074,0.3779,15682.850000000002,3,1
风电3-光伏1,72,10:00-11:00,11,1,4.1202,41.5,45.6202,8.804,52.48,61.284,0.0,15.663800000000002,0.8024,0.3779,15682.849999999999,3,1
风电3-光伏1,72,11:00-12:00,12,1,3.9000000000000004,41.5,45.4,9.3,55.04,64.34,0.0,18.940000000000005,0.8024,0.3779,15682.849999999999,3,1
风电3-光伏1,72,12:00-13:00,13,1,3.2598000000000003,41.5,44.7598,9.012,56.32,65.332,0.0,20.572199999999995,0.8024,0.3779,15682.849999999999,3,1
风电3-光伏1,72,13:00-14:00,14,1,2.6898,41.5,44.1898,10.704,56.32,67.024,0.0,22.834200000000003,0.8024,0.3779,15682.849999999999,3,1
风电3-光伏1,72,14:00-15:00,15,1,3.63,41.5,45.13,10.604,52.48,63.083999999999996,0.0,17.953999999999994,0.8024,0.3779,15682.849999999999,3,1
风电3-光伏1,72,15:00-16:00,16,1,3.8202000000000003,41.5,45.3202,14.552,44.8,59.352,0.0,14.031799999999997,0.6074,0.3779,15682.849999999999,3,1
风电3-光伏1,72,16:00-17:00,17,1,3.75,41.5,45.25,13.724,33.28,47.004000000000005,0.0,1.7540000000000049,0.6074,0.3779,15682.850000000002,3,1
风电3-光伏1,72,17:00-18:00,18,1,3.1398,41.5,44.6398,12.347999999999999,24.32,36.668,7.971800000000002,0.0,0.6074,0.3779,17512.3781,3,1
风电3-光伏1,72,18:00-19:00,19,1,2.61,41.5,44.11,12.152000000000001,11.52,23.672,20.438,0.0,0.8024,0.3779,24358.781,3,1
风电3-光伏1,72,19:00-20:00,20,1,2.1198,41.5,43.6198,9.236,0.0,9.236,34.383799999999994,0.0,0.8024,0.3779,30278.773099999995,3,1
风电3-光伏1,72,20:00-21:00,21,1,1.8599999999999999,41.5,43.36,7.228,0.0,7.228,36.132,0.0,0.8024,0.3779,31020.884,3,1
风电3-光伏1,72,21:00-22:00,22,1,1.6301999999999999,41.5,43.1302,6.252,0.0,6.252,36.8782,0.0,0.6074,0.3779,24146.396900000003,3,1
风电3-光伏1,72,22:00-23:00,23,1,1.56,41.5,43.06,6.452,0.0,6.452,36.608000000000004,0.0,0.6074,0.3779,24084.386000000002,3,1
风电3-光伏1,72,23:00-24:00,24,1,1.4802,41.5,42.980199999999996,7.972,0.0,7.972,35.008199999999995,0.0,0.3424,0.3779,14440.058899999998,3,1
风电3-光伏1,63,0:00-1:00,1,1,1.3698000000000001,41.5,42.8698,11.904,0.0,11.904,30.965799999999998,0.0,0.3424,0.3779,14583.5641,3,1
风电3-光伏1,63,1:00-2:00,2,1,1.0997999999999999,41.5,42.5998,13.384,0.0,13.384,29.2158,0.0,0.3424,0.3779,14645.6891,3,1
风电3-光伏1,63,2:00-3:00,3,1,0.7998000000000001,41.5,42.2998,14.268,0.0,14.268,28.031799999999997,0.0,0.3424,0.3779,14687.721099999999,3,1
风电3-光伏1,63,3:00-4:00,4,1,0.99,41.5,42.49,15.72,0.0,15.72,26.770000000000003,0.0,0.3424,0.3779,14732.515000000001,3,1
风电3-光伏1,63,4:00-5:00,5,1,1.1802000000000001,41.5,42.6802,15.088,0.0,15.088,27.5922,0.0,0.3424,0.3779,14703.3269,3,1
风电3-光伏1,63,5:00-6:00,6,1,1.6301999999999999,41.5,43.1302,13.475999999999999,0.0,13.475999999999999,29.654200000000003,0.0,0.3424,0.3779,14630.1259,3,1
风电3-光伏1,63,6:00-7:00,7,1,2.5002,41.5,44.0002,13.832,14.08,27.912,16.0882,0.0,0.3424,0.3779,15111.7189,3,1
风电3-光伏1,63,7:00-8:00,8,1,3.3701999999999996,41.5,44.8702,12.76,25.6,38.36,6.5101999999999975,0.0,0.6074,0.3779,17176.9409,3,1
风电3-光伏1,63,8:00-9:00,9,1,4.0098,41.5,45.5098,10.712,37.12,47.831999999999994,0.0,2.322199999999995,0.6074,0.3779,15682.850000000002,3,1
风电3-光伏1,63,9:00-10:00,10,1,4.199999999999999,41.5,45.7,11.916,46.08,57.995999999999995,0.0,12.295999999999992,0.6074,0.3779,15682.850000000002,3,1
风电3-光伏1,63,10:00-11:00,11,1,4.1202,41.5,45.6202,8.804,52.48,61.284,0.0,15.663800000000002,0.8024,0.3779,15682.849999999999,3,1
风电3-光伏1,63,11:00-12:00,12,1,3.9000000000000004,41.5,45.4,9.3,55.04,64.34,0.0,18.940000000000005,0.8024,0.3779,15682.849999999999,3,1
风电3-光伏1,63,12:00-13:00,13,1,3.2598000000000003,41.5,44.7598,9.012,56.32,65.332,0.0,20.572199999999995,0.8024,0.3779,15682.849999999999,3,1
风电3-光伏1,63,13:00-14:00,14,1,2.6898,41.5,44.1898,10.704,56.32,67.024,0.0,22.834200000000003,0.8024,0.3779,15682.849999999999,3,1
风电3-光伏1,63,14:00-15:00,15,1,3.63,41.5,45.13,10.604,52.48,63.083999999999996,0.0,17.953999999999994,0.8024,0.3779,15682.849999999999,3,1
风电3-光伏1,63,15:00-16:00,16,1,3.8202000000000003,41.5,45.3202,14.552,44.8,59.352,0.0,14.031799999999997,0.6074,0.3779,15682.849999999999,3,1
风电3-光伏1,63,16:00-17:00,17,1,3.75,41.5,45.25,13.724,33.28,47.004000000000005,0.0,1.7540000000000049,0.6074,0.3779,15682.850000000002,3,1
风电3-光伏1,63,17:00-18:00,18,1,3.1398,41.5,44.6398,12.347999999999999,24.32,36.668,7.971800000000002,0.0,0.6074,0.3779,17512.3781,3,1
风电3-光伏1,63,18:00-19:00,19,0,2.61,0.0,2.61,12.152000000000001,11.52,23.672,0.0,21.062,0.8024,0.3779,24358.781,3,1
风电3-光伏1,63,19:00-20:00,20,0,2.1198,0.0,2.1198,9.236,0.0,9.236,0.0,7.116200000000001,0.8024,0.3779,30278.773099999995,3,1
风电3-光伏1,63,20:00-21:00,21,0,1.8599999999999999,0.0,1.8599999999999999,7.228,0.0,7.228,0.0,5.368,0.8024,0.3779,31020.884,3,1
风电3-光伏1,63,21:00-22:00,22,1,1.6301999999999999,41.5,43.1302,6.252,0.0,6.252,36.8782,0.0,0.6074,0.3779,24146.396900000003,3,1
风电3-光伏1,63,22:00-23:00,23,1,1.56,41.5,43.06,6.452,0.0,6.452,36.608000000000004,0.0,0.6074,0.3779,24084.386000000002,3,1
风电3-光伏1,63,23:00-24:00,24,1,1.4802,41.5,42.980199999999996,7.972,0.0,7.972,35.008199999999995,0.0,0.3424,0.3779,14440.058899999998,3,1
风电3-光伏1,54,0:00-1:00,1,1,1.3698000000000001,41.5,42.8698,11.904,0.0,11.904,30.965799999999998,0.0,0.3424,0.3779,14583.5641,3,1
风电3-光伏1,54,1:00-2:00,2,1,1.0997999999999999,41.5,42.5998,13.384,0.0,13.384,29.2158,0.0,0.3424,0.3779,14645.6891,3,1
风电3-光伏1,54,2:00-3:00,3,1,0.7998000000000001,41.5,42.2998,14.268,0.0,14.268,28.031799999999997,0.0,0.3424,0.3779,14687.721099999999,3,1
风电3-光伏1,54,3:00-4:00,4,1,0.99,41.5,42.49,15.72,0.0,15.72,26.770000000000003,0.0,0.3424,0.3779,14732.515000000001,3,1
风电3-光伏1,54,4:00-5:00,5,1,1.1802000000000001,41.5,42.6802,15.088,0.0,15.088,27.5922,0.0,0.3424,0.3779,14703.3269,3,1
风电3-光伏1,54,5:00-6:00,6,1,1.6301999999999999,41.5,43.1302,13.475999999999999,0.0,13.475999999999999,29.654200000000003,0.0,0.3424,0.3779,14630.1259,3,1
风电3-光伏1,54,6:00-7:00,7,1,2.5002,41.5,44.0002,13.832,14.08,27.912,16.0882,0.0,0.3424,0.3779,15111.7189,3,1
风电3-光伏1,54,7:00-8:00,8,1,3.3701999999999996,41.5,44.8702,12.76,25.6,38.36,6.5101999999999975,0.0,0.6074,0.3779,17176.9409,3,1
风电3-光伏1,54,8:00-9:00,9,1,4.0098,41.5,45.5098,10.712,37.12,47.831999999999994,0.0,2.322199999999995,0.6074,0.3779,15682.850000000002,3,1
风电3-光伏1,54,9:00-10:00,10,1,4.199999999999999,41.5,45.7,11.916,46.08,57.995999999999995,0.0,12.295999999999992,0.6074,0.3779,15682.850000000002,3,1
风电3-光伏1,54,10:00-11:00,11,1,4.1202,41.5,45.6202,8.804,52.48,61.284,0.0,15.663800000000002,0.8024,0.3779,15682.849999999999,3,1
风电3-光伏1,54,11:00-12:00,12,1,3.9000000000000004,41.5,45.4,9.3,55.04,64.34,0.0,18.940000000000005,0.8024,0.3779,15682.849999999999,3,1
风电3-光伏1,54,12:00-13:00,13,1,3.2598000000000003,41.5,44.7598,9.012,56.32,65.332,0.0,20.572199999999995,0.8024,0.3779,15682.849999999999,3,1
风电3-光伏1,54,13:00-14:00,14,1,2.6898,41.5,44.1898,10.704,56.32,67.024,0.0,22.834200000000003,0.8024,0.3779,15682.849999999999,3,1
风电3-光伏1,54,14:00-15:00,15,1,3.63,41.5,45.13,10.604,52.48,63.083999999999996,0.0,17.953999999999994,0.8024,0.3779,15682.849999999999,3,1
风电3-光伏1,54,15:00-16:00,16,1,3.8202000000000003,41.5,45.3202,14.552,44.8,59.352,0.0,14.031799999999997,0.6074,0.3779,15682.849999999999,3,1
风电3-光伏1,54,16:00-17:00,17,1,3.75,41.5,45.25,13.724,33.28,47.004000000000005,0.0,1.7540000000000049,0.6074,0.3779,15682.850000000002,3,1
风电3-光伏1,54,17:00-18:00,18,0,3.1398,0.0,3.1398,12.347999999999999,24.32,36.668,0.0,33.5282,0.6074,0.3779,17512.3781,3,1
风电3-光伏1,54,18:00-19:00,19,0,2.61,0.0,2.61,12.152000000000001,11.52,23.672,0.0,21.062,0.8024,0.3779,24358.781,3,1
风电3-光伏1,54,19:00-20:00,20,0,2.1198,0.0,2.1198,9.236,0.0,9.236,0.0,7.116200000000001,0.8024,0.3779,30278.773099999995,3,1
风电3-光伏1,54,20:00-21:00,21,0,1.8599999999999999,0.0,1.8599999999999999,7.228,0.0,7.228,0.0,5.368,0.8024,0.3779,31020.884,3,1
风电3-光伏1,54,21:00-22:00,22,0,1.6301999999999999,0.0,1.6301999999999999,6.252,0.0,6.252,0.0,4.6218,0.6074,0.3779,24146.396900000003,3,1
风电3-光伏1,54,22:00-23:00,23,0,1.56,0.0,1.56,6.452,0.0,6.452,0.0,4.8919999999999995,0.6074,0.3779,24084.386000000002,3,1
风电3-光伏1,54,23:00-24:00,24,1,1.4802,41.5,42.980199999999996,7.972,0.0,7.972,35.008199999999995,0.0,0.3424,0.3779,14440.058899999998,3,1
风电3-光伏1,45,0:00-1:00,1,1,1.3698000000000001,41.5,42.8698,11.904,0.0,11.904,30.965799999999998,0.0,0.3424,0.3779,14583.5641,3,1
风电3-光伏1,45,1:00-2:00,2,1,1.0997999999999999,41.5,42.5998,13.384,0.0,13.384,29.2158,0.0,0.3424,0.3779,14645.6891,3,1
风电3-光伏1,45,2:00-3:00,3,1,0.7998000000000001,41.5,42.2998,14.268,0.0,14.268,28.031799999999997,0.0,0.3424,0.3779,14687.721099999999,3,1
风电3-光伏1,45,3:00-4:00,4,1,0.99,41.5,42.49,15.72,0.0,15.72,26.770000000000003,0.0,0.3424,0.3779,14732.515000000001,3,1
风电3-光伏1,45,4:00-5:00,5,1,1.1802000000000001,41.5,42.6802,15.088,0.0,15.088,27.5922,0.0,0.3424,0.3779,14703.3269,3,1
风电3-光伏1,45,5:00-6:00,6,1,1.6301999999999999,41.5,43.1302,13.475999999999999,0.0,13.475999999999999,29.654200000000003,0.0,0.3424,0.3779,14630.1259,3,1
风电3-光伏1,45,6:00-7:00,7,1,2.5002,41.5,44.0002,13.832,14.08,27.912,16.0882,0.0,0.3424,0.3779,15111.7189,3,1
风电3-光伏1,45,7:00-8:00,8,0,3.3701999999999996,-0.0,3.3701999999999996,12.76,25.6,38.36,0.0,34.9898,0.6074,0.3779,17176.9409,3,1
风电3-光伏1,45,8:00-9:00,9,0,4.0098,0.0,4.0098,10.712,37.12,47.831999999999994,0.0,43.822199999999995,0.6074,0.3779,15682.850000000002,3,1
风电3-光伏1,45,9:00-10:00,10,0,4.199999999999999,0.0,4.199999999999999,11.916,46.08,57.995999999999995,0.0,53.79599999999999,0.6074,0.3779,15682.850000000002,3,1
风电3-光伏1,45,10:00-11:00,11,1,4.1202,41.5,45.6202,8.804,52.48,61.284,0.0,15.663800000000002,0.8024,0.3779,15682.849999999999,3,1
风电3-光伏1,45,11:00-12:00,12,1,3.9000000000000004,41.5,45.4,9.3,55.04,64.34,0.0,18.940000000000005,0.8024,0.3779,15682.849999999999,3,1
风电3-光伏1,45,12:00-13:00,13,1,3.2598000000000003,41.5,44.7598,9.012,56.32,65.332,0.0,20.572199999999995,0.8024,0.3779,15682.849999999999,3,1
风电3-光伏1,45,13:00-14:00,14,1,2.6898,41.5,44.1898,10.704,56.32,67.024,0.0,22.834200000000003,0.8024,0.3779,15682.849999999999,3,1
风电3-光伏1,45,14:00-15:00,15,1,3.63,41.5,45.13,10.604,52.48,63.083999999999996,0.0,17.953999999999994,0.8024,0.3779,15682.849999999999,3,1
风电3-光伏1,45,15:00-16:00,16,1,3.8202000000000003,41.5,45.3202,14.552,44.8,59.352,0.0,14.031799999999997,0.6074,0.3779,15682.849999999999,3,1
风电3-光伏1,45,16:00-17:00,17,1,3.75,41.5,45.25,13.724,33.28,47.004000000000005,0.0,1.7540000000000049,0.6074,0.3779,15682.850000000002,3,1
风电3-光伏1,45,17:00-18:00,18,0,3.1398,0.0,3.1398,12.347999999999999,24.32,36.668,0.0,33.5282,0.6074,0.3779,17512.3781,3,1
风电3-光伏1,45,18:00-19:00,19,0,2.61,0.0,2.61,12.152000000000001,11.52,23.672,0.0,21.062,0.8024,0.3779,24358.781,3,1
风电3-光伏1,45,19:00-20:00,20,0,2.1198,0.0,2.1198,9.236,0.0,9.236,0.0,7.116200000000001,0.8024,0.3779,30278.773099999995,3,1
风电3-光伏1,45,20:00-21:00,21,0,1.8599999999999999,0.0,1.8599999999999999,7.228,0.0,7.228,0.0,5.368,0.8024,0.3779,31020.884,3,1
风电3-光伏1,45,21:00-22:00,22,0,1.6301999999999999,0.0,1.6301999999999999,6.252,0.0,6.252,0.0,4.6218,0.6074,0.3779,24146.396900000003,3,1
风电3-光伏1,45,22:00-23:00,23,0,1.56,0.0,1.56,6.452,0.0,6.452,0.0,4.8919999999999995,0.6074,0.3779,24084.386000000002,3,1
风电3-光伏1,45,23:00-24:00,24,1,1.4802,41.5,42.980199999999996,7.972,0.0,7.972,35.008199999999995,0.0,0.3424,0.3779,14440.058899999998,3,1
风电3-光伏1,36,0:00-1:00,1,1,1.3698000000000001,41.5,42.8698,11.904,0.0,11.904,30.965799999999998,0.0,0.3424,0.3779,14583.5641,3,1
风电3-光伏1,36,1:00-2:00,2,1,1.0997999999999999,41.5,42.5998,13.384,0.0,13.384,29.2158,0.0,0.3424,0.3779,14645.6891,3,1
风电3-光伏1,36,2:00-3:00,3,1,0.7998000000000001,41.5,42.2998,14.268,0.0,14.268,28.031799999999997,0.0,0.3424,0.3779,14687.721099999999,3,1
风电3-光伏1,36,3:00-4:00,4,1,0.99,41.5,42.49,15.72,0.0,15.72,26.770000000000003,0.0,0.3424,0.3779,14732.515000000001,3,1
风电3-光伏1,36,4:00-5:00,5,1,1.1802000000000001,41.5,42.6802,15.088,0.0,15.088,27.5922,0.0,0.3424,0.3779,14703.3269,3,1
风电3-光伏1,36,5:00-6:00,6,1,1.6301999999999999,41.5,43.1302,13.475999999999999,0.0,13.475999999999999,29.654200000000003,0.0,0.3424,0.3779,14630.1259,3,1
风电3-光伏1,36,6:00-7:00,7,1,2.5002,41.5,44.0002,13.832,14.08,27.912,16.0882,0.0,0.3424,0.3779,15111.7189,3,1
风电3-光伏1,36,7:00-8:00,8,0,3.3701999999999996,0.0,3.3701999999999996,12.76,25.6,38.36,0.0,34.9898,0.6074,0.3779,17176.9409,3,1
风电3-光伏1,36,8:00-9:00,9,0,4.0098,0.0,4.0098,10.712,37.12,47.831999999999994,0.0,43.822199999999995,0.6074,0.3779,15682.850000000002,3,1
风电3-光伏1,36,9:00-10:00,10,0,4.199999999999999,0.0,4.199999999999999,11.916,46.08,57.995999999999995,0.0,53.79599999999999,0.6074,0.3779,15682.850000000002,3,1
风电3-光伏1,36,10:00-11:00,11,0,4.1202,0.0,4.1202,8.804,52.48,61.284,0.0,57.1638,0.8024,0.3779,15682.849999999999,3,1
风电3-光伏1,36,11:00-12:00,12,0,3.9000000000000004,0.0,3.9000000000000004,9.3,55.04,64.34,0.0,60.440000000000005,0.8024,0.3779,15682.849999999999,3,1
风电3-光伏1,36,12:00-13:00,13,0,3.2598000000000003,0.0,3.2598000000000003,9.012,56.32,65.332,0.0,62.072199999999995,0.8024,0.3779,15682.849999999999,3,1
风电3-光伏1,36,13:00-14:00,14,1,2.6898,41.5,44.1898,10.704,56.32,67.024,0.0,22.834200000000003,0.8024,0.3779,15682.849999999999,3,1
风电3-光伏1,36,14:00-15:00,15,1,3.63,41.5,45.13,10.604,52.48,63.083999999999996,0.0,17.953999999999994,0.8024,0.3779,15682.849999999999,3,1
风电3-光伏1,36,15:00-16:00,16,1,3.8202000000000003,41.5,45.3202,14.552,44.8,59.352,0.0,14.031799999999997,0.6074,0.3779,15682.849999999999,3,1
风电3-光伏1,36,16:00-17:00,17,1,3.75,41.5,45.25,13.724,33.28,47.004000000000005,0.0,1.7540000000000049,0.6074,0.3779,15682.850000000002,3,1
风电3-光伏1,36,17:00-18:00,18,0,3.1398,0.0,3.1398,12.347999999999999,24.32,36.668,0.0,33.5282,0.6074,0.3779,17512.3781,3,1
风电3-光伏1,36,18:00-19:00,19,0,2.61,0.0,2.61,12.152000000000001,11.52,23.672,0.0,21.062,0.8024,0.3779,24358.781,3,1
风电3-光伏1,36,19:00-20:00,20,0,2.1198,0.0,2.1198,9.236,0.0,9.236,0.0,7.116200000000001,0.8024,0.3779,30278.773099999995,3,1
风电3-光伏1,36,20:00-21:00,21,0,1.8599999999999999,0.0,1.8599999999999999,7.228,0.0,7.228,0.0,5.368,0.8024,0.3779,31020.884,3,1
风电3-光伏1,36,21:00-22:00,22,0,1.6301999999999999,0.0,1.6301999999999999,6.252,0.0,6.252,0.0,4.6218,0.6074,0.3779,24146.396900000003,3,1
风电3-光伏1,36,22:00-23:00,23,0,1.56,0.0,1.56,6.452,0.0,6.452,0.0,4.8919999999999995,0.6074,0.3779,24084.386000000002,3,1
风电3-光伏1,36,23:00-24:00,24,1,1.4802,41.5,42.980199999999996,7.972,0.0,7.972,35.008199999999995,0.0,0.3424,0.3779,14440.058899999998,3,1
风电3-光伏2,72,0:00-1:00,1,1,1.3698000000000001,41.5,42.8698,11.904,0.0,11.904,30.965799999999998,0.0,0.3424,0.3779,14583.5641,3,2
风电3-光伏2,72,1:00-2:00,2,1,1.0997999999999999,41.5,42.5998,13.384,0.0,13.384,29.2158,0.0,0.3424,0.3779,14645.6891,3,2
风电3-光伏2,72,2:00-3:00,3,1,0.7998000000000001,41.5,42.2998,14.268,0.0,14.268,28.031799999999997,0.0,0.3424,0.3779,14687.721099999999,3,2
风电3-光伏2,72,3:00-4:00,4,1,0.99,41.5,42.49,15.72,0.0,15.72,26.770000000000003,0.0,0.3424,0.3779,14732.515000000001,3,2
风电3-光伏2,72,4:00-5:00,5,1,1.1802000000000001,41.5,42.6802,15.088,0.0,15.088,27.5922,0.0,0.3424,0.3779,14703.3269,3,2
风电3-光伏2,72,5:00-6:00,6,1,1.6301999999999999,41.5,43.1302,13.475999999999999,0.0,13.475999999999999,29.654200000000003,0.0,0.3424,0.3779,14630.1259,3,2
风电3-光伏2,72,6:00-7:00,7,1,2.5002,41.5,44.0002,13.832,0.0,13.832,30.1682,0.0,0.3424,0.3779,14611.878899999998,3,2
风电3-光伏2,72,7:00-8:00,8,1,3.3701999999999996,41.5,44.8702,12.76,3.2,15.96,28.910199999999996,0.0,0.6074,0.3779,22317.7409,3,2
风电3-光伏2,72,8:00-9:00,9,1,4.0098,41.5,45.5098,10.712,10.88,21.592,23.9178,0.0,0.6074,0.3779,21171.9851,3,2
风电3-光伏2,72,9:00-10:00,10,1,4.199999999999999,41.5,45.7,11.916,17.92,29.836000000000002,15.864,0.0,0.6074,0.3779,19323.638000000003,3,2
风电3-光伏2,72,10:00-11:00,11,1,4.1202,41.5,45.6202,8.804,24.96,33.764,11.856199999999994,0.0,0.8024,0.3779,20715.806899999996,3,2
风电3-光伏2,72,11:00-12:00,12,1,3.9000000000000004,41.5,45.4,9.3,31.36,40.66,4.740000000000002,0.0,0.8024,0.3779,17694.98,3,2
风电3-光伏2,72,12:00-13:00,13,1,3.2598000000000003,41.5,44.7598,9.012,35.84,44.852000000000004,0.0,0.09220000000000539,0.8024,0.3779,15682.85,3,2
风电3-光伏2,72,13:00-14:00,14,1,2.6898,41.5,44.1898,10.704,37.12,47.824,0.0,3.6342,0.8024,0.3779,15682.850000000002,3,2
风电3-光伏2,72,14:00-15:00,15,1,3.63,41.5,45.13,10.604,32.0,42.604,2.5260000000000034,0.0,0.8024,0.3779,16755.137000000002,3,2
风电3-光伏2,72,15:00-16:00,16,1,3.8202000000000003,41.5,45.3202,14.552,25.6,40.152,5.168199999999999,0.0,0.6074,0.3779,16868.9519,3,2
风电3-光伏2,72,16:00-17:00,17,1,3.75,41.5,45.25,13.724,19.2,32.924,12.326,0.0,0.6074,0.3779,18511.667,3,2
风电3-光伏2,72,17:00-18:00,18,1,3.1398,41.5,44.6398,12.347999999999999,9.6,21.948,22.6918,0.0,0.6074,0.3779,20890.618100000003,3,2
风电3-光伏2,72,18:00-19:00,19,1,2.61,41.5,44.11,12.152000000000001,3.2,15.352,28.758,0.0,0.8024,0.3779,27890.621,3,2
风电3-光伏2,72,19:00-20:00,20,1,2.1198,41.5,43.6198,9.236,0.0,9.236,34.383799999999994,0.0,0.8024,0.3779,30278.773099999995,3,2
风电3-光伏2,72,20:00-21:00,21,1,1.8599999999999999,41.5,43.36,7.228,0.0,7.228,36.132,0.0,0.8024,0.3779,31020.884,3,2
风电3-光伏2,72,21:00-22:00,22,1,1.6301999999999999,41.5,43.1302,6.252,0.0,6.252,36.8782,0.0,0.6074,0.3779,24146.396900000003,3,2
风电3-光伏2,72,22:00-23:00,23,1,1.56,41.5,43.06,6.452,0.0,6.452,36.608000000000004,0.0,0.6074,0.3779,24084.386000000002,3,2
风电3-光伏2,72,23:00-24:00,24,1,1.4802,41.5,42.980199999999996,7.972,0.0,7.972,35.008199999999995,0.0,0.3424,0.3779,14440.058899999998,3,2
风电3-光伏2,63,0:00-1:00,1,1,1.3698000000000001,41.5,42.8698,11.904,0.0,11.904,30.965799999999998,0.0,0.3424,0.3779,14583.5641,3,2
风电3-光伏2,63,1:00-2:00,2,1,1.0997999999999999,41.5,42.5998,13.384,0.0,13.384,29.2158,0.0,0.3424,0.3779,14645.6891,3,2
风电3-光伏2,63,2:00-3:00,3,1,0.7998000000000001,41.5,42.2998,14.268,0.0,14.268,28.031799999999997,0.0,0.3424,0.3779,14687.721099999999,3,2
风电3-光伏2,63,3:00-4:00,4,1,0.99,41.5,42.49,15.72,0.0,15.72,26.770000000000003,0.0,0.3424,0.3779,14732.515000000001,3,2
风电3-光伏2,63,4:00-5:00,5,1,1.1802000000000001,41.5,42.6802,15.088,0.0,15.088,27.5922,0.0,0.3424,0.3779,14703.3269,3,2
风电3-光伏2,63,5:00-6:00,6,1,1.6301999999999999,41.5,43.1302,13.475999999999999,0.0,13.475999999999999,29.654200000000003,0.0,0.3424,0.3779,14630.1259,3,2
风电3-光伏2,63,6:00-7:00,7,1,2.5002,41.5,44.0002,13.832,0.0,13.832,30.1682,0.0,0.3424,0.3779,14611.878899999998,3,2
风电3-光伏2,63,7:00-8:00,8,1,3.3701999999999996,41.5,44.8702,12.76,3.2,15.96,28.910199999999996,0.0,0.6074,0.3779,22317.7409,3,2
风电3-光伏2,63,8:00-9:00,9,1,4.0098,41.5,45.5098,10.712,10.88,21.592,23.9178,0.0,0.6074,0.3779,21171.9851,3,2
风电3-光伏2,63,9:00-10:00,10,1,4.199999999999999,41.5,45.7,11.916,17.92,29.836000000000002,15.864,0.0,0.6074,0.3779,19323.638000000003,3,2
风电3-光伏2,63,10:00-11:00,11,1,4.1202,41.5,45.6202,8.804,24.96,33.764,11.856199999999994,0.0,0.8024,0.3779,20715.806899999996,3,2
风电3-光伏2,63,11:00-12:00,12,1,3.9000000000000004,41.5,45.4,9.3,31.36,40.66,4.740000000000002,0.0,0.8024,0.3779,17694.98,3,2
风电3-光伏2,63,12:00-13:00,13,1,3.2598000000000003,41.5,44.7598,9.012,35.84,44.852000000000004,0.0,0.09220000000000539,0.8024,0.3779,15682.85,3,2
风电3-光伏2,63,13:00-14:00,14,1,2.6898,41.5,44.1898,10.704,37.12,47.824,0.0,3.6342,0.8024,0.3779,15682.850000000002,3,2
风电3-光伏2,63,14:00-15:00,15,1,3.63,41.5,45.13,10.604,32.0,42.604,2.5260000000000034,0.0,0.8024,0.3779,16755.137000000002,3,2
风电3-光伏2,63,15:00-16:00,16,1,3.8202000000000003,41.5,45.3202,14.552,25.6,40.152,5.168199999999999,0.0,0.6074,0.3779,16868.9519,3,2
风电3-光伏2,63,16:00-17:00,17,1,3.75,41.5,45.25,13.724,19.2,32.924,12.326,0.0,0.6074,0.3779,18511.667,3,2
风电3-光伏2,63,17:00-18:00,18,1,3.1398,41.5,44.6398,12.347999999999999,9.6,21.948,22.6918,0.0,0.6074,0.3779,20890.618100000003,3,2
风电3-光伏2,63,18:00-19:00,19,0,2.61,0.0,2.61,12.152000000000001,3.2,15.352,0.0,12.742,0.8024,0.3779,27890.621,3,2
风电3-光伏2,63,19:00-20:00,20,0,2.1198,0.0,2.1198,9.236,0.0,9.236,0.0,7.116200000000001,0.8024,0.3779,30278.773099999995,3,2
风电3-光伏2,63,20:00-21:00,21,0,1.8599999999999999,0.0,1.8599999999999999,7.228,0.0,7.228,0.0,5.368,0.8024,0.3779,31020.884,3,2
风电3-光伏2,63,21:00-22:00,22,1,1.6301999999999999,41.5,43.1302,6.252,0.0,6.252,36.8782,0.0,0.6074,0.3779,24146.396900000003,3,2
风电3-光伏2,63,22:00-23:00,23,1,1.56,41.5,43.06,6.452,0.0,6.452,36.608000000000004,0.0,0.6074,0.3779,24084.386000000002,3,2
风电3-光伏2,63,23:00-24:00,24,1,1.4802,41.5,42.980199999999996,7.972,0.0,7.972,35.008199999999995,0.0,0.3424,0.3779,14440.058899999998,3,2
风电3-光伏2,54,0:00-1:00,1,1,1.3698000000000001,41.5,42.8698,11.904,0.0,11.904,30.965799999999998,0.0,0.3424,0.3779,14583.5641,3,2
风电3-光伏2,54,1:00-2:00,2,1,1.0997999999999999,41.5,42.5998,13.384,0.0,13.384,29.2158,0.0,0.3424,0.3779,14645.6891,3,2
风电3-光伏2,54,2:00-3:00,3,1,0.7998000000000001,41.5,42.2998,14.268,0.0,14.268,28.031799999999997,0.0,0.3424,0.3779,14687.721099999999,3,2
风电3-光伏2,54,3:00-4:00,4,1,0.99,41.5,42.49,15.72,0.0,15.72,26.770000000000003,0.0,0.3424,0.3779,14732.515000000001,3,2
风电3-光伏2,54,4:00-5:00,5,1,1.1802000000000001,41.5,42.6802,15.088,0.0,15.088,27.5922,0.0,0.3424,0.3779,14703.3269,3,2
风电3-光伏2,54,5:00-6:00,6,1,1.6301999999999999,41.5,43.1302,13.475999999999999,0.0,13.475999999999999,29.654200000000003,0.0,0.3424,0.3779,14630.1259,3,2
风电3-光伏2,54,6:00-7:00,7,1,2.5002,41.5,44.0002,13.832,0.0,13.832,30.1682,0.0,0.3424,0.3779,14611.878899999998,3,2
风电3-光伏2,54,7:00-8:00,8,0,3.3701999999999996,0.0,3.3701999999999996,12.76,3.2,15.96,0.0,12.5898,0.6074,0.3779,22317.7409,3,2
风电3-光伏2,54,8:00-9:00,9,1,4.0098,41.5,45.5098,10.712,10.88,21.592,23.9178,0.0,0.6074,0.3779,21171.9851,3,2
风电3-光伏2,54,9:00-10:00,10,1,4.199999999999999,41.5,45.7,11.916,17.92,29.836000000000002,15.864,0.0,0.6074,0.3779,19323.638000000003,3,2
风电3-光伏2,54,10:00-11:00,11,1,4.1202,41.5,45.6202,8.804,24.96,33.764,11.856199999999994,0.0,0.8024,0.3779,20715.806899999996,3,2
风电3-光伏2,54,11:00-12:00,12,1,3.9000000000000004,41.5,45.4,9.3,31.36,40.66,4.740000000000002,0.0,0.8024,0.3779,17694.98,3,2
风电3-光伏2,54,12:00-13:00,13,1,3.2598000000000003,41.5,44.7598,9.012,35.84,44.852000000000004,0.0,0.09220000000000539,0.8024,0.3779,15682.85,3,2
风电3-光伏2,54,13:00-14:00,14,1,2.6898,41.5,44.1898,10.704,37.12,47.824,0.0,3.6342,0.8024,0.3779,15682.850000000002,3,2
风电3-光伏2,54,14:00-15:00,15,1,3.63,41.5,45.13,10.604,32.0,42.604,2.5260000000000034,0.0,0.8024,0.3779,16755.137000000002,3,2
风电3-光伏2,54,15:00-16:00,16,1,3.8202000000000003,41.5,45.3202,14.552,25.6,40.152,5.168199999999999,0.0,0.6074,0.3779,16868.9519,3,2
风电3-光伏2,54,16:00-17:00,17,1,3.75,41.5,45.25,13.724,19.2,32.924,12.326,0.0,0.6074,0.3779,18511.667,3,2
风电3-光伏2,54,17:00-18:00,18,1,3.1398,41.5,44.6398,12.347999999999999,9.6,21.948,22.6918,0.0,0.6074,0.3779,20890.618100000003,3,2
风电3-光伏2,54,18:00-19:00,19,0,2.61,0.0,2.61,12.152000000000001,3.2,15.352,0.0,12.742,0.8024,0.3779,27890.621,3,2
风电3-光伏2,54,19:00-20:00,20,0,2.1198,0.0,2.1198,9.236,0.0,9.236,0.0,7.116200000000001,0.8024,0.3779,30278.773099999995,3,2
风电3-光伏2,54,20:00-21:00,21,0,1.8599999999999999,0.0,1.8599999999999999,7.228,0.0,7.228,0.0,5.368,0.8024,0.3779,31020.884,3,2
风电3-光伏2,54,21:00-22:00,22,0,1.6301999999999999,0.0,1.6301999999999999,6.252,0.0,6.252,0.0,4.6218,0.6074,0.3779,24146.396900000003,3,2
风电3-光伏2,54,22:00-23:00,23,0,1.56,0.0,1.56,6.452,0.0,6.452,0.0,4.8919999999999995,0.6074,0.3779,24084.386000000002,3,2
风电3-光伏2,54,23:00-24:00,24,1,1.4802,41.5,42.980199999999996,7.972,0.0,7.972,35.008199999999995,0.0,0.3424,0.3779,14440.058899999998,3,2
风电3-光伏2,45,0:00-1:00,1,1,1.3698000000000001,41.5,42.8698,11.904,0.0,11.904,30.965799999999998,0.0,0.3424,0.3779,14583.5641,3,2
风电3-光伏2,45,1:00-2:00,2,1,1.0997999999999999,41.5,42.5998,13.384,0.0,13.384,29.2158,0.0,0.3424,0.3779,14645.6891,3,2
风电3-光伏2,45,2:00-3:00,3,1,0.7998000000000001,41.5,42.2998,14.268,0.0,14.268,28.031799999999997,0.0,0.3424,0.3779,14687.721099999999,3,2
风电3-光伏2,45,3:00-4:00,4,1,0.99,41.5,42.49,15.72,0.0,15.72,26.770000000000003,0.0,0.3424,0.3779,14732.515000000001,3,2
风电3-光伏2,45,4:00-5:00,5,1,1.1802000000000001,41.5,42.6802,15.088,0.0,15.088,27.5922,0.0,0.3424,0.3779,14703.3269,3,2
风电3-光伏2,45,5:00-6:00,6,1,1.6301999999999999,41.5,43.1302,13.475999999999999,0.0,13.475999999999999,29.654200000000003,0.0,0.3424,0.3779,14630.1259,3,2
风电3-光伏2,45,6:00-7:00,7,1,2.5002,41.5,44.0002,13.832,0.0,13.832,30.1682,0.0,0.3424,0.3779,14611.878899999998,3,2
风电3-光伏2,45,7:00-8:00,8,0,3.3701999999999996,0.0,3.3701999999999996,12.76,3.2,15.96,0.0,12.5898,0.6074,0.3779,22317.7409,3,2
风电3-光伏2,45,8:00-9:00,9,0,4.0098,0.0,4.0098,10.712,10.88,21.592,0.0,17.5822,0.6074,0.3779,21171.9851,3,2
风电3-光伏2,45,9:00-10:00,10,1,4.199999999999999,41.5,45.7,11.916,17.92,29.836000000000002,15.864,0.0,0.6074,0.3779,19323.638000000003,3,2
风电3-光伏2,45,10:00-11:00,11,0,4.1202,0.0,4.1202,8.804,24.96,33.764,0.0,29.643800000000002,0.8024,0.3779,20715.806899999996,3,2
风电3-光伏2,45,11:00-12:00,12,1,3.9000000000000004,41.5,45.4,9.3,31.36,40.66,4.740000000000002,0.0,0.8024,0.3779,17694.98,3,2
风电3-光伏2,45,12:00-13:00,13,1,3.2598000000000003,41.5,44.7598,9.012,35.84,44.852000000000004,0.0,0.09220000000000539,0.8024,0.3779,15682.85,3,2
风电3-光伏2,45,13:00-14:00,14,1,2.6898,41.5,44.1898,10.704,37.12,47.824,0.0,3.6342,0.8024,0.3779,15682.850000000002,3,2
风电3-光伏2,45,14:00-15:00,15,1,3.63,41.5,45.13,10.604,32.0,42.604,2.5260000000000034,0.0,0.8024,0.3779,16755.137000000002,3,2
风电3-光伏2,45,15:00-16:00,16,1,3.8202000000000003,41.5,45.3202,14.552,25.6,40.152,5.168199999999999,0.0,0.6074,0.3779,16868.9519,3,2
风电3-光伏2,45,16:00-17:00,17,1,3.75,41.5,45.25,13.724,19.2,32.924,12.326,0.0,0.6074,0.3779,18511.667,3,2
风电3-光伏2,45,17:00-18:00,18,0,3.1398,0.0,3.1398,12.347999999999999,9.6,21.948,0.0,18.8082,0.6074,0.3779,20890.618100000003,3,2
风电3-光伏2,45,18:00-19:00,19,0,2.61,0.0,2.61,12.152000000000001,3.2,15.352,0.0,12.742,0.8024,0.3779,27890.621,3,2
风电3-光伏2,45,19:00-20:00,20,0,2.1198,0.0,2.1198,9.236,0.0,9.236,0.0,7.116200000000001,0.8024,0.3779,30278.773099999995,3,2
风电3-光伏2,45,20:00-21:00,21,0,1.8599999999999999,0.0,1.8599999999999999,7.228,0.0,7.228,0.0,5.368,0.8024,0.3779,31020.884,3,2
风电3-光伏2,45,21:00-22:00,22,0,1.6301999999999999,0.0,1.6301999999999999,6.252,0.0,6.252,0.0,4.6218,0.6074,0.3779,24146.396900000003,3,2
风电3-光伏2,45,22:00-23:00,23,0,1.56,0.0,1.56,6.452,0.0,6.452,0.0,4.8919999999999995,0.6074,0.3779,24084.386000000002,3,2
风电3-光伏2,45,23:00-24:00,24,1,1.4802,41.5,42.980199999999996,7.972,0.0,7.972,35.008199999999995,0.0,0.3424,0.3779,14440.058899999998,3,2
风电3-光伏2,36,0:00-1:00,1,1,1.3698000000000001,41.5,42.8698,11.904,0.0,11.904,30.965799999999998,0.0,0.3424,0.3779,14583.5641,3,2
风电3-光伏2,36,1:00-2:00,2,1,1.0997999999999999,41.5,42.5998,13.384,0.0,13.384,29.2158,0.0,0.3424,0.3779,14645.6891,3,2
风电3-光伏2,36,2:00-3:00,3,1,0.7998000000000001,41.5,42.2998,14.268,0.0,14.268,28.031799999999997,0.0,0.3424,0.3779,14687.721099999999,3,2
风电3-光伏2,36,3:00-4:00,4,1,0.99,41.5,42.49,15.72,0.0,15.72,26.770000000000003,0.0,0.3424,0.3779,14732.515000000001,3,2
风电3-光伏2,36,4:00-5:00,5,1,1.1802000000000001,41.5,42.6802,15.088,0.0,15.088,27.5922,0.0,0.3424,0.3779,14703.3269,3,2
风电3-光伏2,36,5:00-6:00,6,1,1.6301999999999999,41.5,43.1302,13.475999999999999,0.0,13.475999999999999,29.654200000000003,0.0,0.3424,0.3779,14630.1259,3,2
风电3-光伏2,36,6:00-7:00,7,1,2.5002,41.5,44.0002,13.832,0.0,13.832,30.1682,0.0,0.3424,0.3779,14611.878899999998,3,2
风电3-光伏2,36,7:00-8:00,8,0,3.3701999999999996,0.0,3.3701999999999996,12.76,3.2,15.96,0.0,12.5898,0.6074,0.3779,22317.7409,3,2
风电3-光伏2,36,8:00-9:00,9,0,4.0098,0.0,4.0098,10.712,10.88,21.592,0.0,17.5822,0.6074,0.3779,21171.9851,3,2
风电3-光伏2,36,9:00-10:00,10,0,4.199999999999999,0.0,4.199999999999999,11.916,17.92,29.836000000000002,0.0,25.636000000000003,0.6074,0.3779,19323.638000000003,3,2
风电3-光伏2,36,10:00-11:00,11,0,4.1202,0.0,4.1202,8.804,24.96,33.764,0.0,29.643800000000002,0.8024,0.3779,20715.806899999996,3,2
风电3-光伏2,36,11:00-12:00,12,0,3.9000000000000004,0.0,3.9000000000000004,9.3,31.36,40.66,0.0,36.76,0.8024,0.3779,17694.98,3,2
风电3-光伏2,36,12:00-13:00,13,1,3.2598000000000003,41.5,44.7598,9.012,35.84,44.852000000000004,0.0,0.09220000000000539,0.8024,0.3779,15682.85,3,2
风电3-光伏2,36,13:00-14:00,14,1,2.6898,41.5,44.1898,10.704,37.12,47.824,0.0,3.6342,0.8024,0.3779,15682.850000000002,3,2
风电3-光伏2,36,14:00-15:00,15,1,3.63,41.5,45.13,10.604,32.0,42.604,2.5260000000000034,0.0,0.8024,0.3779,16755.137000000002,3,2
风电3-光伏2,36,15:00-16:00,16,1,3.8202000000000003,41.5,45.3202,14.552,25.6,40.152,5.168199999999999,0.0,0.6074,0.3779,16868.9519,3,2
风电3-光伏2,36,16:00-17:00,17,0,3.75,0.0,3.75,13.724,19.2,32.924,0.0,29.174,0.6074,0.3779,18511.667,3,2
风电3-光伏2,36,17:00-18:00,18,0,3.1398,0.0,3.1398,12.347999999999999,9.6,21.948,0.0,18.8082,0.6074,0.3779,20890.618100000003,3,2
风电3-光伏2,36,18:00-19:00,19,0,2.61,0.0,2.61,12.152000000000001,3.2,15.352,0.0,12.742,0.8024,0.3779,27890.621,3,2
风电3-光伏2,36,19:00-20:00,20,0,2.1198,0.0,2.1198,9.236,0.0,9.236,0.0,7.116200000000001,0.8024,0.3779,30278.773099999995,3,2
风电3-光伏2,36,20:00-21:00,21,0,1.8599999999999999,0.0,1.8599999999999999,7.228,0.0,7.228,0.0,5.368,0.8024,0.3779,31020.884,3,2
风电3-光伏2,36,21:00-22:00,22,0,1.6301999999999999,0.0,1.6301999999999999,6.252,0.0,6.252,0.0,4.6218,0.6074,0.3779,24146.396900000003,3,2
风电3-光伏2,36,22:00-23:00,23,0,1.56,0.0,1.56,6.452,0.0,6.452,0.0,4.8919999999999995,0.6074,0.3779,24084.386000000002,3,2
风电3-光伏2,36,23:00-24:00,24,1,1.4802,41.5,42.980199999999996,7.972,0.0,7.972,35.008199999999995,0.0,0.3424,0.3779,14440.058899999998,3,2
风电3-光伏3,72,0:00-1:00,1,1,1.3698000000000001,41.5,42.8698,11.904,0.0,11.904,30.965799999999998,0.0,0.3424,0.3779,14583.5641,3,3
风电3-光伏3,72,1:00-2:00,2,1,1.0997999999999999,41.5,42.5998,13.384,0.0,13.384,29.2158,0.0,0.3424,0.3779,14645.6891,3,3
风电3-光伏3,72,2:00-3:00,3,1,0.7998000000000001,41.5,42.2998,14.268,0.0,14.268,28.031799999999997,0.0,0.3424,0.3779,14687.721099999999,3,3
风电3-光伏3,72,3:00-4:00,4,1,0.99,41.5,42.49,15.72,0.0,15.72,26.770000000000003,0.0,0.3424,0.3779,14732.515000000001,3,3
风电3-光伏3,72,4:00-5:00,5,1,1.1802000000000001,41.5,42.6802,15.088,0.0,15.088,27.5922,0.0,0.3424,0.3779,14703.3269,3,3
风电3-光伏3,72,5:00-6:00,6,1,1.6301999999999999,41.5,43.1302,13.475999999999999,0.0,13.475999999999999,29.654200000000003,0.0,0.3424,0.3779,14630.1259,3,3
风电3-光伏3,72,6:00-7:00,7,1,2.5002,41.5,44.0002,13.832,0.0,13.832,30.1682,0.0,0.3424,0.3779,14611.878899999998,3,3
风电3-光伏3,72,7:00-8:00,8,1,3.3701999999999996,41.5,44.8702,12.76,1.28,14.04,30.830199999999998,0.0,0.6074,0.3779,22758.3809,3,3
风电3-光伏3,72,8:00-9:00,9,1,4.0098,41.5,45.5098,10.712,3.2,13.911999999999999,31.5978,0.0,0.6074,0.3779,22934.5451,3,3
风电3-光伏3,72,9:00-10:00,10,1,4.199999999999999,41.5,45.7,11.916,5.12,17.036,28.664,0.0,0.6074,0.3779,22261.238000000005,3,3
风电3-光伏3,72,10:00-11:00,11,1,4.1202,41.5,45.6202,8.804,7.68,16.484,29.136199999999995,0.0,0.8024,0.3779,28051.166899999997,3,3
风电3-光伏3,72,11:00-12:00,12,1,3.9000000000000004,41.5,45.4,9.3,11.52,20.82,24.58,0.0,0.8024,0.3779,26117.059999999998,3,3
风电3-光伏3,72,12:00-13:00,13,1,3.2598000000000003,41.5,44.7598,9.012,14.08,23.092,21.6678,0.0,0.8024,0.3779,24880.8311,3,3
风电3-光伏3,72,13:00-14:00,14,1,2.6898,41.5,44.1898,10.704,14.08,24.784,19.4058,0.0,0.8024,0.3779,23920.612100000002,3,3
风电3-光伏3,72,14:00-15:00,15,1,3.63,41.5,45.13,10.604,11.52,22.124,23.006000000000004,0.0,0.8024,0.3779,25448.897000000004,3,3
风电3-光伏3,72,15:00-16:00,16,1,3.8202000000000003,41.5,45.3202,14.552,7.04,21.592,23.7282,0.0,0.6074,0.3779,21128.471900000004,3,3
风电3-光伏3,72,16:00-17:00,17,1,3.75,41.5,45.25,13.724,5.12,18.844,26.406,0.0,0.6074,0.3779,21743.027000000002,3,3
风电3-光伏3,72,17:00-18:00,18,1,3.1398,41.5,44.6398,12.347999999999999,3.2,15.547999999999998,29.091800000000003,0.0,0.6074,0.3779,22359.418100000003,3,3
风电3-光伏3,72,18:00-19:00,19,1,2.61,41.5,44.11,12.152000000000001,1.28,13.432,30.677999999999997,0.0,0.8024,0.3779,28705.660999999996,3,3
风电3-光伏3,72,19:00-20:00,20,1,2.1198,41.5,43.6198,9.236,0.0,9.236,34.383799999999994,0.0,0.8024,0.3779,30278.773099999995,3,3
风电3-光伏3,72,20:00-21:00,21,1,1.8599999999999999,41.5,43.36,7.228,0.0,7.228,36.132,0.0,0.8024,0.3779,31020.884,3,3
风电3-光伏3,72,21:00-22:00,22,1,1.6301999999999999,41.5,43.1302,6.252,0.0,6.252,36.8782,0.0,0.6074,0.3779,24146.396900000003,3,3
风电3-光伏3,72,22:00-23:00,23,1,1.56,41.5,43.06,6.452,0.0,6.452,36.608000000000004,0.0,0.6074,0.3779,24084.386000000002,3,3
风电3-光伏3,72,23:00-24:00,24,1,1.4802,41.5,42.980199999999996,7.972,0.0,7.972,35.008199999999995,0.0,0.3424,0.3779,14440.058899999998,3,3
风电3-光伏3,63,0:00-1:00,1,1,1.3698000000000001,41.5,42.8698,11.904,0.0,11.904,30.965799999999998,0.0,0.3424,0.3779,14583.5641,3,3
风电3-光伏3,63,1:00-2:00,2,1,1.0997999999999999,41.5,42.5998,13.384,0.0,13.384,29.2158,0.0,0.3424,0.3779,14645.6891,3,3
风电3-光伏3,63,2:00-3:00,3,1,0.7998000000000001,41.5,42.2998,14.268,0.0,14.268,28.031799999999997,0.0,0.3424,0.3779,14687.721099999999,3,3
风电3-光伏3,63,3:00-4:00,4,1,0.99,41.5,42.49,15.72,0.0,15.72,26.770000000000003,0.0,0.3424,0.3779,14732.515000000001,3,3
风电3-光伏3,63,4:00-5:00,5,1,1.1802000000000001,41.5,42.6802,15.088,0.0,15.088,27.5922,0.0,0.3424,0.3779,14703.3269,3,3
风电3-光伏3,63,5:00-6:00,6,1,1.6301999999999999,41.5,43.1302,13.475999999999999,0.0,13.475999999999999,29.654200000000003,0.0,0.3424,0.3779,14630.1259,3,3
风电3-光伏3,63,6:00-7:00,7,1,2.5002,41.5,44.0002,13.832,0.0,13.832,30.1682,0.0,0.3424,0.3779,14611.878899999998,3,3
风电3-光伏3,63,7:00-8:00,8,1,3.3701999999999996,41.5,44.8702,12.76,1.28,14.04,30.830199999999998,0.0,0.6074,0.3779,22758.3809,3,3
风电3-光伏3,63,8:00-9:00,9,1,4.0098,41.5,45.5098,10.712,3.2,13.911999999999999,31.5978,0.0,0.6074,0.3779,22934.5451,3,3
风电3-光伏3,63,9:00-10:00,10,1,4.199999999999999,41.5,45.7,11.916,5.12,17.036,28.664,0.0,0.6074,0.3779,22261.238000000005,3,3
风电3-光伏3,63,10:00-11:00,11,1,4.1202,41.5,45.6202,8.804,7.68,16.484,29.136199999999995,0.0,0.8024,0.3779,28051.166899999997,3,3
风电3-光伏3,63,11:00-12:00,12,1,3.9000000000000004,41.5,45.4,9.3,11.52,20.82,24.58,0.0,0.8024,0.3779,26117.059999999998,3,3
风电3-光伏3,63,12:00-13:00,13,1,3.2598000000000003,41.5,44.7598,9.012,14.08,23.092,21.6678,0.0,0.8024,0.3779,24880.8311,3,3
风电3-光伏3,63,13:00-14:00,14,1,2.6898,41.5,44.1898,10.704,14.08,24.784,19.4058,0.0,0.8024,0.3779,23920.612100000002,3,3
风电3-光伏3,63,14:00-15:00,15,1,3.63,41.5,45.13,10.604,11.52,22.124,23.006000000000004,0.0,0.8024,0.3779,25448.897000000004,3,3
风电3-光伏3,63,15:00-16:00,16,1,3.8202000000000003,41.5,45.3202,14.552,7.04,21.592,23.7282,0.0,0.6074,0.3779,21128.471900000004,3,3
风电3-光伏3,63,16:00-17:00,17,1,3.75,41.5,45.25,13.724,5.12,18.844,26.406,0.0,0.6074,0.3779,21743.027000000002,3,3
风电3-光伏3,63,17:00-18:00,18,1,3.1398,41.5,44.6398,12.347999999999999,3.2,15.547999999999998,29.091800000000003,0.0,0.6074,0.3779,22359.418100000003,3,3
风电3-光伏3,63,18:00-19:00,19,0,2.61,0.0,2.61,12.152000000000001,1.28,13.432,0.0,10.822000000000001,0.8024,0.3779,28705.660999999996,3,3
风电3-光伏3,63,19:00-20:00,20,0,2.1198,0.0,2.1198,9.236,0.0,9.236,0.0,7.116200000000001,0.8024,0.3779,30278.773099999995,3,3
风电3-光伏3,63,20:00-21:00,21,0,1.8599999999999999,0.0,1.8599999999999999,7.228,0.0,7.228,0.0,5.368,0.8024,0.3779,31020.884,3,3
风电3-光伏3,63,21:00-22:00,22,1,1.6301999999999999,41.5,43.1302,6.252,0.0,6.252,36.8782,0.0,0.6074,0.3779,24146.396900000003,3,3
风电3-光伏3,63,22:00-23:00,23,1,1.56,41.5,43.06,6.452,0.0,6.452,36.608000000000004,0.0,0.6074,0.3779,24084.386000000002,3,3
风电3-光伏3,63,23:00-24:00,24,1,1.4802,41.5,42.980199999999996,7.972,0.0,7.972,35.008199999999995,0.0,0.3424,0.3779,14440.058899999998,3,3
风电3-光伏3,54,0:00-1:00,1,1,1.3698000000000001,41.5,42.8698,11.904,0.0,11.904,30.965799999999998,0.0,0.3424,0.3779,14583.5641,3,3
风电3-光伏3,54,1:00-2:00,2,1,1.0997999999999999,41.5,42.5998,13.384,0.0,13.384,29.2158,0.0,0.3424,0.3779,14645.6891,3,3
风电3-光伏3,54,2:00-3:00,3,1,0.7998000000000001,41.5,42.2998,14.268,0.0,14.268,28.031799999999997,0.0,0.3424,0.3779,14687.721099999999,3,3
风电3-光伏3,54,3:00-4:00,4,1,0.99,41.5,42.49,15.72,0.0,15.72,26.770000000000003,0.0,0.3424,0.3779,14732.515000000001,3,3
风电3-光伏3,54,4:00-5:00,5,1,1.1802000000000001,41.5,42.6802,15.088,0.0,15.088,27.5922,0.0,0.3424,0.3779,14703.3269,3,3
风电3-光伏3,54,5:00-6:00,6,1,1.6301999999999999,41.5,43.1302,13.475999999999999,0.0,13.475999999999999,29.654200000000003,0.0,0.3424,0.3779,14630.1259,3,3
风电3-光伏3,54,6:00-7:00,7,1,2.5002,41.5,44.0002,13.832,0.0,13.832,30.1682,0.0,0.3424,0.3779,14611.878899999998,3,3
风电3-光伏3,54,7:00-8:00,8,1,3.3701999999999996,41.5,44.8702,12.76,1.28,14.04,30.830199999999998,0.0,0.6074,0.3779,22758.3809,3,3
风电3-光伏3,54,8:00-9:00,9,1,4.0098,41.5,45.5098,10.712,3.2,13.911999999999999,31.5978,0.0,0.6074,0.3779,22934.5451,3,3
风电3-光伏3,54,9:00-10:00,10,1,4.199999999999999,41.5,45.7,11.916,5.12,17.036,28.664,0.0,0.6074,0.3779,22261.238000000005,3,3
风电3-光伏3,54,10:00-11:00,11,0,4.1202,0.0,4.1202,8.804,7.68,16.484,0.0,12.363800000000001,0.8024,0.3779,28051.166899999997,3,3
风电3-光伏3,54,11:00-12:00,12,0,3.9000000000000004,0.0,3.9000000000000004,9.3,11.52,20.82,0.0,16.92,0.8024,0.3779,26117.059999999998,3,3
风电3-光伏3,54,12:00-13:00,13,1,3.2598000000000003,41.5,44.7598,9.012,14.08,23.092,21.6678,0.0,0.8024,0.3779,24880.8311,3,3
风电3-光伏3,54,13:00-14:00,14,1,2.6898,41.5,44.1898,10.704,14.08,24.784,19.4058,0.0,0.8024,0.3779,23920.612100000002,3,3
风电3-光伏3,54,14:00-15:00,15,0,3.63,0.0,3.63,10.604,11.52,22.124,0.0,18.494,0.8024,0.3779,25448.897000000004,3,3
风电3-光伏3,54,15:00-16:00,16,1,3.8202000000000003,41.5,45.3202,14.552,7.04,21.592,23.7282,0.0,0.6074,0.3779,21128.471900000004,3,3
风电3-光伏3,54,16:00-17:00,17,1,3.75,41.5,45.25,13.724,5.12,18.844,26.406,0.0,0.6074,0.3779,21743.027000000002,3,3
风电3-光伏3,54,17:00-18:00,18,1,3.1398,41.5,44.6398,12.347999999999999,3.2,15.547999999999998,29.091800000000003,0.0,0.6074,0.3779,22359.418100000003,3,3
风电3-光伏3,54,18:00-19:00,19,0,2.61,0.0,2.61,12.152000000000001,1.28,13.432,0.0,10.822000000000001,0.8024,0.3779,28705.660999999996,3,3
风电3-光伏3,54,19:00-20:00,20,0,2.1198,0.0,2.1198,9.236,0.0,9.236,0.0,7.116200000000001,0.8024,0.3779,30278.773099999995,3,3
风电3-光伏3,54,20:00-21:00,21,0,1.8599999999999999,0.0,1.8599999999999999,7.228,0.0,7.228,0.0,5.368,0.8024,0.3779,31020.884,3,3
风电3-光伏3,54,21:00-22:00,22,1,1.6301999999999999,41.5,43.1302,6.252,0.0,6.252,36.8782,0.0,0.6074,0.3779,24146.396900000003,3,3
风电3-光伏3,54,22:00-23:00,23,1,1.56,41.5,43.06,6.452,0.0,6.452,36.608000000000004,0.0,0.6074,0.3779,24084.386000000002,3,3
风电3-光伏3,54,23:00-24:00,24,1,1.4802,41.5,42.980199999999996,7.972,0.0,7.972,35.008199999999995,0.0,0.3424,0.3779,14440.058899999998,3,3
风电3-光伏3,45,0:00-1:00,1,1,1.3698000000000001,41.5,42.8698,11.904,0.0,11.904,30.965799999999998,0.0,0.3424,0.3779,14583.5641,3,3
风电3-光伏3,45,1:00-2:00,2,1,1.0997999999999999,41.5,42.5998,13.384,0.0,13.384,29.2158,0.0,0.3424,0.3779,14645.6891,3,3
风电3-光伏3,45,2:00-3:00,3,1,0.7998000000000001,41.5,42.2998,14.268,0.0,14.268,28.031799999999997,0.0,0.3424,0.3779,14687.721099999999,3,3
风电3-光伏3,45,3:00-4:00,4,1,0.99,41.5,42.49,15.72,0.0,15.72,26.770000000000003,0.0,0.3424,0.3779,14732.515000000001,3,3
风电3-光伏3,45,4:00-5:00,5,1,1.1802000000000001,41.5,42.6802,15.088,0.0,15.088,27.5922,0.0,0.3424,0.3779,14703.3269,3,3
风电3-光伏3,45,5:00-6:00,6,1,1.6301999999999999,41.5,43.1302,13.475999999999999,0.0,13.475999999999999,29.654200000000003,0.0,0.3424,0.3779,14630.1259,3,3
风电3-光伏3,45,6:00-7:00,7,1,2.5002,41.5,44.0002,13.832,0.0,13.832,30.1682,0.0,0.3424,0.3779,14611.878899999998,3,3
风电3-光伏3,45,7:00-8:00,8,1,3.3701999999999996,41.5,44.8702,12.76,1.28,14.04,30.830199999999998,0.0,0.6074,0.3779,22758.3809,3,3
风电3-光伏3,45,8:00-9:00,9,1,4.0098,41.5,45.5098,10.712,3.2,13.911999999999999,31.5978,0.0,0.6074,0.3779,22934.5451,3,3
风电3-光伏3,45,9:00-10:00,10,1,4.199999999999999,41.5,45.7,11.916,5.12,17.036,28.664,0.0,0.6074,0.3779,22261.238000000005,3,3
风电3-光伏3,45,10:00-11:00,11,0,4.1202,0.0,4.1202,8.804,7.68,16.484,0.0,12.363800000000001,0.8024,0.3779,28051.166899999997,3,3
风电3-光伏3,45,11:00-12:00,12,0,3.9000000000000004,0.0,3.9000000000000004,9.3,11.52,20.82,0.0,16.92,0.8024,0.3779,26117.059999999998,3,3
风电3-光伏3,45,12:00-13:00,13,0,3.2598000000000003,0.0,3.2598000000000003,9.012,14.08,23.092,0.0,19.8322,0.8024,0.3779,24880.8311,3,3
风电3-光伏3,45,13:00-14:00,14,1,2.6898,41.5,44.1898,10.704,14.08,24.784,19.4058,0.0,0.8024,0.3779,23920.612100000002,3,3
风电3-光伏3,45,14:00-15:00,15,0,3.63,0.0,3.63,10.604,11.52,22.124,0.0,18.494,0.8024,0.3779,25448.897000000004,3,3
风电3-光伏3,45,15:00-16:00,16,1,3.8202000000000003,41.5,45.3202,14.552,7.04,21.592,23.7282,0.0,0.6074,0.3779,21128.471900000004,3,3
风电3-光伏3,45,16:00-17:00,17,1,3.75,41.5,45.25,13.724,5.12,18.844,26.406,0.0,0.6074,0.3779,21743.027000000002,3,3
风电3-光伏3,45,17:00-18:00,18,1,3.1398,41.5,44.6398,12.347999999999999,3.2,15.547999999999998,29.091800000000003,0.0,0.6074,0.3779,22359.418100000003,3,3
风电3-光伏3,45,18:00-19:00,19,0,2.61,0.0,2.61,12.152000000000001,1.28,13.432,0.0,10.822000000000001,0.8024,0.3779,28705.660999999996,3,3
风电3-光伏3,45,19:00-20:00,20,0,2.1198,0.0,2.1198,9.236,0.0,9.236,0.0,7.116200000000001,0.8024,0.3779,30278.773099999995,3,3
风电3-光伏3,45,20:00-21:00,21,0,1.8599999999999999,0.0,1.8599999999999999,7.228,0.0,7.228,0.0,5.368,0.8024,0.3779,31020.884,3,3
风电3-光伏3,45,21:00-22:00,22,0,1.6301999999999999,0.0,1.6301999999999999,6.252,0.0,6.252,0.0,4.6218,0.6074,0.3779,24146.396900000003,3,3
风电3-光伏3,45,22:00-23:00,23,0,1.56,0.0,1.56,6.452,0.0,6.452,0.0,4.8919999999999995,0.6074,0.3779,24084.386000000002,3,3
风电3-光伏3,45,23:00-24:00,24,1,1.4802,41.5,42.980199999999996,7.972,0.0,7.972,35.008199999999995,0.0,0.3424,0.3779,14440.058899999998,3,3
风电3-光伏3,36,0:00-1:00,1,1,1.3698000000000001,41.5,42.8698,11.904,0.0,11.904,30.965799999999998,0.0,0.3424,0.3779,14583.5641,3,3
风电3-光伏3,36,1:00-2:00,2,1,1.0997999999999999,41.5,42.5998,13.384,0.0,13.384,29.2158,0.0,0.3424,0.3779,14645.6891,3,3
风电3-光伏3,36,2:00-3:00,3,1,0.7998000000000001,41.5,42.2998,14.268,0.0,14.268,28.031799999999997,0.0,0.3424,0.3779,14687.721099999999,3,3
风电3-光伏3,36,3:00-4:00,4,1,0.99,41.5,42.49,15.72,0.0,15.72,26.770000000000003,0.0,0.3424,0.3779,14732.515000000001,3,3
风电3-光伏3,36,4:00-5:00,5,1,1.1802000000000001,41.5,42.6802,15.088,0.0,15.088,27.5922,0.0,0.3424,0.3779,14703.3269,3,3
风电3-光伏3,36,5:00-6:00,6,1,1.6301999999999999,41.5,43.1302,13.475999999999999,0.0,13.475999999999999,29.654200000000003,0.0,0.3424,0.3779,14630.1259,3,3
风电3-光伏3,36,6:00-7:00,7,1,2.5002,41.5,44.0002,13.832,0.0,13.832,30.1682,0.0,0.3424,0.3779,14611.878899999998,3,3
风电3-光伏3,36,7:00-8:00,8,0,3.3701999999999996,0.0,3.3701999999999996,12.76,1.28,14.04,0.0,10.669799999999999,0.6074,0.3779,22758.3809,3,3
风电3-光伏3,36,8:00-9:00,9,0,4.0098,0.0,4.0098,10.712,3.2,13.911999999999999,0.0,9.902199999999999,0.6074,0.3779,22934.5451,3,3
风电3-光伏3,36,9:00-10:00,10,1,4.199999999999999,41.5,45.7,11.916,5.12,17.036,28.664,0.0,0.6074,0.3779,22261.238000000005,3,3
风电3-光伏3,36,10:00-11:00,11,0,4.1202,0.0,4.1202,8.804,7.68,16.484,0.0,12.363800000000001,0.8024,0.3779,28051.166899999997,3,3
风电3-光伏3,36,11:00-12:00,12,0,3.9000000000000004,0.0,3.9000000000000004,9.3,11.52,20.82,0.0,16.92,0.8024,0.3779,26117.059999999998,3,3
风电3-光伏3,36,12:00-13:00,13,0,3.2598000000000003,0.0,3.2598000000000003,9.012,14.08,23.092,0.0,19.8322,0.8024,0.3779,24880.8311,3,3
风电3-光伏3,36,13:00-14:00,14,0,2.6898,0.0,2.6898,10.704,14.08,24.784,0.0,22.0942,0.8024,0.3779,23920.612100000002,3,3
风电3-光伏3,36,14:00-15:00,15,0,3.63,0.0,3.63,10.604,11.52,22.124,0.0,18.494,0.8024,0.3779,25448.897000000004,3,3
风电3-光伏3,36,15:00-16:00,16,1,3.8202000000000003,41.5,45.3202,14.552,7.04,21.592,23.7282,0.0,0.6074,0.3779,21128.471900000004,3,3
风电3-光伏3,36,16:00-17:00,17,1,3.75,41.5,45.25,13.724,5.12,18.844,26.406,0.0,0.6074,0.3779,21743.027000000002,3,3
风电3-光伏3,36,17:00-18:00,18,1,3.1398,41.5,44.6398,12.347999999999999,3.2,15.547999999999998,29.091800000000003,0.0,0.6074,0.3779,22359.418100000003,3,3
风电3-光伏3,36,18:00-19:00,19,0,2.61,0.0,2.61,12.152000000000001,1.28,13.432,0.0,10.822000000000001,0.8024,0.3779,28705.660999999996,3,3
风电3-光伏3,36,19:00-20:00,20,0,2.1198,0.0,2.1198,9.236,0.0,9.236,0.0,7.116200000000001,0.8024,0.3779,30278.773099999995,3,3
风电3-光伏3,36,20:00-21:00,21,0,1.8599999999999999,0.0,1.8599999999999999,7.228,0.0,7.228,0.0,5.368,0.8024,0.3779,31020.884,3,3
风电3-光伏3,36,21:00-22:00,22,0,1.6301999999999999,0.0,1.6301999999999999,6.252,0.0,6.252,0.0,4.6218,0.6074,0.3779,24146.396900000003,3,3
风电3-光伏3,36,22:00-23:00,23,0,1.56,0.0,1.56,6.452,0.0,6.452,0.0,4.8919999999999995,0.6074,0.3779,24084.386000000002,3,3
风电3-光伏3,36,23:00-24:00,24,1,1.4802,41.5,42.980199999999996,7.972,0.0,7.972,35.008199999999995,0.0,0.3424,0.3779,14440.058899999998,3,3
风电3-光伏4,72,0:00-1:00,1,1,1.3698000000000001,41.5,42.8698,11.904,0.0,11.904,30.965799999999998,0.0,0.3424,0.3779,14583.5641,3,4
风电3-光伏4,72,1:00-2:00,2,1,1.0997999999999999,41.5,42.5998,13.384,0.0,13.384,29.2158,0.0,0.3424,0.3779,14645.6891,3,4
风电3-光伏4,72,2:00-3:00,3,1,0.7998000000000001,41.5,42.2998,14.268,0.0,14.268,28.031799999999997,0.0,0.3424,0.3779,14687.721099999999,3,4
风电3-光伏4,72,3:00-4:00,4,1,0.99,41.5,42.49,15.72,0.0,15.72,26.770000000000003,0.0,0.3424,0.3779,14732.515000000001,3,4
风电3-光伏4,72,4:00-5:00,5,1,1.1802000000000001,41.5,42.6802,15.088,0.0,15.088,27.5922,0.0,0.3424,0.3779,14703.3269,3,4
风电3-光伏4,72,5:00-6:00,6,1,1.6301999999999999,41.5,43.1302,13.475999999999999,0.0,13.475999999999999,29.654200000000003,0.0,0.3424,0.3779,14630.1259,3,4
风电3-光伏4,72,6:00-7:00,7,1,2.5002,41.5,44.0002,13.832,0.0,13.832,30.1682,0.0,0.3424,0.3779,14611.878899999998,3,4
风电3-光伏4,72,7:00-8:00,8,1,3.3701999999999996,41.5,44.8702,12.76,0.0,12.76,32.1102,0.0,0.6074,0.3779,23052.1409,3,4
风电3-光伏4,72,8:00-9:00,9,1,4.0098,41.5,45.5098,10.712,0.0,10.712,34.797799999999995,0.0,0.6074,0.3779,23668.945099999997,3,4
风电3-光伏4,72,9:00-10:00,10,1,4.199999999999999,41.5,45.7,11.916,0.0,11.916,33.784000000000006,0.0,0.6074,0.3779,23436.27800000001,3,4
风电3-光伏4,72,10:00-11:00,11,1,4.1202,41.5,45.6202,8.804,0.0,8.804,36.816199999999995,0.0,0.8024,0.3779,31311.326899999996,3,4
风电3-光伏4,72,11:00-12:00,12,1,3.9000000000000004,41.5,45.4,9.3,1.28,10.58,34.82,0.0,0.8024,0.3779,30463.940000000002,3,4
风电3-光伏4,72,12:00-13:00,13,1,3.2598000000000003,41.5,44.7598,9.012,5.12,14.132000000000001,30.627799999999997,0.0,0.8024,0.3779,28684.3511,3,4
风电3-光伏4,72,13:00-14:00,14,1,2.6898,41.5,44.1898,10.704,7.68,18.384,25.805799999999998,0.0,0.8024,0.3779,26637.412099999994,3,4
风电3-光伏4,72,14:00-15:00,15,1,3.63,41.5,45.13,10.604,5.12,15.724,29.406000000000002,0.0,0.8024,0.3779,28165.697,3,4
风电3-光伏4,72,15:00-16:00,16,1,3.8202000000000003,41.5,45.3202,14.552,1.28,15.831999999999999,29.4882,0.0,0.6074,0.3779,22450.391900000002,3,4
风电3-光伏4,72,16:00-17:00,17,1,3.75,41.5,45.25,13.724,0.0,13.724,31.526,0.0,0.6074,0.3779,22918.067000000003,3,4
风电3-光伏4,72,17:00-18:00,18,1,3.1398,41.5,44.6398,12.347999999999999,0.0,12.347999999999999,32.2918,0.0,0.6074,0.3779,23093.818100000004,3,4
风电3-光伏4,72,18:00-19:00,19,1,2.61,41.5,44.11,12.152000000000001,0.0,12.152000000000001,31.958,0.0,0.8024,0.3779,29249.020999999997,3,4
风电3-光伏4,72,19:00-20:00,20,1,2.1198,41.5,43.6198,9.236,0.0,9.236,34.383799999999994,0.0,0.8024,0.3779,30278.773099999995,3,4
风电3-光伏4,72,20:00-21:00,21,1,1.8599999999999999,41.5,43.36,7.228,0.0,7.228,36.132,0.0,0.8024,0.3779,31020.884,3,4
风电3-光伏4,72,21:00-22:00,22,1,1.6301999999999999,41.5,43.1302,6.252,0.0,6.252,36.8782,0.0,0.6074,0.3779,24146.396900000003,3,4
风电3-光伏4,72,22:00-23:00,23,1,1.56,41.5,43.06,6.452,0.0,6.452,36.608000000000004,0.0,0.6074,0.3779,24084.386000000002,3,4
风电3-光伏4,72,23:00-24:00,24,1,1.4802,41.5,42.980199999999996,7.972,0.0,7.972,35.008199999999995,0.0,0.3424,0.3779,14440.058899999998,3,4
风电3-光伏4,63,0:00-1:00,1,1,1.3698000000000001,41.5,42.8698,11.904,0.0,11.904,30.965799999999998,0.0,0.3424,0.3779,14583.5641,3,4
风电3-光伏4,63,1:00-2:00,2,1,1.0997999999999999,41.5,42.5998,13.384,0.0,13.384,29.2158,0.0,0.3424,0.3779,14645.6891,3,4
风电3-光伏4,63,2:00-3:00,3,1,0.7998000000000001,41.5,42.2998,14.268,0.0,14.268,28.031799999999997,0.0,0.3424,0.3779,14687.721099999999,3,4
风电3-光伏4,63,3:00-4:00,4,1,0.99,41.5,42.49,15.72,0.0,15.72,26.770000000000003,0.0,0.3424,0.3779,14732.515000000001,3,4
风电3-光伏4,63,4:00-5:00,5,1,1.1802000000000001,41.5,42.6802,15.088,0.0,15.088,27.5922,0.0,0.3424,0.3779,14703.3269,3,4
风电3-光伏4,63,5:00-6:00,6,1,1.6301999999999999,41.5,43.1302,13.475999999999999,0.0,13.475999999999999,29.654200000000003,0.0,0.3424,0.3779,14630.1259,3,4
风电3-光伏4,63,6:00-7:00,7,1,2.5002,41.5,44.0002,13.832,0.0,13.832,30.1682,0.0,0.3424,0.3779,14611.878899999998,3,4
风电3-光伏4,63,7:00-8:00,8,1,3.3701999999999996,41.5,44.8702,12.76,0.0,12.76,32.1102,0.0,0.6074,0.3779,23052.1409,3,4
风电3-光伏4,63,8:00-9:00,9,1,4.0098,41.5,45.5098,10.712,0.0,10.712,34.797799999999995,0.0,0.6074,0.3779,23668.945099999997,3,4
风电3-光伏4,63,9:00-10:00,10,1,4.199999999999999,41.5,45.7,11.916,0.0,11.916,33.784000000000006,0.0,0.6074,0.3779,23436.27800000001,3,4
风电3-光伏4,63,10:00-11:00,11,0,4.1202,0.0,4.1202,8.804,0.0,8.804,0.0,4.683800000000001,0.8024,0.3779,31311.326899999996,3,4
风电3-光伏4,63,11:00-12:00,12,0,3.9000000000000004,0.0,3.9000000000000004,9.3,1.28,10.58,0.0,6.68,0.8024,0.3779,30463.940000000002,3,4
风电3-光伏4,63,12:00-13:00,13,1,3.2598000000000003,41.5,44.7598,9.012,5.12,14.132000000000001,30.627799999999997,0.0,0.8024,0.3779,28684.3511,3,4
风电3-光伏4,63,13:00-14:00,14,1,2.6898,41.5,44.1898,10.704,7.68,18.384,25.805799999999998,0.0,0.8024,0.3779,26637.412099999994,3,4
风电3-光伏4,63,14:00-15:00,15,1,3.63,41.5,45.13,10.604,5.12,15.724,29.406000000000002,0.0,0.8024,0.3779,28165.697,3,4
风电3-光伏4,63,15:00-16:00,16,1,3.8202000000000003,41.5,45.3202,14.552,1.28,15.831999999999999,29.4882,0.0,0.6074,0.3779,22450.391900000002,3,4
风电3-光伏4,63,16:00-17:00,17,1,3.75,41.5,45.25,13.724,0.0,13.724,31.526,0.0,0.6074,0.3779,22918.067000000003,3,4
风电3-光伏4,63,17:00-18:00,18,1,3.1398,41.5,44.6398,12.347999999999999,0.0,12.347999999999999,32.2918,0.0,0.6074,0.3779,23093.818100000004,3,4
风电3-光伏4,63,18:00-19:00,19,1,2.61,41.5,44.11,12.152000000000001,0.0,12.152000000000001,31.958,0.0,0.8024,0.3779,29249.020999999997,3,4
风电3-光伏4,63,19:00-20:00,20,1,2.1198,41.5,43.6198,9.236,0.0,9.236,34.383799999999994,0.0,0.8024,0.3779,30278.773099999995,3,4
风电3-光伏4,63,20:00-21:00,21,0,1.8599999999999999,0.0,1.8599999999999999,7.228,0.0,7.228,0.0,5.368,0.8024,0.3779,31020.884,3,4
风电3-光伏4,63,21:00-22:00,22,1,1.6301999999999999,41.5,43.1302,6.252,0.0,6.252,36.8782,0.0,0.6074,0.3779,24146.396900000003,3,4
风电3-光伏4,63,22:00-23:00,23,1,1.56,41.5,43.06,6.452,0.0,6.452,36.608000000000004,0.0,0.6074,0.3779,24084.386000000002,3,4
风电3-光伏4,63,23:00-24:00,24,1,1.4802,41.5,42.980199999999996,7.972,0.0,7.972,35.008199999999995,0.0,0.3424,0.3779,14440.058899999998,3,4
风电3-光伏4,54,0:00-1:00,1,1,1.3698000000000001,41.5,42.8698,11.904,0.0,11.904,30.965799999999998,0.0,0.3424,0.3779,14583.5641,3,4
风电3-光伏4,54,1:00-2:00,2,1,1.0997999999999999,41.5,42.5998,13.384,0.0,13.384,29.2158,0.0,0.3424,0.3779,14645.6891,3,4
风电3-光伏4,54,2:00-3:00,3,1,0.7998000000000001,41.5,42.2998,14.268,0.0,14.268,28.031799999999997,0.0,0.3424,0.3779,14687.721099999999,3,4
风电3-光伏4,54,3:00-4:00,4,1,0.99,41.5,42.49,15.72,0.0,15.72,26.770000000000003,0.0,0.3424,0.3779,14732.515000000001,3,4
风电3-光伏4,54,4:00-5:00,5,1,1.1802000000000001,41.5,42.6802,15.088,0.0,15.088,27.5922,0.0,0.3424,0.3779,14703.3269,3,4
风电3-光伏4,54,5:00-6:00,6,1,1.6301999999999999,41.5,43.1302,13.475999999999999,0.0,13.475999999999999,29.654200000000003,0.0,0.3424,0.3779,14630.1259,3,4
风电3-光伏4,54,6:00-7:00,7,1,2.5002,41.5,44.0002,13.832,0.0,13.832,30.1682,0.0,0.3424,0.3779,14611.878899999998,3,4
风电3-光伏4,54,7:00-8:00,8,1,3.3701999999999996,41.5,44.8702,12.76,0.0,12.76,32.1102,0.0,0.6074,0.3779,23052.1409,3,4
风电3-光伏4,54,8:00-9:00,9,1,4.0098,41.5,45.5098,10.712,0.0,10.712,34.797799999999995,0.0,0.6074,0.3779,23668.945099999997,3,4
风电3-光伏4,54,9:00-10:00,10,1,4.199999999999999,41.5,45.7,11.916,0.0,11.916,33.784000000000006,0.0,0.6074,0.3779,23436.27800000001,3,4
风电3-光伏4,54,10:00-11:00,11,0,4.1202,0.0,4.1202,8.804,0.0,8.804,0.0,4.683800000000001,0.8024,0.3779,31311.326899999996,3,4
风电3-光伏4,54,11:00-12:00,12,0,3.9000000000000004,0.0,3.9000000000000004,9.3,1.28,10.58,0.0,6.68,0.8024,0.3779,30463.940000000002,3,4
风电3-光伏4,54,12:00-13:00,13,0,3.2598000000000003,0.0,3.2598000000000003,9.012,5.12,14.132000000000001,0.0,10.872200000000001,0.8024,0.3779,28684.3511,3,4
风电3-光伏4,54,13:00-14:00,14,1,2.6898,41.5,44.1898,10.704,7.68,18.384,25.805799999999998,0.0,0.8024,0.3779,26637.412099999994,3,4
风电3-光伏4,54,14:00-15:00,15,1,3.63,41.5,45.13,10.604,5.12,15.724,29.406000000000002,0.0,0.8024,0.3779,28165.697,3,4
风电3-光伏4,54,15:00-16:00,16,1,3.8202000000000003,41.5,45.3202,14.552,1.28,15.831999999999999,29.4882,0.0,0.6074,0.3779,22450.391900000002,3,4
风电3-光伏4,54,16:00-17:00,17,1,3.75,41.5,45.25,13.724,0.0,13.724,31.526,0.0,0.6074,0.3779,22918.067000000003,3,4
风电3-光伏4,54,17:00-18:00,18,1,3.1398,41.5,44.6398,12.347999999999999,0.0,12.347999999999999,32.2918,0.0,0.6074,0.3779,23093.818100000004,3,4
风电3-光伏4,54,18:00-19:00,19,0,2.61,0.0,2.61,12.152000000000001,0.0,12.152000000000001,0.0,9.542000000000002,0.8024,0.3779,29249.020999999997,3,4
风电3-光伏4,54,19:00-20:00,20,0,2.1198,0.0,2.1198,9.236,0.0,9.236,0.0,7.116200000000001,0.8024,0.3779,30278.773099999995,3,4
风电3-光伏4,54,20:00-21:00,21,0,1.8599999999999999,0.0,1.8599999999999999,7.228,0.0,7.228,0.0,5.368,0.8024,0.3779,31020.884,3,4
风电3-光伏4,54,21:00-22:00,22,1,1.6301999999999999,41.5,43.1302,6.252,0.0,6.252,36.8782,0.0,0.6074,0.3779,24146.396900000003,3,4
风电3-光伏4,54,22:00-23:00,23,1,1.56,41.5,43.06,6.452,0.0,6.452,36.608000000000004,0.0,0.6074,0.3779,24084.386000000002,3,4
风电3-光伏4,54,23:00-24:00,24,1,1.4802,41.5,42.980199999999996,7.972,0.0,7.972,35.008199999999995,0.0,0.3424,0.3779,14440.058899999998,3,4
风电3-光伏4,45,0:00-1:00,1,1,1.3698000000000001,41.5,42.8698,11.904,0.0,11.904,30.965799999999998,0.0,0.3424,0.3779,14583.5641,3,4
风电3-光伏4,45,1:00-2:00,2,1,1.0997999999999999,41.5,42.5998,13.384,0.0,13.384,29.2158,0.0,0.3424,0.3779,14645.6891,3,4
风电3-光伏4,45,2:00-3:00,3,1,0.7998000000000001,41.5,42.2998,14.268,0.0,14.268,28.031799999999997,0.0,0.3424,0.3779,14687.721099999999,3,4
风电3-光伏4,45,3:00-4:00,4,1,0.99,41.5,42.49,15.72,0.0,15.72,26.770000000000003,0.0,0.3424,0.3779,14732.515000000001,3,4
风电3-光伏4,45,4:00-5:00,5,1,1.1802000000000001,41.5,42.6802,15.088,0.0,15.088,27.5922,0.0,0.3424,0.3779,14703.3269,3,4
风电3-光伏4,45,5:00-6:00,6,1,1.6301999999999999,41.5,43.1302,13.475999999999999,0.0,13.475999999999999,29.654200000000003,0.0,0.3424,0.3779,14630.1259,3,4
风电3-光伏4,45,6:00-7:00,7,1,2.5002,41.5,44.0002,13.832,0.0,13.832,30.1682,0.0,0.3424,0.3779,14611.878899999998,3,4
风电3-光伏4,45,7:00-8:00,8,1,3.3701999999999996,41.5,44.8702,12.76,0.0,12.76,32.1102,0.0,0.6074,0.3779,23052.1409,3,4
风电3-光伏4,45,8:00-9:00,9,1,4.0098,41.5,45.5098,10.712,0.0,10.712,34.797799999999995,0.0,0.6074,0.3779,23668.945099999997,3,4
风电3-光伏4,45,9:00-10:00,10,1,4.199999999999999,41.5,45.7,11.916,0.0,11.916,33.784000000000006,0.0,0.6074,0.3779,23436.27800000001,3,4
风电3-光伏4,45,10:00-11:00,11,0,4.1202,0.0,4.1202,8.804,0.0,8.804,0.0,4.683800000000001,0.8024,0.3779,31311.326899999996,3,4
风电3-光伏4,45,11:00-12:00,12,0,3.9000000000000004,0.0,3.9000000000000004,9.3,1.28,10.58,0.0,6.68,0.8024,0.3779,30463.940000000002,3,4
风电3-光伏4,45,12:00-13:00,13,0,3.2598000000000003,0.0,3.2598000000000003,9.012,5.12,14.132000000000001,0.0,10.872200000000001,0.8024,0.3779,28684.3511,3,4
风电3-光伏4,45,13:00-14:00,14,0,2.6898,0.0,2.6898,10.704,7.68,18.384,0.0,15.6942,0.8024,0.3779,26637.412099999994,3,4
风电3-光伏4,45,14:00-15:00,15,0,3.63,0.0,3.63,10.604,5.12,15.724,0.0,12.094000000000001,0.8024,0.3779,28165.697,3,4
风电3-光伏4,45,15:00-16:00,16,1,3.8202000000000003,41.5,45.3202,14.552,1.28,15.831999999999999,29.4882,0.0,0.6074,0.3779,22450.391900000002,3,4
风电3-光伏4,45,16:00-17:00,17,1,3.75,41.5,45.25,13.724,0.0,13.724,31.526,0.0,0.6074,0.3779,22918.067000000003,3,4
风电3-光伏4,45,17:00-18:00,18,1,3.1398,41.5,44.6398,12.347999999999999,0.0,12.347999999999999,32.2918,0.0,0.6074,0.3779,23093.818100000004,3,4
风电3-光伏4,45,18:00-19:00,19,0,2.61,0.0,2.61,12.152000000000001,0.0,12.152000000000001,0.0,9.542000000000002,0.8024,0.3779,29249.020999999997,3,4
风电3-光伏4,45,19:00-20:00,20,0,2.1198,0.0,2.1198,9.236,0.0,9.236,0.0,7.116200000000001,0.8024,0.3779,30278.773099999995,3,4
风电3-光伏4,45,20:00-21:00,21,0,1.8599999999999999,0.0,1.8599999999999999,7.228,0.0,7.228,0.0,5.368,0.8024,0.3779,31020.884,3,4
风电3-光伏4,45,21:00-22:00,22,0,1.6301999999999999,0.0,1.6301999999999999,6.252,0.0,6.252,0.0,4.6218,0.6074,0.3779,24146.396900000003,3,4
风电3-光伏4,45,22:00-23:00,23,1,1.56,41.5,43.06,6.452,0.0,6.452,36.608000000000004,0.0,0.6074,0.3779,24084.386000000002,3,4
风电3-光伏4,45,23:00-24:00,24,1,1.4802,41.5,42.980199999999996,7.972,0.0,7.972,35.008199999999995,0.0,0.3424,0.3779,14440.058899999998,3,4
风电3-光伏4,36,0:00-1:00,1,1,1.3698000000000001,41.5,42.8698,11.904,0.0,11.904,30.965799999999998,0.0,0.3424,0.3779,14583.5641,3,4
风电3-光伏4,36,1:00-2:00,2,1,1.0997999999999999,41.5,42.5998,13.384,0.0,13.384,29.2158,0.0,0.3424,0.3779,14645.6891,3,4
风电3-光伏4,36,2:00-3:00,3,1,0.7998000000000001,41.5,42.2998,14.268,0.0,14.268,28.031799999999997,0.0,0.3424,0.3779,14687.721099999999,3,4
风电3-光伏4,36,3:00-4:00,4,1,0.99,41.5,42.49,15.72,0.0,15.72,26.770000000000003,0.0,0.3424,0.3779,14732.515000000001,3,4
风电3-光伏4,36,4:00-5:00,5,1,1.1802000000000001,41.5,42.6802,15.088,0.0,15.088,27.5922,0.0,0.3424,0.3779,14703.3269,3,4
风电3-光伏4,36,5:00-6:00,6,1,1.6301999999999999,41.5,43.1302,13.475999999999999,0.0,13.475999999999999,29.654200000000003,0.0,0.3424,0.3779,14630.1259,3,4
风电3-光伏4,36,6:00-7:00,7,1,2.5002,41.5,44.0002,13.832,0.0,13.832,30.1682,0.0,0.3424,0.3779,14611.878899999998,3,4
风电3-光伏4,36,7:00-8:00,8,1,3.3701999999999996,41.5,44.8702,12.76,0.0,12.76,32.1102,0.0,0.6074,0.3779,23052.1409,3,4
风电3-光伏4,36,8:00-9:00,9,0,4.0098,0.0,4.0098,10.712,0.0,10.712,0.0,6.7021999999999995,0.6074,0.3779,23668.945099999997,3,4
风电3-光伏4,36,9:00-10:00,10,0,4.199999999999999,0.0,4.199999999999999,11.916,0.0,11.916,0.0,7.716000000000001,0.6074,0.3779,23436.27800000001,3,4
风电3-光伏4,36,10:00-11:00,11,0,4.1202,0.0,4.1202,8.804,0.0,8.804,0.0,4.683800000000001,0.8024,0.3779,31311.326899999996,3,4
风电3-光伏4,36,11:00-12:00,12,0,3.9000000000000004,0.0,3.9000000000000004,9.3,1.28,10.58,0.0,6.68,0.8024,0.3779,30463.940000000002,3,4
风电3-光伏4,36,12:00-13:00,13,0,3.2598000000000003,0.0,3.2598000000000003,9.012,5.12,14.132000000000001,0.0,10.872200000000001,0.8024,0.3779,28684.3511,3,4
风电3-光伏4,36,13:00-14:00,14,0,2.6898,0.0,2.6898,10.704,7.68,18.384,0.0,15.6942,0.8024,0.3779,26637.412099999994,3,4
风电3-光伏4,36,14:00-15:00,15,0,3.63,0.0,3.63,10.604,5.12,15.724,0.0,12.094000000000001,0.8024,0.3779,28165.697,3,4
风电3-光伏4,36,15:00-16:00,16,1,3.8202000000000003,41.5,45.3202,14.552,1.28,15.831999999999999,29.4882,0.0,0.6074,0.3779,22450.391900000002,3,4
风电3-光伏4,36,16:00-17:00,17,1,3.75,41.5,45.25,13.724,0.0,13.724,31.526,0.0,0.6074,0.3779,22918.067000000003,3,4
风电3-光伏4,36,17:00-18:00,18,1,3.1398,41.5,44.6398,12.347999999999999,0.0,12.347999999999999,32.2918,0.0,0.6074,0.3779,23093.818100000004,3,4
风电3-光伏4,36,18:00-19:00,19,0,2.61,0.0,2.61,12.152000000000001,0.0,12.152000000000001,0.0,9.542000000000002,0.8024,0.3779,29249.020999999997,3,4
风电3-光伏4,36,19:00-20:00,20,0,2.1198,0.0,2.1198,9.236,0.0,9.236,0.0,7.116200000000001,0.8024,0.3779,30278.773099999995,3,4
风电3-光伏4,36,20:00-21:00,21,0,1.8599999999999999,0.0,1.8599999999999999,7.228,0.0,7.228,0.0,5.368,0.8024,0.3779,31020.884,3,4
风电3-光伏4,36,21:00-22:00,22,0,1.6301999999999999,0.0,1.6301999999999999,6.252,0.0,6.252,0.0,4.6218,0.6074,0.3779,24146.396900000003,3,4
风电3-光伏4,36,22:00-23:00,23,0,1.56,0.0,1.56,6.452,0.0,6.452,0.0,4.8919999999999995,0.6074,0.3779,24084.386000000002,3,4
风电3-光伏4,36,23:00-24:00,24,1,1.4802,41.5,42.980199999999996,7.972,0.0,7.972,35.008199999999995,0.0,0.3424,0.3779,14440.058899999998,3,4
风电4-光伏1,72,0:00-1:00,1,1,1.3698000000000001,41.5,42.8698,13.495999999999999,0.0,13.495999999999999,29.3738,0.0,0.3424,0.3779,14640.0801,4,1
风电4-光伏1,72,1:00-2:00,2,1,1.0997999999999999,41.5,42.5998,14.084000000000001,0.0,14.084000000000001,28.5158,0.0,0.3424,0.3779,14670.539100000002,4,1
风电4-光伏1,72,2:00-3:00,3,1,0.7998000000000001,41.5,42.2998,13.091999999999999,0.0,13.091999999999999,29.2078,0.0,0.3424,0.3779,14645.9731,4,1
风电4-光伏1,72,3:00-4:00,4,1,0.99,41.5,42.49,20.168,0.0,20.168,22.322000000000003,0.0,0.3424,0.3779,14890.419000000002,4,1
风电4-光伏1,72,4:00-5:00,5,1,1.1802000000000001,41.5,42.6802,19.276,0.0,19.276,23.4042,0.0,0.3424,0.3779,14852.0009,4,1
风电4-光伏1,72,5:00-6:00,6,1,1.6301999999999999,41.5,43.1302,23.08,0.0,23.08,20.050200000000004,0.0,0.3424,0.3779,14971.067900000002,4,1
风电4-光伏1,72,6:00-7:00,7,1,2.5002,41.5,44.0002,28.355999999999998,14.08,42.436,1.5641999999999996,0.0,0.3424,0.3779,15627.320900000002,4,1
风电4-光伏1,72,7:00-8:00,8,1,3.3701999999999996,41.5,44.8702,26.36,25.6,51.96,0.0,7.089800000000004,0.6074,0.3779,15682.850000000002,4,1
风电4-光伏1,72,8:00-9:00,9,1,4.0098,41.5,45.5098,25.076,37.12,62.196,0.0,16.6862,0.6074,0.3779,15682.849999999999,4,1
风电4-光伏1,72,9:00-10:00,10,1,4.199999999999999,41.5,45.7,22.112,46.08,68.192,0.0,22.49199999999999,0.6074,0.3779,15682.849999999999,4,1
风电4-光伏1,72,10:00-11:00,11,1,4.1202,41.5,45.6202,8.995999999999999,52.48,61.476,0.0,15.855800000000002,0.8024,0.3779,15682.850000000002,4,1
风电4-光伏1,72,11:00-12:00,12,1,3.9000000000000004,41.5,45.4,7.652,55.04,62.692,0.0,17.292,0.8024,0.3779,15682.850000000004,4,1
风电4-光伏1,72,12:00-13:00,13,1,3.2598000000000003,41.5,44.7598,10.815999999999999,56.32,67.136,0.0,22.376199999999997,0.8024,0.3779,15682.85,4,1
风电4-光伏1,72,13:00-14:00,14,1,2.6898,41.5,44.1898,10.952,56.32,67.272,0.0,23.082200000000007,0.8024,0.3779,15682.849999999999,4,1
风电4-光伏1,72,14:00-15:00,15,1,3.63,41.5,45.13,15.152000000000001,52.48,67.632,0.0,22.502000000000002,0.8024,0.3779,15682.850000000004,4,1
风电4-光伏1,72,15:00-16:00,16,1,3.8202000000000003,41.5,45.3202,21.66,44.8,66.46,0.0,21.139799999999994,0.6074,0.3779,15682.85,4,1
风电4-光伏1,72,16:00-17:00,17,1,3.75,41.5,45.25,17.16,33.28,50.44,0.0,5.189999999999998,0.6074,0.3779,15682.850000000002,4,1
风电4-光伏1,72,17:00-18:00,18,1,3.1398,41.5,44.6398,16.612000000000002,24.32,40.932,3.707799999999999,0.0,0.6074,0.3779,16533.790100000002,4,1
风电4-光伏1,72,18:00-19:00,19,1,2.61,41.5,44.11,15.328,11.52,26.848,17.262,0.0,0.8024,0.3779,23010.569,4,1
风电4-光伏1,72,19:00-20:00,20,1,2.1198,41.5,43.6198,9.416,0.0,9.416,34.2038,0.0,0.8024,0.3779,30202.363100000002,4,1
风电4-光伏1,72,20:00-21:00,21,1,1.8599999999999999,41.5,43.36,8.808,0.0,8.808,34.552,0.0,0.8024,0.3779,30350.174000000003,4,1
风电4-光伏1,72,21:00-22:00,22,1,1.6301999999999999,41.5,43.1302,5.215999999999999,0.0,5.215999999999999,37.9142,0.0,0.6074,0.3779,24384.158900000002,4,1
风电4-光伏1,72,22:00-23:00,23,1,1.56,41.5,43.06,6.151999999999999,0.0,6.151999999999999,36.908,0.0,0.6074,0.3779,24153.236000000004,4,1
风电4-光伏1,72,23:00-24:00,24,1,1.4802,41.5,42.980199999999996,8.464,0.0,8.464,34.5162,0.0,0.3424,0.3779,14457.524899999997,4,1
风电4-光伏1,63,0:00-1:00,1,1,1.3698000000000001,41.5,42.8698,13.495999999999999,0.0,13.495999999999999,29.3738,0.0,0.3424,0.3779,14640.0801,4,1
风电4-光伏1,63,1:00-2:00,2,1,1.0997999999999999,41.5,42.5998,14.084000000000001,0.0,14.084000000000001,28.5158,0.0,0.3424,0.3779,14670.539100000002,4,1
风电4-光伏1,63,2:00-3:00,3,1,0.7998000000000001,41.5,42.2998,13.091999999999999,0.0,13.091999999999999,29.2078,0.0,0.3424,0.3779,14645.9731,4,1
风电4-光伏1,63,3:00-4:00,4,1,0.99,41.5,42.49,20.168,0.0,20.168,22.322000000000003,0.0,0.3424,0.3779,14890.419000000002,4,1
风电4-光伏1,63,4:00-5:00,5,1,1.1802000000000001,41.5,42.6802,19.276,0.0,19.276,23.4042,0.0,0.3424,0.3779,14852.0009,4,1
风电4-光伏1,63,5:00-6:00,6,1,1.6301999999999999,41.5,43.1302,23.08,0.0,23.08,20.050200000000004,0.0,0.3424,0.3779,14971.067900000002,4,1
风电4-光伏1,63,6:00-7:00,7,1,2.5002,41.5,44.0002,28.355999999999998,14.08,42.436,1.5641999999999996,0.0,0.3424,0.3779,15627.320900000002,4,1
风电4-光伏1,63,7:00-8:00,8,1,3.3701999999999996,41.5,44.8702,26.36,25.6,51.96,0.0,7.089800000000004,0.6074,0.3779,15682.850000000002,4,1
风电4-光伏1,63,8:00-9:00,9,1,4.0098,41.5,45.5098,25.076,37.12,62.196,0.0,16.6862,0.6074,0.3779,15682.849999999999,4,1
风电4-光伏1,63,9:00-10:00,10,1,4.199999999999999,41.5,45.7,22.112,46.08,68.192,0.0,22.49199999999999,0.6074,0.3779,15682.849999999999,4,1
风电4-光伏1,63,10:00-11:00,11,1,4.1202,41.5,45.6202,8.995999999999999,52.48,61.476,0.0,15.855800000000002,0.8024,0.3779,15682.850000000002,4,1
风电4-光伏1,63,11:00-12:00,12,1,3.9000000000000004,41.5,45.4,7.652,55.04,62.692,0.0,17.292,0.8024,0.3779,15682.850000000004,4,1
风电4-光伏1,63,12:00-13:00,13,1,3.2598000000000003,41.5,44.7598,10.815999999999999,56.32,67.136,0.0,22.376199999999997,0.8024,0.3779,15682.85,4,1
风电4-光伏1,63,13:00-14:00,14,1,2.6898,41.5,44.1898,10.952,56.32,67.272,0.0,23.082200000000007,0.8024,0.3779,15682.849999999999,4,1
风电4-光伏1,63,14:00-15:00,15,1,3.63,41.5,45.13,15.152000000000001,52.48,67.632,0.0,22.502000000000002,0.8024,0.3779,15682.850000000004,4,1
风电4-光伏1,63,15:00-16:00,16,1,3.8202000000000003,41.5,45.3202,21.66,44.8,66.46,0.0,21.139799999999994,0.6074,0.3779,15682.85,4,1
风电4-光伏1,63,16:00-17:00,17,1,3.75,41.5,45.25,17.16,33.28,50.44,0.0,5.189999999999998,0.6074,0.3779,15682.850000000002,4,1
风电4-光伏1,63,17:00-18:00,18,1,3.1398,41.5,44.6398,16.612000000000002,24.32,40.932,3.707799999999999,0.0,0.6074,0.3779,16533.790100000002,4,1
风电4-光伏1,63,18:00-19:00,19,1,2.61,41.5,44.11,15.328,11.52,26.848,17.262,0.0,0.8024,0.3779,23010.569,4,1
风电4-光伏1,63,19:00-20:00,20,0,2.1198,0.0,2.1198,9.416,0.0,9.416,0.0,7.296200000000001,0.8024,0.3779,30202.363100000002,4,1
风电4-光伏1,63,20:00-21:00,21,0,1.8599999999999999,0.0,1.8599999999999999,8.808,0.0,8.808,0.0,6.948,0.8024,0.3779,30350.174000000003,4,1
风电4-光伏1,63,21:00-22:00,22,0,1.6301999999999999,0.0,1.6301999999999999,5.215999999999999,0.0,5.215999999999999,0.0,3.5857999999999994,0.6074,0.3779,24384.158900000002,4,1
风电4-光伏1,63,22:00-23:00,23,1,1.56,41.5,43.06,6.151999999999999,0.0,6.151999999999999,36.908,0.0,0.6074,0.3779,24153.236000000004,4,1
风电4-光伏1,63,23:00-24:00,24,1,1.4802,41.5,42.980199999999996,8.464,0.0,8.464,34.5162,0.0,0.3424,0.3779,14457.524899999997,4,1
风电4-光伏1,54,0:00-1:00,1,1,1.3698000000000001,41.5,42.8698,13.495999999999999,0.0,13.495999999999999,29.3738,0.0,0.3424,0.3779,14640.0801,4,1
风电4-光伏1,54,1:00-2:00,2,1,1.0997999999999999,41.5,42.5998,14.084000000000001,0.0,14.084000000000001,28.5158,0.0,0.3424,0.3779,14670.539100000002,4,1
风电4-光伏1,54,2:00-3:00,3,1,0.7998000000000001,41.5,42.2998,13.091999999999999,0.0,13.091999999999999,29.2078,0.0,0.3424,0.3779,14645.9731,4,1
风电4-光伏1,54,3:00-4:00,4,1,0.99,41.5,42.49,20.168,0.0,20.168,22.322000000000003,0.0,0.3424,0.3779,14890.419000000002,4,1
风电4-光伏1,54,4:00-5:00,5,1,1.1802000000000001,41.5,42.6802,19.276,0.0,19.276,23.4042,0.0,0.3424,0.3779,14852.0009,4,1
风电4-光伏1,54,5:00-6:00,6,1,1.6301999999999999,41.5,43.1302,23.08,0.0,23.08,20.050200000000004,0.0,0.3424,0.3779,14971.067900000002,4,1
风电4-光伏1,54,6:00-7:00,7,1,2.5002,41.5,44.0002,28.355999999999998,14.08,42.436,1.5641999999999996,0.0,0.3424,0.3779,15627.320900000002,4,1
风电4-光伏1,54,7:00-8:00,8,1,3.3701999999999996,41.5,44.8702,26.36,25.6,51.96,0.0,7.089800000000004,0.6074,0.3779,15682.850000000002,4,1
风电4-光伏1,54,8:00-9:00,9,1,4.0098,41.5,45.5098,25.076,37.12,62.196,0.0,16.6862,0.6074,0.3779,15682.849999999999,4,1
风电4-光伏1,54,9:00-10:00,10,1,4.199999999999999,41.5,45.7,22.112,46.08,68.192,0.0,22.49199999999999,0.6074,0.3779,15682.849999999999,4,1
风电4-光伏1,54,10:00-11:00,11,1,4.1202,41.5,45.6202,8.995999999999999,52.48,61.476,0.0,15.855800000000002,0.8024,0.3779,15682.850000000002,4,1
风电4-光伏1,54,11:00-12:00,12,1,3.9000000000000004,41.5,45.4,7.652,55.04,62.692,0.0,17.292,0.8024,0.3779,15682.850000000004,4,1
风电4-光伏1,54,12:00-13:00,13,1,3.2598000000000003,41.5,44.7598,10.815999999999999,56.32,67.136,0.0,22.376199999999997,0.8024,0.3779,15682.85,4,1
风电4-光伏1,54,13:00-14:00,14,1,2.6898,41.5,44.1898,10.952,56.32,67.272,0.0,23.082200000000007,0.8024,0.3779,15682.849999999999,4,1
风电4-光伏1,54,14:00-15:00,15,1,3.63,41.5,45.13,15.152000000000001,52.48,67.632,0.0,22.502000000000002,0.8024,0.3779,15682.850000000004,4,1
风电4-光伏1,54,15:00-16:00,16,1,3.8202000000000003,41.5,45.3202,21.66,44.8,66.46,0.0,21.139799999999994,0.6074,0.3779,15682.85,4,1
风电4-光伏1,54,16:00-17:00,17,1,3.75,41.5,45.25,17.16,33.28,50.44,0.0,5.189999999999998,0.6074,0.3779,15682.850000000002,4,1
风电4-光伏1,54,17:00-18:00,18,0,3.1398,-0.0,3.1398,16.612000000000002,24.32,40.932,0.0,37.7922,0.6074,0.3779,16533.790100000002,4,1
风电4-光伏1,54,18:00-19:00,19,0,2.61,0.0,2.61,15.328,11.52,26.848,0.0,24.238,0.8024,0.3779,23010.569,4,1
风电4-光伏1,54,19:00-20:00,20,0,2.1198,0.0,2.1198,9.416,0.0,9.416,0.0,7.296200000000001,0.8024,0.3779,30202.363100000002,4,1
风电4-光伏1,54,20:00-21:00,21,0,1.8599999999999999,0.0,1.8599999999999999,8.808,0.0,8.808,0.0,6.948,0.8024,0.3779,30350.174000000003,4,1
风电4-光伏1,54,21:00-22:00,22,0,1.6301999999999999,0.0,1.6301999999999999,5.215999999999999,0.0,5.215999999999999,0.0,3.5857999999999994,0.6074,0.3779,24384.158900000002,4,1
风电4-光伏1,54,22:00-23:00,23,0,1.56,0.0,1.56,6.151999999999999,0.0,6.151999999999999,0.0,4.591999999999999,0.6074,0.3779,24153.236000000004,4,1
风电4-光伏1,54,23:00-24:00,24,1,1.4802,41.5,42.980199999999996,8.464,0.0,8.464,34.5162,0.0,0.3424,0.3779,14457.524899999997,4,1
风电4-光伏1,45,0:00-1:00,1,1,1.3698000000000001,41.5,42.8698,13.495999999999999,0.0,13.495999999999999,29.3738,0.0,0.3424,0.3779,14640.0801,4,1
风电4-光伏1,45,1:00-2:00,2,1,1.0997999999999999,41.5,42.5998,14.084000000000001,0.0,14.084000000000001,28.5158,0.0,0.3424,0.3779,14670.539100000002,4,1
风电4-光伏1,45,2:00-3:00,3,1,0.7998000000000001,41.5,42.2998,13.091999999999999,0.0,13.091999999999999,29.2078,0.0,0.3424,0.3779,14645.9731,4,1
风电4-光伏1,45,3:00-4:00,4,1,0.99,41.5,42.49,20.168,0.0,20.168,22.322000000000003,0.0,0.3424,0.3779,14890.419000000002,4,1
风电4-光伏1,45,4:00-5:00,5,1,1.1802000000000001,41.5,42.6802,19.276,0.0,19.276,23.4042,0.0,0.3424,0.3779,14852.0009,4,1
风电4-光伏1,45,5:00-6:00,6,1,1.6301999999999999,41.5,43.1302,23.08,0.0,23.08,20.050200000000004,0.0,0.3424,0.3779,14971.067900000002,4,1
风电4-光伏1,45,6:00-7:00,7,1,2.5002,41.5,44.0002,28.355999999999998,14.08,42.436,1.5641999999999996,0.0,0.3424,0.3779,15627.320900000002,4,1
风电4-光伏1,45,7:00-8:00,8,0,3.3701999999999996,0.0,3.3701999999999996,26.36,25.6,51.96,0.0,48.589800000000004,0.6074,0.3779,15682.850000000002,4,1
风电4-光伏1,45,8:00-9:00,9,0,4.0098,0.0,4.0098,25.076,37.12,62.196,0.0,58.1862,0.6074,0.3779,15682.849999999999,4,1
风电4-光伏1,45,9:00-10:00,10,0,4.199999999999999,0.0,4.199999999999999,22.112,46.08,68.192,0.0,63.99199999999999,0.6074,0.3779,15682.849999999999,4,1
风电4-光伏1,45,10:00-11:00,11,1,4.1202,41.5,45.6202,8.995999999999999,52.48,61.476,0.0,15.855800000000002,0.8024,0.3779,15682.850000000002,4,1
风电4-光伏1,45,11:00-12:00,12,1,3.9000000000000004,41.5,45.4,7.652,55.04,62.692,0.0,17.292,0.8024,0.3779,15682.850000000004,4,1
风电4-光伏1,45,12:00-13:00,13,1,3.2598000000000003,41.5,44.7598,10.815999999999999,56.32,67.136,0.0,22.376199999999997,0.8024,0.3779,15682.85,4,1
风电4-光伏1,45,13:00-14:00,14,1,2.6898,41.5,44.1898,10.952,56.32,67.272,0.0,23.082200000000007,0.8024,0.3779,15682.849999999999,4,1
风电4-光伏1,45,14:00-15:00,15,1,3.63,41.5,45.13,15.152000000000001,52.48,67.632,0.0,22.502000000000002,0.8024,0.3779,15682.850000000004,4,1
风电4-光伏1,45,15:00-16:00,16,1,3.8202000000000003,41.5,45.3202,21.66,44.8,66.46,0.0,21.139799999999994,0.6074,0.3779,15682.85,4,1
风电4-光伏1,45,16:00-17:00,17,1,3.75,41.5,45.25,17.16,33.28,50.44,0.0,5.189999999999998,0.6074,0.3779,15682.850000000002,4,1
风电4-光伏1,45,17:00-18:00,18,0,3.1398,-0.0,3.1398,16.612000000000002,24.32,40.932,0.0,37.7922,0.6074,0.3779,16533.790100000002,4,1
风电4-光伏1,45,18:00-19:00,19,0,2.61,0.0,2.61,15.328,11.52,26.848,0.0,24.238,0.8024,0.3779,23010.569,4,1
风电4-光伏1,45,19:00-20:00,20,0,2.1198,0.0,2.1198,9.416,0.0,9.416,0.0,7.296200000000001,0.8024,0.3779,30202.363100000002,4,1
风电4-光伏1,45,20:00-21:00,21,0,1.8599999999999999,0.0,1.8599999999999999,8.808,0.0,8.808,0.0,6.948,0.8024,0.3779,30350.174000000003,4,1
风电4-光伏1,45,21:00-22:00,22,0,1.6301999999999999,0.0,1.6301999999999999,5.215999999999999,0.0,5.215999999999999,0.0,3.5857999999999994,0.6074,0.3779,24384.158900000002,4,1
风电4-光伏1,45,22:00-23:00,23,0,1.56,0.0,1.56,6.151999999999999,0.0,6.151999999999999,0.0,4.591999999999999,0.6074,0.3779,24153.236000000004,4,1
风电4-光伏1,45,23:00-24:00,24,1,1.4802,41.5,42.980199999999996,8.464,0.0,8.464,34.5162,0.0,0.3424,0.3779,14457.524899999997,4,1
风电4-光伏1,36,0:00-1:00,1,1,1.3698000000000001,41.5,42.8698,13.495999999999999,0.0,13.495999999999999,29.3738,0.0,0.3424,0.3779,14640.0801,4,1
风电4-光伏1,36,1:00-2:00,2,1,1.0997999999999999,41.5,42.5998,14.084000000000001,0.0,14.084000000000001,28.5158,0.0,0.3424,0.3779,14670.539100000002,4,1
风电4-光伏1,36,2:00-3:00,3,1,0.7998000000000001,41.5,42.2998,13.091999999999999,0.0,13.091999999999999,29.2078,0.0,0.3424,0.3779,14645.9731,4,1
风电4-光伏1,36,3:00-4:00,4,1,0.99,41.5,42.49,20.168,0.0,20.168,22.322000000000003,0.0,0.3424,0.3779,14890.419000000002,4,1
风电4-光伏1,36,4:00-5:00,5,1,1.1802000000000001,41.5,42.6802,19.276,0.0,19.276,23.4042,0.0,0.3424,0.3779,14852.0009,4,1
风电4-光伏1,36,5:00-6:00,6,1,1.6301999999999999,41.5,43.1302,23.08,0.0,23.08,20.050200000000004,0.0,0.3424,0.3779,14971.067900000002,4,1
风电4-光伏1,36,6:00-7:00,7,1,2.5002,41.5,44.0002,28.355999999999998,14.08,42.436,1.5641999999999996,0.0,0.3424,0.3779,15627.320900000002,4,1
风电4-光伏1,36,7:00-8:00,8,0,3.3701999999999996,0.0,3.3701999999999996,26.36,25.6,51.96,0.0,48.589800000000004,0.6074,0.3779,15682.850000000002,4,1
风电4-光伏1,36,8:00-9:00,9,0,4.0098,0.0,4.0098,25.076,37.12,62.196,0.0,58.1862,0.6074,0.3779,15682.849999999999,4,1
风电4-光伏1,36,9:00-10:00,10,0,4.199999999999999,0.0,4.199999999999999,22.112,46.08,68.192,0.0,63.99199999999999,0.6074,0.3779,15682.849999999999,4,1
风电4-光伏1,36,10:00-11:00,11,0,4.1202,0.0,4.1202,8.995999999999999,52.48,61.476,0.0,57.3558,0.8024,0.3779,15682.850000000002,4,1
风电4-光伏1,36,11:00-12:00,12,0,3.9000000000000004,0.0,3.9000000000000004,7.652,55.04,62.692,0.0,58.792,0.8024,0.3779,15682.850000000004,4,1
风电4-光伏1,36,12:00-13:00,13,0,3.2598000000000003,0.0,3.2598000000000003,10.815999999999999,56.32,67.136,0.0,63.8762,0.8024,0.3779,15682.85,4,1
风电4-光伏1,36,13:00-14:00,14,1,2.6898,41.5,44.1898,10.952,56.32,67.272,0.0,23.082200000000007,0.8024,0.3779,15682.849999999999,4,1
风电4-光伏1,36,14:00-15:00,15,1,3.63,41.5,45.13,15.152000000000001,52.48,67.632,0.0,22.502000000000002,0.8024,0.3779,15682.850000000004,4,1
风电4-光伏1,36,15:00-16:00,16,1,3.8202000000000003,41.5,45.3202,21.66,44.8,66.46,0.0,21.139799999999994,0.6074,0.3779,15682.85,4,1
风电4-光伏1,36,16:00-17:00,17,1,3.75,41.5,45.25,17.16,33.28,50.44,0.0,5.189999999999998,0.6074,0.3779,15682.850000000002,4,1
风电4-光伏1,36,17:00-18:00,18,0,3.1398,-0.0,3.1398,16.612000000000002,24.32,40.932,0.0,37.7922,0.6074,0.3779,16533.790100000002,4,1
风电4-光伏1,36,18:00-19:00,19,0,2.61,0.0,2.61,15.328,11.52,26.848,0.0,24.238,0.8024,0.3779,23010.569,4,1
风电4-光伏1,36,19:00-20:00,20,0,2.1198,0.0,2.1198,9.416,0.0,9.416,0.0,7.296200000000001,0.8024,0.3779,30202.363100000002,4,1
风电4-光伏1,36,20:00-21:00,21,0,1.8599999999999999,0.0,1.8599999999999999,8.808,0.0,8.808,0.0,6.948,0.8024,0.3779,30350.174000000003,4,1
风电4-光伏1,36,21:00-22:00,22,0,1.6301999999999999,0.0,1.6301999999999999,5.215999999999999,0.0,5.215999999999999,0.0,3.5857999999999994,0.6074,0.3779,24384.158900000002,4,1
风电4-光伏1,36,22:00-23:00,23,0,1.56,0.0,1.56,6.151999999999999,0.0,6.151999999999999,0.0,4.591999999999999,0.6074,0.3779,24153.236000000004,4,1
风电4-光伏1,36,23:00-24:00,24,1,1.4802,41.5,42.980199999999996,8.464,0.0,8.464,34.5162,0.0,0.3424,0.3779,14457.524899999997,4,1
风电4-光伏2,72,0:00-1:00,1,1,1.3698000000000001,41.5,42.8698,13.495999999999999,0.0,13.495999999999999,29.3738,0.0,0.3424,0.3779,14640.0801,4,2
风电4-光伏2,72,1:00-2:00,2,1,1.0997999999999999,41.5,42.5998,14.084000000000001,0.0,14.084000000000001,28.5158,0.0,0.3424,0.3779,14670.539100000002,4,2
风电4-光伏2,72,2:00-3:00,3,1,0.7998000000000001,41.5,42.2998,13.091999999999999,0.0,13.091999999999999,29.2078,0.0,0.3424,0.3779,14645.9731,4,2
风电4-光伏2,72,3:00-4:00,4,1,0.99,41.5,42.49,20.168,0.0,20.168,22.322000000000003,0.0,0.3424,0.3779,14890.419000000002,4,2
风电4-光伏2,72,4:00-5:00,5,1,1.1802000000000001,41.5,42.6802,19.276,0.0,19.276,23.4042,0.0,0.3424,0.3779,14852.0009,4,2
风电4-光伏2,72,5:00-6:00,6,1,1.6301999999999999,41.5,43.1302,23.08,0.0,23.08,20.050200000000004,0.0,0.3424,0.3779,14971.067900000002,4,2
风电4-光伏2,72,6:00-7:00,7,1,2.5002,41.5,44.0002,28.355999999999998,0.0,28.355999999999998,15.644200000000001,0.0,0.3424,0.3779,15127.4809,4,2
风电4-光伏2,72,7:00-8:00,8,1,3.3701999999999996,41.5,44.8702,26.36,3.2,29.56,15.310199999999998,0.0,0.6074,0.3779,19196.5409,4,2
风电4-光伏2,72,8:00-9:00,9,1,4.0098,41.5,45.5098,25.076,10.88,35.956,9.553799999999995,0.0,0.6074,0.3779,17875.447099999998,4,2
风电4-光伏2,72,9:00-10:00,10,1,4.199999999999999,41.5,45.7,22.112,17.92,40.032,5.668000000000006,0.0,0.6074,0.3779,16983.656000000003,4,2
风电4-光伏2,72,10:00-11:00,11,1,4.1202,41.5,45.6202,8.995999999999999,24.96,33.956,11.664199999999994,0.0,0.8024,0.3779,20634.302899999995,4,2
风电4-光伏2,72,11:00-12:00,12,1,3.9000000000000004,41.5,45.4,7.652,31.36,39.012,6.387999999999998,0.0,0.8024,0.3779,18394.556,4,2
风电4-光伏2,72,12:00-13:00,13,1,3.2598000000000003,41.5,44.7598,10.815999999999999,35.84,46.656000000000006,0.0,1.8962000000000074,0.8024,0.3779,15682.85,4,2
风电4-光伏2,72,13:00-14:00,14,1,2.6898,41.5,44.1898,10.952,37.12,48.071999999999996,0.0,3.8821999999999974,0.8024,0.3779,15682.849999999999,4,2
风电4-光伏2,72,14:00-15:00,15,1,3.63,41.5,45.13,15.152000000000001,32.0,47.152,0.0,2.0219999999999985,0.8024,0.3779,15682.849999999999,4,2
风电4-光伏2,72,15:00-16:00,16,1,3.8202000000000003,41.5,45.3202,21.66,25.6,47.260000000000005,0.0,1.9398000000000053,0.6074,0.3779,15682.85,4,2
风电4-光伏2,72,16:00-17:00,17,1,3.75,41.5,45.25,17.16,19.2,36.36,8.89,0.0,0.6074,0.3779,17723.105,4,2
风电4-光伏2,72,17:00-18:00,18,1,3.1398,41.5,44.6398,16.612000000000002,9.6,26.212000000000003,18.427799999999998,0.0,0.6074,0.3779,19912.0301,4,2
风电4-光伏2,72,18:00-19:00,19,1,2.61,41.5,44.11,15.328,3.2,18.528,25.582,0.0,0.8024,0.3779,26542.409,4,2
风电4-光伏2,72,19:00-20:00,20,1,2.1198,41.5,43.6198,9.416,0.0,9.416,34.2038,0.0,0.8024,0.3779,30202.363100000002,4,2
风电4-光伏2,72,20:00-21:00,21,1,1.8599999999999999,41.5,43.36,8.808,0.0,8.808,34.552,0.0,0.8024,0.3779,30350.174000000003,4,2
风电4-光伏2,72,21:00-22:00,22,1,1.6301999999999999,41.5,43.1302,5.215999999999999,0.0,5.215999999999999,37.9142,0.0,0.6074,0.3779,24384.158900000002,4,2
风电4-光伏2,72,22:00-23:00,23,1,1.56,41.5,43.06,6.151999999999999,0.0,6.151999999999999,36.908,0.0,0.6074,0.3779,24153.236000000004,4,2
风电4-光伏2,72,23:00-24:00,24,1,1.4802,41.5,42.980199999999996,8.464,0.0,8.464,34.5162,0.0,0.3424,0.3779,14457.524899999997,4,2
风电4-光伏2,63,0:00-1:00,1,1,1.3698000000000001,41.5,42.8698,13.495999999999999,0.0,13.495999999999999,29.3738,0.0,0.3424,0.3779,14640.0801,4,2
风电4-光伏2,63,1:00-2:00,2,1,1.0997999999999999,41.5,42.5998,14.084000000000001,0.0,14.084000000000001,28.5158,0.0,0.3424,0.3779,14670.539100000002,4,2
风电4-光伏2,63,2:00-3:00,3,1,0.7998000000000001,41.5,42.2998,13.091999999999999,0.0,13.091999999999999,29.2078,0.0,0.3424,0.3779,14645.9731,4,2
风电4-光伏2,63,3:00-4:00,4,1,0.99,41.5,42.49,20.168,0.0,20.168,22.322000000000003,0.0,0.3424,0.3779,14890.419000000002,4,2
风电4-光伏2,63,4:00-5:00,5,1,1.1802000000000001,41.5,42.6802,19.276,0.0,19.276,23.4042,0.0,0.3424,0.3779,14852.0009,4,2
风电4-光伏2,63,5:00-6:00,6,1,1.6301999999999999,41.5,43.1302,23.08,0.0,23.08,20.050200000000004,0.0,0.3424,0.3779,14971.067900000002,4,2
风电4-光伏2,63,6:00-7:00,7,1,2.5002,41.5,44.0002,28.355999999999998,0.0,28.355999999999998,15.644200000000001,0.0,0.3424,0.3779,15127.4809,4,2
风电4-光伏2,63,7:00-8:00,8,1,3.3701999999999996,41.5,44.8702,26.36,3.2,29.56,15.310199999999998,0.0,0.6074,0.3779,19196.5409,4,2
风电4-光伏2,63,8:00-9:00,9,1,4.0098,41.5,45.5098,25.076,10.88,35.956,9.553799999999995,0.0,0.6074,0.3779,17875.447099999998,4,2
风电4-光伏2,63,9:00-10:00,10,1,4.199999999999999,41.5,45.7,22.112,17.92,40.032,5.668000000000006,0.0,0.6074,0.3779,16983.656000000003,4,2
风电4-光伏2,63,10:00-11:00,11,1,4.1202,41.5,45.6202,8.995999999999999,24.96,33.956,11.664199999999994,0.0,0.8024,0.3779,20634.302899999995,4,2
风电4-光伏2,63,11:00-12:00,12,1,3.9000000000000004,41.5,45.4,7.652,31.36,39.012,6.387999999999998,0.0,0.8024,0.3779,18394.556,4,2
风电4-光伏2,63,12:00-13:00,13,1,3.2598000000000003,41.5,44.7598,10.815999999999999,35.84,46.656000000000006,0.0,1.8962000000000074,0.8024,0.3779,15682.85,4,2
风电4-光伏2,63,13:00-14:00,14,1,2.6898,41.5,44.1898,10.952,37.12,48.071999999999996,0.0,3.8821999999999974,0.8024,0.3779,15682.849999999999,4,2
风电4-光伏2,63,14:00-15:00,15,1,3.63,41.5,45.13,15.152000000000001,32.0,47.152,0.0,2.0219999999999985,0.8024,0.3779,15682.849999999999,4,2
风电4-光伏2,63,15:00-16:00,16,1,3.8202000000000003,41.5,45.3202,21.66,25.6,47.260000000000005,0.0,1.9398000000000053,0.6074,0.3779,15682.85,4,2
风电4-光伏2,63,16:00-17:00,17,1,3.75,41.5,45.25,17.16,19.2,36.36,8.89,0.0,0.6074,0.3779,17723.105,4,2
风电4-光伏2,63,17:00-18:00,18,1,3.1398,41.5,44.6398,16.612000000000002,9.6,26.212000000000003,18.427799999999998,0.0,0.6074,0.3779,19912.0301,4,2
风电4-光伏2,63,18:00-19:00,19,0,2.61,0.0,2.61,15.328,3.2,18.528,0.0,15.918,0.8024,0.3779,26542.409,4,2
风电4-光伏2,63,19:00-20:00,20,0,2.1198,0.0,2.1198,9.416,0.0,9.416,0.0,7.296200000000001,0.8024,0.3779,30202.363100000002,4,2
风电4-光伏2,63,20:00-21:00,21,0,1.8599999999999999,0.0,1.8599999999999999,8.808,0.0,8.808,0.0,6.948,0.8024,0.3779,30350.174000000003,4,2
风电4-光伏2,63,21:00-22:00,22,1,1.6301999999999999,41.5,43.1302,5.215999999999999,0.0,5.215999999999999,37.9142,0.0,0.6074,0.3779,24384.158900000002,4,2
风电4-光伏2,63,22:00-23:00,23,1,1.56,41.5,43.06,6.151999999999999,0.0,6.151999999999999,36.908,0.0,0.6074,0.3779,24153.236000000004,4,2
风电4-光伏2,63,23:00-24:00,24,1,1.4802,41.5,42.980199999999996,8.464,0.0,8.464,34.5162,0.0,0.3424,0.3779,14457.524899999997,4,2
风电4-光伏2,54,0:00-1:00,1,1,1.3698000000000001,41.5,42.8698,13.495999999999999,0.0,13.495999999999999,29.3738,0.0,0.3424,0.3779,14640.0801,4,2
风电4-光伏2,54,1:00-2:00,2,1,1.0997999999999999,41.5,42.5998,14.084000000000001,0.0,14.084000000000001,28.5158,0.0,0.3424,0.3779,14670.539100000002,4,2
风电4-光伏2,54,2:00-3:00,3,1,0.7998000000000001,41.5,42.2998,13.091999999999999,0.0,13.091999999999999,29.2078,0.0,0.3424,0.3779,14645.9731,4,2
风电4-光伏2,54,3:00-4:00,4,1,0.99,41.5,42.49,20.168,0.0,20.168,22.322000000000003,0.0,0.3424,0.3779,14890.419000000002,4,2
风电4-光伏2,54,4:00-5:00,5,1,1.1802000000000001,41.5,42.6802,19.276,0.0,19.276,23.4042,0.0,0.3424,0.3779,14852.0009,4,2
风电4-光伏2,54,5:00-6:00,6,1,1.6301999999999999,41.5,43.1302,23.08,0.0,23.08,20.050200000000004,0.0,0.3424,0.3779,14971.067900000002,4,2
风电4-光伏2,54,6:00-7:00,7,1,2.5002,41.5,44.0002,28.355999999999998,0.0,28.355999999999998,15.644200000000001,0.0,0.3424,0.3779,15127.4809,4,2
风电4-光伏2,54,7:00-8:00,8,1,3.3701999999999996,41.5,44.8702,26.36,3.2,29.56,15.310199999999998,0.0,0.6074,0.3779,19196.5409,4,2
风电4-光伏2,54,8:00-9:00,9,1,4.0098,41.5,45.5098,25.076,10.88,35.956,9.553799999999995,0.0,0.6074,0.3779,17875.447099999998,4,2
风电4-光伏2,54,9:00-10:00,10,1,4.199999999999999,41.5,45.7,22.112,17.92,40.032,5.668000000000006,0.0,0.6074,0.3779,16983.656000000003,4,2
风电4-光伏2,54,10:00-11:00,11,0,4.1202,0.0,4.1202,8.995999999999999,24.96,33.956,0.0,29.835800000000003,0.8024,0.3779,20634.302899999995,4,2
风电4-光伏2,54,11:00-12:00,12,1,3.9000000000000004,41.5,45.4,7.652,31.36,39.012,6.387999999999998,0.0,0.8024,0.3779,18394.556,4,2
风电4-光伏2,54,12:00-13:00,13,1,3.2598000000000003,41.5,44.7598,10.815999999999999,35.84,46.656000000000006,0.0,1.8962000000000074,0.8024,0.3779,15682.85,4,2
风电4-光伏2,54,13:00-14:00,14,1,2.6898,41.5,44.1898,10.952,37.12,48.071999999999996,0.0,3.8821999999999974,0.8024,0.3779,15682.849999999999,4,2
风电4-光伏2,54,14:00-15:00,15,1,3.63,41.5,45.13,15.152000000000001,32.0,47.152,0.0,2.0219999999999985,0.8024,0.3779,15682.849999999999,4,2
风电4-光伏2,54,15:00-16:00,16,1,3.8202000000000003,41.5,45.3202,21.66,25.6,47.260000000000005,0.0,1.9398000000000053,0.6074,0.3779,15682.85,4,2
风电4-光伏2,54,16:00-17:00,17,1,3.75,41.5,45.25,17.16,19.2,36.36,8.89,0.0,0.6074,0.3779,17723.105,4,2
风电4-光伏2,54,17:00-18:00,18,1,3.1398,41.5,44.6398,16.612000000000002,9.6,26.212000000000003,18.427799999999998,0.0,0.6074,0.3779,19912.0301,4,2
风电4-光伏2,54,18:00-19:00,19,0,2.61,0.0,2.61,15.328,3.2,18.528,0.0,15.918,0.8024,0.3779,26542.409,4,2
风电4-光伏2,54,19:00-20:00,20,0,2.1198,0.0,2.1198,9.416,0.0,9.416,0.0,7.296200000000001,0.8024,0.3779,30202.363100000002,4,2
风电4-光伏2,54,20:00-21:00,21,0,1.8599999999999999,0.0,1.8599999999999999,8.808,0.0,8.808,0.0,6.948,0.8024,0.3779,30350.174000000003,4,2
风电4-光伏2,54,21:00-22:00,22,0,1.6301999999999999,0.0,1.6301999999999999,5.215999999999999,0.0,5.215999999999999,0.0,3.5857999999999994,0.6074,0.3779,24384.158900000002,4,2
风电4-光伏2,54,22:00-23:00,23,0,1.56,0.0,1.56,6.151999999999999,0.0,6.151999999999999,0.0,4.591999999999999,0.6074,0.3779,24153.236000000004,4,2
风电4-光伏2,54,23:00-24:00,24,1,1.4802,41.5,42.980199999999996,8.464,0.0,8.464,34.5162,0.0,0.3424,0.3779,14457.524899999997,4,2
风电4-光伏2,45,0:00-1:00,1,1,1.3698000000000001,41.5,42.8698,13.495999999999999,0.0,13.495999999999999,29.3738,0.0,0.3424,0.3779,14640.0801,4,2
风电4-光伏2,45,1:00-2:00,2,1,1.0997999999999999,41.5,42.5998,14.084000000000001,0.0,14.084000000000001,28.5158,0.0,0.3424,0.3779,14670.539100000002,4,2
风电4-光伏2,45,2:00-3:00,3,1,0.7998000000000001,41.5,42.2998,13.091999999999999,0.0,13.091999999999999,29.2078,0.0,0.3424,0.3779,14645.9731,4,2
风电4-光伏2,45,3:00-4:00,4,1,0.99,41.5,42.49,20.168,0.0,20.168,22.322000000000003,0.0,0.3424,0.3779,14890.419000000002,4,2
风电4-光伏2,45,4:00-5:00,5,1,1.1802000000000001,41.5,42.6802,19.276,0.0,19.276,23.4042,0.0,0.3424,0.3779,14852.0009,4,2
风电4-光伏2,45,5:00-6:00,6,1,1.6301999999999999,41.5,43.1302,23.08,0.0,23.08,20.050200000000004,0.0,0.3424,0.3779,14971.067900000002,4,2
风电4-光伏2,45,6:00-7:00,7,1,2.5002,41.5,44.0002,28.355999999999998,0.0,28.355999999999998,15.644200000000001,0.0,0.3424,0.3779,15127.4809,4,2
风电4-光伏2,45,7:00-8:00,8,0,3.3701999999999996,0.0,3.3701999999999996,26.36,3.2,29.56,0.0,26.189799999999998,0.6074,0.3779,19196.5409,4,2
风电4-光伏2,45,8:00-9:00,9,1,4.0098,41.5,45.5098,25.076,10.88,35.956,9.553799999999995,0.0,0.6074,0.3779,17875.447099999998,4,2
风电4-光伏2,45,9:00-10:00,10,1,4.199999999999999,41.5,45.7,22.112,17.92,40.032,5.668000000000006,0.0,0.6074,0.3779,16983.656000000003,4,2
风电4-光伏2,45,10:00-11:00,11,0,4.1202,0.0,4.1202,8.995999999999999,24.96,33.956,0.0,29.835800000000003,0.8024,0.3779,20634.302899999995,4,2
风电4-光伏2,45,11:00-12:00,12,0,3.9000000000000004,0.0,3.9000000000000004,7.652,31.36,39.012,0.0,35.112,0.8024,0.3779,18394.556,4,2
风电4-光伏2,45,12:00-13:00,13,1,3.2598000000000003,41.5,44.7598,10.815999999999999,35.84,46.656000000000006,0.0,1.8962000000000074,0.8024,0.3779,15682.85,4,2
风电4-光伏2,45,13:00-14:00,14,1,2.6898,41.5,44.1898,10.952,37.12,48.071999999999996,0.0,3.8821999999999974,0.8024,0.3779,15682.849999999999,4,2
风电4-光伏2,45,14:00-15:00,15,1,3.63,41.5,45.13,15.152000000000001,32.0,47.152,0.0,2.0219999999999985,0.8024,0.3779,15682.849999999999,4,2
风电4-光伏2,45,15:00-16:00,16,1,3.8202000000000003,41.5,45.3202,21.66,25.6,47.260000000000005,0.0,1.9398000000000053,0.6074,0.3779,15682.85,4,2
风电4-光伏2,45,16:00-17:00,17,1,3.75,41.5,45.25,17.16,19.2,36.36,8.89,0.0,0.6074,0.3779,17723.105,4,2
风电4-光伏2,45,17:00-18:00,18,0,3.1398,0.0,3.1398,16.612000000000002,9.6,26.212000000000003,0.0,23.072200000000002,0.6074,0.3779,19912.0301,4,2
风电4-光伏2,45,18:00-19:00,19,0,2.61,0.0,2.61,15.328,3.2,18.528,0.0,15.918,0.8024,0.3779,26542.409,4,2
风电4-光伏2,45,19:00-20:00,20,0,2.1198,0.0,2.1198,9.416,0.0,9.416,0.0,7.296200000000001,0.8024,0.3779,30202.363100000002,4,2
风电4-光伏2,45,20:00-21:00,21,0,1.8599999999999999,0.0,1.8599999999999999,8.808,0.0,8.808,0.0,6.948,0.8024,0.3779,30350.174000000003,4,2
风电4-光伏2,45,21:00-22:00,22,0,1.6301999999999999,0.0,1.6301999999999999,5.215999999999999,0.0,5.215999999999999,0.0,3.5857999999999994,0.6074,0.3779,24384.158900000002,4,2
风电4-光伏2,45,22:00-23:00,23,0,1.56,0.0,1.56,6.151999999999999,0.0,6.151999999999999,0.0,4.591999999999999,0.6074,0.3779,24153.236000000004,4,2
风电4-光伏2,45,23:00-24:00,24,1,1.4802,41.5,42.980199999999996,8.464,0.0,8.464,34.5162,0.0,0.3424,0.3779,14457.524899999997,4,2
风电4-光伏2,36,0:00-1:00,1,1,1.3698000000000001,41.5,42.8698,13.495999999999999,0.0,13.495999999999999,29.3738,0.0,0.3424,0.3779,14640.0801,4,2
风电4-光伏2,36,1:00-2:00,2,1,1.0997999999999999,41.5,42.5998,14.084000000000001,0.0,14.084000000000001,28.5158,0.0,0.3424,0.3779,14670.539100000002,4,2
风电4-光伏2,36,2:00-3:00,3,1,0.7998000000000001,41.5,42.2998,13.091999999999999,0.0,13.091999999999999,29.2078,0.0,0.3424,0.3779,14645.9731,4,2
风电4-光伏2,36,3:00-4:00,4,1,0.99,41.5,42.49,20.168,0.0,20.168,22.322000000000003,0.0,0.3424,0.3779,14890.419000000002,4,2
风电4-光伏2,36,4:00-5:00,5,1,1.1802000000000001,41.5,42.6802,19.276,0.0,19.276,23.4042,0.0,0.3424,0.3779,14852.0009,4,2
风电4-光伏2,36,5:00-6:00,6,1,1.6301999999999999,41.5,43.1302,23.08,0.0,23.08,20.050200000000004,0.0,0.3424,0.3779,14971.067900000002,4,2
风电4-光伏2,36,6:00-7:00,7,1,2.5002,41.5,44.0002,28.355999999999998,0.0,28.355999999999998,15.644200000000001,0.0,0.3424,0.3779,15127.4809,4,2
风电4-光伏2,36,7:00-8:00,8,0,3.3701999999999996,0.0,3.3701999999999996,26.36,3.2,29.56,0.0,26.189799999999998,0.6074,0.3779,19196.5409,4,2
风电4-光伏2,36,8:00-9:00,9,0,4.0098,0.0,4.0098,25.076,10.88,35.956,0.0,31.946200000000005,0.6074,0.3779,17875.447099999998,4,2
风电4-光伏2,36,9:00-10:00,10,0,4.199999999999999,0.0,4.199999999999999,22.112,17.92,40.032,0.0,35.831999999999994,0.6074,0.3779,16983.656000000003,4,2
风电4-光伏2,36,10:00-11:00,11,0,4.1202,0.0,4.1202,8.995999999999999,24.96,33.956,0.0,29.835800000000003,0.8024,0.3779,20634.302899999995,4,2
风电4-光伏2,36,11:00-12:00,12,0,3.9000000000000004,0.0,3.9000000000000004,7.652,31.36,39.012,0.0,35.112,0.8024,0.3779,18394.556,4,2
风电4-光伏2,36,12:00-13:00,13,1,3.2598000000000003,41.5,44.7598,10.815999999999999,35.84,46.656000000000006,0.0,1.8962000000000074,0.8024,0.3779,15682.85,4,2
风电4-光伏2,36,13:00-14:00,14,1,2.6898,41.5,44.1898,10.952,37.12,48.071999999999996,0.0,3.8821999999999974,0.8024,0.3779,15682.849999999999,4,2
风电4-光伏2,36,14:00-15:00,15,1,3.63,41.5,45.13,15.152000000000001,32.0,47.152,0.0,2.0219999999999985,0.8024,0.3779,15682.849999999999,4,2
风电4-光伏2,36,15:00-16:00,16,1,3.8202000000000003,41.5,45.3202,21.66,25.6,47.260000000000005,0.0,1.9398000000000053,0.6074,0.3779,15682.85,4,2
风电4-光伏2,36,16:00-17:00,17,0,3.75,0.0,3.75,17.16,19.2,36.36,0.0,32.61,0.6074,0.3779,17723.105,4,2
风电4-光伏2,36,17:00-18:00,18,0,3.1398,0.0,3.1398,16.612000000000002,9.6,26.212000000000003,0.0,23.072200000000002,0.6074,0.3779,19912.0301,4,2
风电4-光伏2,36,18:00-19:00,19,0,2.61,0.0,2.61,15.328,3.2,18.528,0.0,15.918,0.8024,0.3779,26542.409,4,2
风电4-光伏2,36,19:00-20:00,20,0,2.1198,0.0,2.1198,9.416,0.0,9.416,0.0,7.296200000000001,0.8024,0.3779,30202.363100000002,4,2
风电4-光伏2,36,20:00-21:00,21,0,1.8599999999999999,0.0,1.8599999999999999,8.808,0.0,8.808,0.0,6.948,0.8024,0.3779,30350.174000000003,4,2
风电4-光伏2,36,21:00-22:00,22,0,1.6301999999999999,0.0,1.6301999999999999,5.215999999999999,0.0,5.215999999999999,0.0,3.5857999999999994,0.6074,0.3779,24384.158900000002,4,2
风电4-光伏2,36,22:00-23:00,23,0,1.56,0.0,1.56,6.151999999999999,0.0,6.151999999999999,0.0,4.591999999999999,0.6074,0.3779,24153.236000000004,4,2
风电4-光伏2,36,23:00-24:00,24,1,1.4802,41.5,42.980199999999996,8.464,0.0,8.464,34.5162,0.0,0.3424,0.3779,14457.524899999997,4,2
风电4-光伏3,72,0:00-1:00,1,1,1.3698000000000001,41.5,42.8698,13.495999999999999,0.0,13.495999999999999,29.3738,0.0,0.3424,0.3779,14640.0801,4,3
风电4-光伏3,72,1:00-2:00,2,1,1.0997999999999999,41.5,42.5998,14.084000000000001,0.0,14.084000000000001,28.5158,0.0,0.3424,0.3779,14670.539100000002,4,3
风电4-光伏3,72,2:00-3:00,3,1,0.7998000000000001,41.5,42.2998,13.091999999999999,0.0,13.091999999999999,29.2078,0.0,0.3424,0.3779,14645.9731,4,3
风电4-光伏3,72,3:00-4:00,4,1,0.99,41.5,42.49,20.168,0.0,20.168,22.322000000000003,0.0,0.3424,0.3779,14890.419000000002,4,3
风电4-光伏3,72,4:00-5:00,5,1,1.1802000000000001,41.5,42.6802,19.276,0.0,19.276,23.4042,0.0,0.3424,0.3779,14852.0009,4,3
风电4-光伏3,72,5:00-6:00,6,1,1.6301999999999999,41.5,43.1302,23.08,0.0,23.08,20.050200000000004,0.0,0.3424,0.3779,14971.067900000002,4,3
风电4-光伏3,72,6:00-7:00,7,1,2.5002,41.5,44.0002,28.355999999999998,0.0,28.355999999999998,15.644200000000001,0.0,0.3424,0.3779,15127.4809,4,3
风电4-光伏3,72,7:00-8:00,8,1,3.3701999999999996,41.5,44.8702,26.36,1.28,27.64,17.230199999999996,0.0,0.6074,0.3779,19637.1809,4,3
风电4-光伏3,72,8:00-9:00,9,1,4.0098,41.5,45.5098,25.076,3.2,28.276,17.2338,0.0,0.6074,0.3779,19638.007100000003,4,3
风电4-光伏3,72,9:00-10:00,10,1,4.199999999999999,41.5,45.7,22.112,5.12,27.232,18.468000000000004,0.0,0.6074,0.3779,19921.256,4,3
风电4-光伏3,72,10:00-11:00,11,1,4.1202,41.5,45.6202,8.995999999999999,7.68,16.676,28.9442,0.0,0.8024,0.3779,27969.6629,4,3
风电4-光伏3,72,11:00-12:00,12,1,3.9000000000000004,41.5,45.4,7.652,11.52,19.172,26.227999999999998,0.0,0.8024,0.3779,26816.636,4,3
风电4-光伏3,72,12:00-13:00,13,1,3.2598000000000003,41.5,44.7598,10.815999999999999,14.08,24.896,19.863799999999998,0.0,0.8024,0.3779,24115.033099999997,4,3
风电4-光伏3,72,13:00-14:00,14,1,2.6898,41.5,44.1898,10.952,14.08,25.032,19.157799999999998,0.0,0.8024,0.3779,23815.3361,4,3
风电4-光伏3,72,14:00-15:00,15,1,3.63,41.5,45.13,15.152000000000001,11.52,26.672,18.458000000000002,0.0,0.8024,0.3779,23518.271,4,3
风电4-光伏3,72,15:00-16:00,16,1,3.8202000000000003,41.5,45.3202,21.66,7.04,28.7,16.6202,0.0,0.6074,0.3779,19497.1859,4,3
风电4-光伏3,72,16:00-17:00,17,1,3.75,41.5,45.25,17.16,5.12,22.28,22.97,0.0,0.6074,0.3779,20954.465,4,3
风电4-光伏3,72,17:00-18:00,18,1,3.1398,41.5,44.6398,16.612000000000002,3.2,19.812,24.8278,0.0,0.6074,0.3779,21380.830100000003,4,3
风电4-光伏3,72,18:00-19:00,19,1,2.61,41.5,44.11,15.328,1.28,16.608,27.502,0.0,0.8024,0.3779,27357.449,4,3
风电4-光伏3,72,19:00-20:00,20,1,2.1198,41.5,43.6198,9.416,0.0,9.416,34.2038,0.0,0.8024,0.3779,30202.363100000002,4,3
风电4-光伏3,72,20:00-21:00,21,1,1.8599999999999999,41.5,43.36,8.808,0.0,8.808,34.552,0.0,0.8024,0.3779,30350.174000000003,4,3
风电4-光伏3,72,21:00-22:00,22,1,1.6301999999999999,41.5,43.1302,5.215999999999999,0.0,5.215999999999999,37.9142,0.0,0.6074,0.3779,24384.158900000002,4,3
风电4-光伏3,72,22:00-23:00,23,1,1.56,41.5,43.06,6.151999999999999,0.0,6.151999999999999,36.908,0.0,0.6074,0.3779,24153.236000000004,4,3
风电4-光伏3,72,23:00-24:00,24,1,1.4802,41.5,42.980199999999996,8.464,0.0,8.464,34.5162,0.0,0.3424,0.3779,14457.524899999997,4,3
风电4-光伏3,63,0:00-1:00,1,1,1.3698000000000001,41.5,42.8698,13.495999999999999,0.0,13.495999999999999,29.3738,0.0,0.3424,0.3779,14640.0801,4,3
风电4-光伏3,63,1:00-2:00,2,1,1.0997999999999999,41.5,42.5998,14.084000000000001,0.0,14.084000000000001,28.5158,0.0,0.3424,0.3779,14670.539100000002,4,3
风电4-光伏3,63,2:00-3:00,3,1,0.7998000000000001,41.5,42.2998,13.091999999999999,0.0,13.091999999999999,29.2078,0.0,0.3424,0.3779,14645.9731,4,3
风电4-光伏3,63,3:00-4:00,4,1,0.99,41.5,42.49,20.168,0.0,20.168,22.322000000000003,0.0,0.3424,0.3779,14890.419000000002,4,3
风电4-光伏3,63,4:00-5:00,5,1,1.1802000000000001,41.5,42.6802,19.276,0.0,19.276,23.4042,0.0,0.3424,0.3779,14852.0009,4,3
风电4-光伏3,63,5:00-6:00,6,1,1.6301999999999999,41.5,43.1302,23.08,0.0,23.08,20.050200000000004,0.0,0.3424,0.3779,14971.067900000002,4,3
风电4-光伏3,63,6:00-7:00,7,1,2.5002,41.5,44.0002,28.355999999999998,0.0,28.355999999999998,15.644200000000001,0.0,0.3424,0.3779,15127.4809,4,3
风电4-光伏3,63,7:00-8:00,8,1,3.3701999999999996,41.5,44.8702,26.36,1.28,27.64,17.230199999999996,0.0,0.6074,0.3779,19637.1809,4,3
风电4-光伏3,63,8:00-9:00,9,1,4.0098,41.5,45.5098,25.076,3.2,28.276,17.2338,0.0,0.6074,0.3779,19638.007100000003,4,3
风电4-光伏3,63,9:00-10:00,10,1,4.199999999999999,41.5,45.7,22.112,5.12,27.232,18.468000000000004,0.0,0.6074,0.3779,19921.256,4,3
风电4-光伏3,63,10:00-11:00,11,0,4.1202,0.0,4.1202,8.995999999999999,7.68,16.676,0.0,12.555799999999998,0.8024,0.3779,27969.6629,4,3
风电4-光伏3,63,11:00-12:00,12,1,3.9000000000000004,41.5,45.4,7.652,11.52,19.172,26.227999999999998,0.0,0.8024,0.3779,26816.636,4,3
风电4-光伏3,63,12:00-13:00,13,1,3.2598000000000003,41.5,44.7598,10.815999999999999,14.08,24.896,19.863799999999998,0.0,0.8024,0.3779,24115.033099999997,4,3
风电4-光伏3,63,13:00-14:00,14,1,2.6898,41.5,44.1898,10.952,14.08,25.032,19.157799999999998,0.0,0.8024,0.3779,23815.3361,4,3
风电4-光伏3,63,14:00-15:00,15,1,3.63,41.5,45.13,15.152000000000001,11.52,26.672,18.458000000000002,0.0,0.8024,0.3779,23518.271,4,3
风电4-光伏3,63,15:00-16:00,16,1,3.8202000000000003,41.5,45.3202,21.66,7.04,28.7,16.6202,0.0,0.6074,0.3779,19497.1859,4,3
风电4-光伏3,63,16:00-17:00,17,1,3.75,41.5,45.25,17.16,5.12,22.28,22.97,0.0,0.6074,0.3779,20954.465,4,3
风电4-光伏3,63,17:00-18:00,18,1,3.1398,41.5,44.6398,16.612000000000002,3.2,19.812,24.8278,0.0,0.6074,0.3779,21380.830100000003,4,3
风电4-光伏3,63,18:00-19:00,19,1,2.61,41.5,44.11,15.328,1.28,16.608,27.502,0.0,0.8024,0.3779,27357.449,4,3
风电4-光伏3,63,19:00-20:00,20,0,2.1198,0.0,2.1198,9.416,0.0,9.416,0.0,7.296200000000001,0.8024,0.3779,30202.363100000002,4,3
风电4-光伏3,63,20:00-21:00,21,0,1.8599999999999999,0.0,1.8599999999999999,8.808,0.0,8.808,0.0,6.948,0.8024,0.3779,30350.174000000003,4,3
风电4-光伏3,63,21:00-22:00,22,1,1.6301999999999999,41.5,43.1302,5.215999999999999,0.0,5.215999999999999,37.9142,0.0,0.6074,0.3779,24384.158900000002,4,3
风电4-光伏3,63,22:00-23:00,23,1,1.56,41.5,43.06,6.151999999999999,0.0,6.151999999999999,36.908,0.0,0.6074,0.3779,24153.236000000004,4,3
风电4-光伏3,63,23:00-24:00,24,1,1.4802,41.5,42.980199999999996,8.464,0.0,8.464,34.5162,0.0,0.3424,0.3779,14457.524899999997,4,3
风电4-光伏3,54,0:00-1:00,1,1,1.3698000000000001,41.5,42.8698,13.495999999999999,0.0,13.495999999999999,29.3738,0.0,0.3424,0.3779,14640.0801,4,3
风电4-光伏3,54,1:00-2:00,2,1,1.0997999999999999,41.5,42.5998,14.084000000000001,0.0,14.084000000000001,28.5158,0.0,0.3424,0.3779,14670.539100000002,4,3
风电4-光伏3,54,2:00-3:00,3,1,0.7998000000000001,41.5,42.2998,13.091999999999999,0.0,13.091999999999999,29.2078,0.0,0.3424,0.3779,14645.9731,4,3
风电4-光伏3,54,3:00-4:00,4,1,0.99,41.5,42.49,20.168,0.0,20.168,22.322000000000003,0.0,0.3424,0.3779,14890.419000000002,4,3
风电4-光伏3,54,4:00-5:00,5,1,1.1802000000000001,41.5,42.6802,19.276,0.0,19.276,23.4042,0.0,0.3424,0.3779,14852.0009,4,3
风电4-光伏3,54,5:00-6:00,6,1,1.6301999999999999,41.5,43.1302,23.08,0.0,23.08,20.050200000000004,0.0,0.3424,0.3779,14971.067900000002,4,3
风电4-光伏3,54,6:00-7:00,7,1,2.5002,41.5,44.0002,28.355999999999998,0.0,28.355999999999998,15.644200000000001,0.0,0.3424,0.3779,15127.4809,4,3
风电4-光伏3,54,7:00-8:00,8,1,3.3701999999999996,41.5,44.8702,26.36,1.28,27.64,17.230199999999996,0.0,0.6074,0.3779,19637.1809,4,3
风电4-光伏3,54,8:00-9:00,9,1,4.0098,41.5,45.5098,25.076,3.2,28.276,17.2338,0.0,0.6074,0.3779,19638.007100000003,4,3
风电4-光伏3,54,9:00-10:00,10,1,4.199999999999999,41.5,45.7,22.112,5.12,27.232,18.468000000000004,0.0,0.6074,0.3779,19921.256,4,3
风电4-光伏3,54,10:00-11:00,11,0,4.1202,0.0,4.1202,8.995999999999999,7.68,16.676,0.0,12.555799999999998,0.8024,0.3779,27969.6629,4,3
风电4-光伏3,54,11:00-12:00,12,0,3.9000000000000004,0.0,3.9000000000000004,7.652,11.52,19.172,0.0,15.272,0.8024,0.3779,26816.636,4,3
风电4-光伏3,54,12:00-13:00,13,1,3.2598000000000003,41.5,44.7598,10.815999999999999,14.08,24.896,19.863799999999998,0.0,0.8024,0.3779,24115.033099999997,4,3
风电4-光伏3,54,13:00-14:00,14,1,2.6898,41.5,44.1898,10.952,14.08,25.032,19.157799999999998,0.0,0.8024,0.3779,23815.3361,4,3
风电4-光伏3,54,14:00-15:00,15,1,3.63,41.5,45.13,15.152000000000001,11.52,26.672,18.458000000000002,0.0,0.8024,0.3779,23518.271,4,3
风电4-光伏3,54,15:00-16:00,16,1,3.8202000000000003,41.5,45.3202,21.66,7.04,28.7,16.6202,0.0,0.6074,0.3779,19497.1859,4,3
风电4-光伏3,54,16:00-17:00,17,1,3.75,41.5,45.25,17.16,5.12,22.28,22.97,0.0,0.6074,0.3779,20954.465,4,3
风电4-光伏3,54,17:00-18:00,18,1,3.1398,41.5,44.6398,16.612000000000002,3.2,19.812,24.8278,0.0,0.6074,0.3779,21380.830100000003,4,3
风电4-光伏3,54,18:00-19:00,19,0,2.61,0.0,2.61,15.328,1.28,16.608,0.0,13.998000000000001,0.8024,0.3779,27357.449,4,3
风电4-光伏3,54,19:00-20:00,20,0,2.1198,0.0,2.1198,9.416,0.0,9.416,0.0,7.296200000000001,0.8024,0.3779,30202.363100000002,4,3
风电4-光伏3,54,20:00-21:00,21,0,1.8599999999999999,0.0,1.8599999999999999,8.808,0.0,8.808,0.0,6.948,0.8024,0.3779,30350.174000000003,4,3
风电4-光伏3,54,21:00-22:00,22,0,1.6301999999999999,0.0,1.6301999999999999,5.215999999999999,0.0,5.215999999999999,0.0,3.5857999999999994,0.6074,0.3779,24384.158900000002,4,3
风电4-光伏3,54,22:00-23:00,23,1,1.56,41.5,43.06,6.151999999999999,0.0,6.151999999999999,36.908,0.0,0.6074,0.3779,24153.236000000004,4,3
风电4-光伏3,54,23:00-24:00,24,1,1.4802,41.5,42.980199999999996,8.464,0.0,8.464,34.5162,0.0,0.3424,0.3779,14457.524899999997,4,3
风电4-光伏3,45,0:00-1:00,1,1,1.3698000000000001,41.5,42.8698,13.495999999999999,0.0,13.495999999999999,29.3738,0.0,0.3424,0.3779,14640.0801,4,3
风电4-光伏3,45,1:00-2:00,2,1,1.0997999999999999,41.5,42.5998,14.084000000000001,0.0,14.084000000000001,28.5158,0.0,0.3424,0.3779,14670.539100000002,4,3
风电4-光伏3,45,2:00-3:00,3,1,0.7998000000000001,41.5,42.2998,13.091999999999999,0.0,13.091999999999999,29.2078,0.0,0.3424,0.3779,14645.9731,4,3
风电4-光伏3,45,3:00-4:00,4,1,0.99,41.5,42.49,20.168,0.0,20.168,22.322000000000003,0.0,0.3424,0.3779,14890.419000000002,4,3
风电4-光伏3,45,4:00-5:00,5,1,1.1802000000000001,41.5,42.6802,19.276,0.0,19.276,23.4042,0.0,0.3424,0.3779,14852.0009,4,3
风电4-光伏3,45,5:00-6:00,6,1,1.6301999999999999,41.5,43.1302,23.08,0.0,23.08,20.050200000000004,0.0,0.3424,0.3779,14971.067900000002,4,3
风电4-光伏3,45,6:00-7:00,7,1,2.5002,41.5,44.0002,28.355999999999998,0.0,28.355999999999998,15.644200000000001,0.0,0.3424,0.3779,15127.4809,4,3
风电4-光伏3,45,7:00-8:00,8,1,3.3701999999999996,41.5,44.8702,26.36,1.28,27.64,17.230199999999996,0.0,0.6074,0.3779,19637.1809,4,3
风电4-光伏3,45,8:00-9:00,9,1,4.0098,41.5,45.5098,25.076,3.2,28.276,17.2338,0.0,0.6074,0.3779,19638.007100000003,4,3
风电4-光伏3,45,9:00-10:00,10,1,4.199999999999999,41.5,45.7,22.112,5.12,27.232,18.468000000000004,0.0,0.6074,0.3779,19921.256,4,3
风电4-光伏3,45,10:00-11:00,11,0,4.1202,0.0,4.1202,8.995999999999999,7.68,16.676,0.0,12.555799999999998,0.8024,0.3779,27969.6629,4,3
风电4-光伏3,45,11:00-12:00,12,0,3.9000000000000004,0.0,3.9000000000000004,7.652,11.52,19.172,0.0,15.272,0.8024,0.3779,26816.636,4,3
风电4-光伏3,45,12:00-13:00,13,0,3.2598000000000003,0.0,3.2598000000000003,10.815999999999999,14.08,24.896,0.0,21.636200000000002,0.8024,0.3779,24115.033099999997,4,3
风电4-光伏3,45,13:00-14:00,14,0,2.6898,0.0,2.6898,10.952,14.08,25.032,0.0,22.3422,0.8024,0.3779,23815.3361,4,3
风电4-光伏3,45,14:00-15:00,15,1,3.63,41.5,45.13,15.152000000000001,11.52,26.672,18.458000000000002,0.0,0.8024,0.3779,23518.271,4,3
风电4-光伏3,45,15:00-16:00,16,1,3.8202000000000003,41.5,45.3202,21.66,7.04,28.7,16.6202,0.0,0.6074,0.3779,19497.1859,4,3
风电4-光伏3,45,16:00-17:00,17,1,3.75,41.5,45.25,17.16,5.12,22.28,22.97,0.0,0.6074,0.3779,20954.465,4,3
风电4-光伏3,45,17:00-18:00,18,1,3.1398,41.5,44.6398,16.612000000000002,3.2,19.812,24.8278,0.0,0.6074,0.3779,21380.830100000003,4,3
风电4-光伏3,45,18:00-19:00,19,0,2.61,0.0,2.61,15.328,1.28,16.608,0.0,13.998000000000001,0.8024,0.3779,27357.449,4,3
风电4-光伏3,45,19:00-20:00,20,0,2.1198,0.0,2.1198,9.416,0.0,9.416,0.0,7.296200000000001,0.8024,0.3779,30202.363100000002,4,3
风电4-光伏3,45,20:00-21:00,21,0,1.8599999999999999,0.0,1.8599999999999999,8.808,0.0,8.808,0.0,6.948,0.8024,0.3779,30350.174000000003,4,3
风电4-光伏3,45,21:00-22:00,22,0,1.6301999999999999,0.0,1.6301999999999999,5.215999999999999,0.0,5.215999999999999,0.0,3.5857999999999994,0.6074,0.3779,24384.158900000002,4,3
风电4-光伏3,45,22:00-23:00,23,0,1.56,0.0,1.56,6.151999999999999,0.0,6.151999999999999,0.0,4.591999999999999,0.6074,0.3779,24153.236000000004,4,3
风电4-光伏3,45,23:00-24:00,24,1,1.4802,41.5,42.980199999999996,8.464,0.0,8.464,34.5162,0.0,0.3424,0.3779,14457.524899999997,4,3
风电4-光伏3,36,0:00-1:00,1,1,1.3698000000000001,41.5,42.8698,13.495999999999999,0.0,13.495999999999999,29.3738,0.0,0.3424,0.3779,14640.0801,4,3
风电4-光伏3,36,1:00-2:00,2,1,1.0997999999999999,41.5,42.5998,14.084000000000001,0.0,14.084000000000001,28.5158,0.0,0.3424,0.3779,14670.539100000002,4,3
风电4-光伏3,36,2:00-3:00,3,1,0.7998000000000001,41.5,42.2998,13.091999999999999,0.0,13.091999999999999,29.2078,0.0,0.3424,0.3779,14645.9731,4,3
风电4-光伏3,36,3:00-4:00,4,1,0.99,41.5,42.49,20.168,0.0,20.168,22.322000000000003,0.0,0.3424,0.3779,14890.419000000002,4,3
风电4-光伏3,36,4:00-5:00,5,1,1.1802000000000001,41.5,42.6802,19.276,0.0,19.276,23.4042,0.0,0.3424,0.3779,14852.0009,4,3
风电4-光伏3,36,5:00-6:00,6,1,1.6301999999999999,41.5,43.1302,23.08,0.0,23.08,20.050200000000004,0.0,0.3424,0.3779,14971.067900000002,4,3
风电4-光伏3,36,6:00-7:00,7,1,2.5002,41.5,44.0002,28.355999999999998,0.0,28.355999999999998,15.644200000000001,0.0,0.3424,0.3779,15127.4809,4,3
风电4-光伏3,36,7:00-8:00,8,1,3.3701999999999996,41.5,44.8702,26.36,1.28,27.64,17.230199999999996,0.0,0.6074,0.3779,19637.1809,4,3
风电4-光伏3,36,8:00-9:00,9,1,4.0098,41.5,45.5098,25.076,3.2,28.276,17.2338,0.0,0.6074,0.3779,19638.007100000003,4,3
风电4-光伏3,36,9:00-10:00,10,1,4.199999999999999,41.5,45.7,22.112,5.12,27.232,18.468000000000004,0.0,0.6074,0.3779,19921.256,4,3
风电4-光伏3,36,10:00-11:00,11,0,4.1202,0.0,4.1202,8.995999999999999,7.68,16.676,0.0,12.555799999999998,0.8024,0.3779,27969.6629,4,3
风电4-光伏3,36,11:00-12:00,12,0,3.9000000000000004,0.0,3.9000000000000004,7.652,11.52,19.172,0.0,15.272,0.8024,0.3779,26816.636,4,3
风电4-光伏3,36,12:00-13:00,13,0,3.2598000000000003,0.0,3.2598000000000003,10.815999999999999,14.08,24.896,0.0,21.636200000000002,0.8024,0.3779,24115.033099999997,4,3
风电4-光伏3,36,13:00-14:00,14,0,2.6898,0.0,2.6898,10.952,14.08,25.032,0.0,22.3422,0.8024,0.3779,23815.3361,4,3
风电4-光伏3,36,14:00-15:00,15,0,3.63,0.0,3.63,15.152000000000001,11.52,26.672,0.0,23.042,0.8024,0.3779,23518.271,4,3
风电4-光伏3,36,15:00-16:00,16,1,3.8202000000000003,41.5,45.3202,21.66,7.04,28.7,16.6202,0.0,0.6074,0.3779,19497.1859,4,3
风电4-光伏3,36,16:00-17:00,17,0,3.75,0.0,3.75,17.16,5.12,22.28,0.0,18.53,0.6074,0.3779,20954.465,4,3
风电4-光伏3,36,17:00-18:00,18,0,3.1398,0.0,3.1398,16.612000000000002,3.2,19.812,0.0,16.6722,0.6074,0.3779,21380.830100000003,4,3
风电4-光伏3,36,18:00-19:00,19,0,2.61,0.0,2.61,15.328,1.28,16.608,0.0,13.998000000000001,0.8024,0.3779,27357.449,4,3
风电4-光伏3,36,19:00-20:00,20,0,2.1198,0.0,2.1198,9.416,0.0,9.416,0.0,7.296200000000001,0.8024,0.3779,30202.363100000002,4,3
风电4-光伏3,36,20:00-21:00,21,0,1.8599999999999999,0.0,1.8599999999999999,8.808,0.0,8.808,0.0,6.948,0.8024,0.3779,30350.174000000003,4,3
风电4-光伏3,36,21:00-22:00,22,0,1.6301999999999999,0.0,1.6301999999999999,5.215999999999999,0.0,5.215999999999999,0.0,3.5857999999999994,0.6074,0.3779,24384.158900000002,4,3
风电4-光伏3,36,22:00-23:00,23,0,1.56,0.0,1.56,6.151999999999999,0.0,6.151999999999999,0.0,4.591999999999999,0.6074,0.3779,24153.236000000004,4,3
风电4-光伏3,36,23:00-24:00,24,1,1.4802,41.5,42.980199999999996,8.464,0.0,8.464,34.5162,0.0,0.3424,0.3779,14457.524899999997,4,3
风电4-光伏4,72,0:00-1:00,1,1,1.3698000000000001,41.5,42.8698,13.495999999999999,0.0,13.495999999999999,29.3738,0.0,0.3424,0.3779,14640.0801,4,4
风电4-光伏4,72,1:00-2:00,2,1,1.0997999999999999,41.5,42.5998,14.084000000000001,0.0,14.084000000000001,28.5158,0.0,0.3424,0.3779,14670.539100000002,4,4
风电4-光伏4,72,2:00-3:00,3,1,0.7998000000000001,41.5,42.2998,13.091999999999999,0.0,13.091999999999999,29.2078,0.0,0.3424,0.3779,14645.9731,4,4
风电4-光伏4,72,3:00-4:00,4,1,0.99,41.5,42.49,20.168,0.0,20.168,22.322000000000003,0.0,0.3424,0.3779,14890.419000000002,4,4
风电4-光伏4,72,4:00-5:00,5,1,1.1802000000000001,41.5,42.6802,19.276,0.0,19.276,23.4042,0.0,0.3424,0.3779,14852.0009,4,4
风电4-光伏4,72,5:00-6:00,6,1,1.6301999999999999,41.5,43.1302,23.08,0.0,23.08,20.050200000000004,0.0,0.3424,0.3779,14971.067900000002,4,4
风电4-光伏4,72,6:00-7:00,7,1,2.5002,41.5,44.0002,28.355999999999998,0.0,28.355999999999998,15.644200000000001,0.0,0.3424,0.3779,15127.4809,4,4
风电4-光伏4,72,7:00-8:00,8,1,3.3701999999999996,41.5,44.8702,26.36,0.0,26.36,18.510199999999998,0.0,0.6074,0.3779,19930.9409,4,4
风电4-光伏4,72,8:00-9:00,9,1,4.0098,41.5,45.5098,25.076,0.0,25.076,20.433799999999998,0.0,0.6074,0.3779,20372.4071,4,4
风电4-光伏4,72,9:00-10:00,10,1,4.199999999999999,41.5,45.7,22.112,0.0,22.112,23.588000000000005,0.0,0.6074,0.3779,21096.296000000006,4,4
风电4-光伏4,72,10:00-11:00,11,1,4.1202,41.5,45.6202,8.995999999999999,0.0,8.995999999999999,36.6242,0.0,0.8024,0.3779,31229.822900000003,4,4
风电4-光伏4,72,11:00-12:00,12,1,3.9000000000000004,41.5,45.4,7.652,1.28,8.932,36.467999999999996,0.0,0.8024,0.3779,31163.515999999996,4,4
风电4-光伏4,72,12:00-13:00,13,1,3.2598000000000003,41.5,44.7598,10.815999999999999,5.12,15.936,28.8238,0.0,0.8024,0.3779,27918.553099999997,4,4
风电4-光伏4,72,13:00-14:00,14,1,2.6898,41.5,44.1898,10.952,7.68,18.631999999999998,25.5578,0.0,0.8024,0.3779,26532.1361,4,4
风电4-光伏4,72,14:00-15:00,15,1,3.63,41.5,45.13,15.152000000000001,5.12,20.272000000000002,24.858,0.0,0.8024,0.3779,26235.071000000004,4,4
风电4-光伏4,72,15:00-16:00,16,1,3.8202000000000003,41.5,45.3202,21.66,1.28,22.94,22.3802,0.0,0.6074,0.3779,20819.105900000002,4,4
风电4-光伏4,72,16:00-17:00,17,1,3.75,41.5,45.25,17.16,0.0,17.16,28.09,0.0,0.6074,0.3779,22129.505000000005,4,4
风电4-光伏4,72,17:00-18:00,18,1,3.1398,41.5,44.6398,16.612000000000002,0.0,16.612000000000002,28.0278,0.0,0.6074,0.3779,22115.230100000004,4,4
风电4-光伏4,72,18:00-19:00,19,1,2.61,41.5,44.11,15.328,0.0,15.328,28.782,0.0,0.8024,0.3779,27900.808999999997,4,4
风电4-光伏4,72,19:00-20:00,20,1,2.1198,41.5,43.6198,9.416,0.0,9.416,34.2038,0.0,0.8024,0.3779,30202.363100000002,4,4
风电4-光伏4,72,20:00-21:00,21,1,1.8599999999999999,41.5,43.36,8.808,0.0,8.808,34.552,0.0,0.8024,0.3779,30350.174000000003,4,4
风电4-光伏4,72,21:00-22:00,22,1,1.6301999999999999,41.5,43.1302,5.215999999999999,0.0,5.215999999999999,37.9142,0.0,0.6074,0.3779,24384.158900000002,4,4
风电4-光伏4,72,22:00-23:00,23,1,1.56,41.5,43.06,6.151999999999999,0.0,6.151999999999999,36.908,0.0,0.6074,0.3779,24153.236000000004,4,4
风电4-光伏4,72,23:00-24:00,24,1,1.4802,41.5,42.980199999999996,8.464,0.0,8.464,34.5162,0.0,0.3424,0.3779,14457.524899999997,4,4
风电4-光伏4,63,0:00-1:00,1,1,1.3698000000000001,41.5,42.8698,13.495999999999999,0.0,13.495999999999999,29.3738,0.0,0.3424,0.3779,14640.0801,4,4
风电4-光伏4,63,1:00-2:00,2,1,1.0997999999999999,41.5,42.5998,14.084000000000001,0.0,14.084000000000001,28.5158,0.0,0.3424,0.3779,14670.539100000002,4,4
风电4-光伏4,63,2:00-3:00,3,1,0.7998000000000001,41.5,42.2998,13.091999999999999,0.0,13.091999999999999,29.2078,0.0,0.3424,0.3779,14645.9731,4,4
风电4-光伏4,63,3:00-4:00,4,1,0.99,41.5,42.49,20.168,0.0,20.168,22.322000000000003,0.0,0.3424,0.3779,14890.419000000002,4,4
风电4-光伏4,63,4:00-5:00,5,1,1.1802000000000001,41.5,42.6802,19.276,0.0,19.276,23.4042,0.0,0.3424,0.3779,14852.0009,4,4
风电4-光伏4,63,5:00-6:00,6,1,1.6301999999999999,41.5,43.1302,23.08,0.0,23.08,20.050200000000004,0.0,0.3424,0.3779,14971.067900000002,4,4
风电4-光伏4,63,6:00-7:00,7,1,2.5002,41.5,44.0002,28.355999999999998,0.0,28.355999999999998,15.644200000000001,0.0,0.3424,0.3779,15127.4809,4,4
风电4-光伏4,63,7:00-8:00,8,1,3.3701999999999996,41.5,44.8702,26.36,0.0,26.36,18.510199999999998,0.0,0.6074,0.3779,19930.9409,4,4
风电4-光伏4,63,8:00-9:00,9,1,4.0098,41.5,45.5098,25.076,0.0,25.076,20.433799999999998,0.0,0.6074,0.3779,20372.4071,4,4
风电4-光伏4,63,9:00-10:00,10,1,4.199999999999999,41.5,45.7,22.112,0.0,22.112,23.588000000000005,0.0,0.6074,0.3779,21096.296000000006,4,4
风电4-光伏4,63,10:00-11:00,11,0,4.1202,0.0,4.1202,8.995999999999999,0.0,8.995999999999999,0.0,4.875799999999999,0.8024,0.3779,31229.822900000003,4,4
风电4-光伏4,63,11:00-12:00,12,0,3.9000000000000004,0.0,3.9000000000000004,7.652,1.28,8.932,0.0,5.032,0.8024,0.3779,31163.515999999996,4,4
风电4-光伏4,63,12:00-13:00,13,1,3.2598000000000003,41.5,44.7598,10.815999999999999,5.12,15.936,28.8238,0.0,0.8024,0.3779,27918.553099999997,4,4
风电4-光伏4,63,13:00-14:00,14,1,2.6898,41.5,44.1898,10.952,7.68,18.631999999999998,25.5578,0.0,0.8024,0.3779,26532.1361,4,4
风电4-光伏4,63,14:00-15:00,15,1,3.63,41.5,45.13,15.152000000000001,5.12,20.272000000000002,24.858,0.0,0.8024,0.3779,26235.071000000004,4,4
风电4-光伏4,63,15:00-16:00,16,1,3.8202000000000003,41.5,45.3202,21.66,1.28,22.94,22.3802,0.0,0.6074,0.3779,20819.105900000002,4,4
风电4-光伏4,63,16:00-17:00,17,1,3.75,41.5,45.25,17.16,0.0,17.16,28.09,0.0,0.6074,0.3779,22129.505000000005,4,4
风电4-光伏4,63,17:00-18:00,18,1,3.1398,41.5,44.6398,16.612000000000002,0.0,16.612000000000002,28.0278,0.0,0.6074,0.3779,22115.230100000004,4,4
风电4-光伏4,63,18:00-19:00,19,1,2.61,41.5,44.11,15.328,0.0,15.328,28.782,0.0,0.8024,0.3779,27900.808999999997,4,4
风电4-光伏4,63,19:00-20:00,20,1,2.1198,41.5,43.6198,9.416,0.0,9.416,34.2038,0.0,0.8024,0.3779,30202.363100000002,4,4
风电4-光伏4,63,20:00-21:00,21,0,1.8599999999999999,0.0,1.8599999999999999,8.808,0.0,8.808,0.0,6.948,0.8024,0.3779,30350.174000000003,4,4
风电4-光伏4,63,21:00-22:00,22,1,1.6301999999999999,41.5,43.1302,5.215999999999999,0.0,5.215999999999999,37.9142,0.0,0.6074,0.3779,24384.158900000002,4,4
风电4-光伏4,63,22:00-23:00,23,1,1.56,41.5,43.06,6.151999999999999,0.0,6.151999999999999,36.908,0.0,0.6074,0.3779,24153.236000000004,4,4
风电4-光伏4,63,23:00-24:00,24,1,1.4802,41.5,42.980199999999996,8.464,0.0,8.464,34.5162,0.0,0.3424,0.3779,14457.524899999997,4,4
风电4-光伏4,54,0:00-1:00,1,1,1.3698000000000001,41.5,42.8698,13.495999999999999,0.0,13.495999999999999,29.3738,0.0,0.3424,0.3779,14640.0801,4,4
风电4-光伏4,54,1:00-2:00,2,1,1.0997999999999999,41.5,42.5998,14.084000000000001,0.0,14.084000000000001,28.5158,0.0,0.3424,0.3779,14670.539100000002,4,4
风电4-光伏4,54,2:00-3:00,3,1,0.7998000000000001,41.5,42.2998,13.091999999999999,0.0,13.091999999999999,29.2078,0.0,0.3424,0.3779,14645.9731,4,4
风电4-光伏4,54,3:00-4:00,4,1,0.99,41.5,42.49,20.168,0.0,20.168,22.322000000000003,0.0,0.3424,0.3779,14890.419000000002,4,4
风电4-光伏4,54,4:00-5:00,5,1,1.1802000000000001,41.5,42.6802,19.276,0.0,19.276,23.4042,0.0,0.3424,0.3779,14852.0009,4,4
风电4-光伏4,54,5:00-6:00,6,1,1.6301999999999999,41.5,43.1302,23.08,0.0,23.08,20.050200000000004,0.0,0.3424,0.3779,14971.067900000002,4,4
风电4-光伏4,54,6:00-7:00,7,1,2.5002,41.5,44.0002,28.355999999999998,0.0,28.355999999999998,15.644200000000001,0.0,0.3424,0.3779,15127.4809,4,4
风电4-光伏4,54,7:00-8:00,8,1,3.3701999999999996,41.5,44.8702,26.36,0.0,26.36,18.510199999999998,0.0,0.6074,0.3779,19930.9409,4,4
风电4-光伏4,54,8:00-9:00,9,1,4.0098,41.5,45.5098,25.076,0.0,25.076,20.433799999999998,0.0,0.6074,0.3779,20372.4071,4,4
风电4-光伏4,54,9:00-10:00,10,1,4.199999999999999,41.5,45.7,22.112,0.0,22.112,23.588000000000005,0.0,0.6074,0.3779,21096.296000000006,4,4
风电4-光伏4,54,10:00-11:00,11,0,4.1202,0.0,4.1202,8.995999999999999,0.0,8.995999999999999,0.0,4.875799999999999,0.8024,0.3779,31229.822900000003,4,4
风电4-光伏4,54,11:00-12:00,12,0,3.9000000000000004,0.0,3.9000000000000004,7.652,1.28,8.932,0.0,5.032,0.8024,0.3779,31163.515999999996,4,4
风电4-光伏4,54,12:00-13:00,13,0,3.2598000000000003,0.0,3.2598000000000003,10.815999999999999,5.12,15.936,0.0,12.6762,0.8024,0.3779,27918.553099999997,4,4
风电4-光伏4,54,13:00-14:00,14,1,2.6898,41.5,44.1898,10.952,7.68,18.631999999999998,25.5578,0.0,0.8024,0.3779,26532.1361,4,4
风电4-光伏4,54,14:00-15:00,15,1,3.63,41.5,45.13,15.152000000000001,5.12,20.272000000000002,24.858,0.0,0.8024,0.3779,26235.071000000004,4,4
风电4-光伏4,54,15:00-16:00,16,1,3.8202000000000003,41.5,45.3202,21.66,1.28,22.94,22.3802,0.0,0.6074,0.3779,20819.105900000002,4,4
风电4-光伏4,54,16:00-17:00,17,1,3.75,41.5,45.25,17.16,0.0,17.16,28.09,0.0,0.6074,0.3779,22129.505000000005,4,4
风电4-光伏4,54,17:00-18:00,18,1,3.1398,41.5,44.6398,16.612000000000002,0.0,16.612000000000002,28.0278,0.0,0.6074,0.3779,22115.230100000004,4,4
风电4-光伏4,54,18:00-19:00,19,0,2.61,0.0,2.61,15.328,0.0,15.328,0.0,12.718,0.8024,0.3779,27900.808999999997,4,4
风电4-光伏4,54,19:00-20:00,20,0,2.1198,0.0,2.1198,9.416,0.0,9.416,0.0,7.296200000000001,0.8024,0.3779,30202.363100000002,4,4
风电4-光伏4,54,20:00-21:00,21,0,1.8599999999999999,0.0,1.8599999999999999,8.808,0.0,8.808,0.0,6.948,0.8024,0.3779,30350.174000000003,4,4
风电4-光伏4,54,21:00-22:00,22,1,1.6301999999999999,41.5,43.1302,5.215999999999999,0.0,5.215999999999999,37.9142,0.0,0.6074,0.3779,24384.158900000002,4,4
风电4-光伏4,54,22:00-23:00,23,1,1.56,41.5,43.06,6.151999999999999,0.0,6.151999999999999,36.908,0.0,0.6074,0.3779,24153.236000000004,4,4
风电4-光伏4,54,23:00-24:00,24,1,1.4802,41.5,42.980199999999996,8.464,0.0,8.464,34.5162,0.0,0.3424,0.3779,14457.524899999997,4,4
风电4-光伏4,45,0:00-1:00,1,1,1.3698000000000001,41.5,42.8698,13.495999999999999,0.0,13.495999999999999,29.3738,0.0,0.3424,0.3779,14640.0801,4,4
风电4-光伏4,45,1:00-2:00,2,1,1.0997999999999999,41.5,42.5998,14.084000000000001,0.0,14.084000000000001,28.5158,0.0,0.3424,0.3779,14670.539100000002,4,4
风电4-光伏4,45,2:00-3:00,3,1,0.7998000000000001,41.5,42.2998,13.091999999999999,0.0,13.091999999999999,29.2078,0.0,0.3424,0.3779,14645.9731,4,4
风电4-光伏4,45,3:00-4:00,4,1,0.99,41.5,42.49,20.168,0.0,20.168,22.322000000000003,0.0,0.3424,0.3779,14890.419000000002,4,4
风电4-光伏4,45,4:00-5:00,5,1,1.1802000000000001,41.5,42.6802,19.276,0.0,19.276,23.4042,0.0,0.3424,0.3779,14852.0009,4,4
风电4-光伏4,45,5:00-6:00,6,1,1.6301999999999999,41.5,43.1302,23.08,0.0,23.08,20.050200000000004,0.0,0.3424,0.3779,14971.067900000002,4,4
风电4-光伏4,45,6:00-7:00,7,1,2.5002,41.5,44.0002,28.355999999999998,0.0,28.355999999999998,15.644200000000001,0.0,0.3424,0.3779,15127.4809,4,4
风电4-光伏4,45,7:00-8:00,8,1,3.3701999999999996,41.5,44.8702,26.36,0.0,26.36,18.510199999999998,0.0,0.6074,0.3779,19930.9409,4,4
风电4-光伏4,45,8:00-9:00,9,1,4.0098,41.5,45.5098,25.076,0.0,25.076,20.433799999999998,0.0,0.6074,0.3779,20372.4071,4,4
风电4-光伏4,45,9:00-10:00,10,1,4.199999999999999,41.5,45.7,22.112,0.0,22.112,23.588000000000005,0.0,0.6074,0.3779,21096.296000000006,4,4
风电4-光伏4,45,10:00-11:00,11,0,4.1202,0.0,4.1202,8.995999999999999,0.0,8.995999999999999,0.0,4.875799999999999,0.8024,0.3779,31229.822900000003,4,4
风电4-光伏4,45,11:00-12:00,12,0,3.9000000000000004,0.0,3.9000000000000004,7.652,1.28,8.932,0.0,5.032,0.8024,0.3779,31163.515999999996,4,4
风电4-光伏4,45,12:00-13:00,13,0,3.2598000000000003,0.0,3.2598000000000003,10.815999999999999,5.12,15.936,0.0,12.6762,0.8024,0.3779,27918.553099999997,4,4
风电4-光伏4,45,13:00-14:00,14,0,2.6898,0.0,2.6898,10.952,7.68,18.631999999999998,0.0,15.942199999999998,0.8024,0.3779,26532.1361,4,4
风电4-光伏4,45,14:00-15:00,15,0,3.63,0.0,3.63,15.152000000000001,5.12,20.272000000000002,0.0,16.642000000000003,0.8024,0.3779,26235.071000000004,4,4
风电4-光伏4,45,15:00-16:00,16,1,3.8202000000000003,41.5,45.3202,21.66,1.28,22.94,22.3802,0.0,0.6074,0.3779,20819.105900000002,4,4
风电4-光伏4,45,16:00-17:00,17,1,3.75,41.5,45.25,17.16,0.0,17.16,28.09,0.0,0.6074,0.3779,22129.505000000005,4,4
风电4-光伏4,45,17:00-18:00,18,1,3.1398,41.5,44.6398,16.612000000000002,0.0,16.612000000000002,28.0278,0.0,0.6074,0.3779,22115.230100000004,4,4
风电4-光伏4,45,18:00-19:00,19,0,2.61,0.0,2.61,15.328,0.0,15.328,0.0,12.718,0.8024,0.3779,27900.808999999997,4,4
风电4-光伏4,45,19:00-20:00,20,0,2.1198,0.0,2.1198,9.416,0.0,9.416,0.0,7.296200000000001,0.8024,0.3779,30202.363100000002,4,4
风电4-光伏4,45,20:00-21:00,21,0,1.8599999999999999,0.0,1.8599999999999999,8.808,0.0,8.808,0.0,6.948,0.8024,0.3779,30350.174000000003,4,4
风电4-光伏4,45,21:00-22:00,22,0,1.6301999999999999,0.0,1.6301999999999999,5.215999999999999,0.0,5.215999999999999,0.0,3.5857999999999994,0.6074,0.3779,24384.158900000002,4,4
风电4-光伏4,45,22:00-23:00,23,1,1.56,41.5,43.06,6.151999999999999,0.0,6.151999999999999,36.908,0.0,0.6074,0.3779,24153.236000000004,4,4
风电4-光伏4,45,23:00-24:00,24,1,1.4802,41.5,42.980199999999996,8.464,0.0,8.464,34.5162,0.0,0.3424,0.3779,14457.524899999997,4,4
风电4-光伏4,36,0:00-1:00,1,1,1.3698000000000001,41.5,42.8698,13.495999999999999,0.0,13.495999999999999,29.3738,0.0,0.3424,0.3779,14640.0801,4,4
风电4-光伏4,36,1:00-2:00,2,1,1.0997999999999999,41.5,42.5998,14.084000000000001,0.0,14.084000000000001,28.5158,0.0,0.3424,0.3779,14670.539100000002,4,4
风电4-光伏4,36,2:00-3:00,3,1,0.7998000000000001,41.5,42.2998,13.091999999999999,0.0,13.091999999999999,29.2078,0.0,0.3424,0.3779,14645.9731,4,4
风电4-光伏4,36,3:00-4:00,4,1,0.99,41.5,42.49,20.168,0.0,20.168,22.322000000000003,0.0,0.3424,0.3779,14890.419000000002,4,4
风电4-光伏4,36,4:00-5:00,5,1,1.1802000000000001,41.5,42.6802,19.276,0.0,19.276,23.4042,0.0,0.3424,0.3779,14852.0009,4,4
风电4-光伏4,36,5:00-6:00,6,1,1.6301999999999999,41.5,43.1302,23.08,0.0,23.08,20.050200000000004,0.0,0.3424,0.3779,14971.067900000002,4,4
风电4-光伏4,36,6:00-7:00,7,1,2.5002,41.5,44.0002,28.355999999999998,0.0,28.355999999999998,15.644200000000001,0.0,0.3424,0.3779,15127.4809,4,4
风电4-光伏4,36,7:00-8:00,8,1,3.3701999999999996,41.5,44.8702,26.36,0.0,26.36,18.510199999999998,0.0,0.6074,0.3779,19930.9409,4,4
风电4-光伏4,36,8:00-9:00,9,1,4.0098,41.5,45.5098,25.076,0.0,25.076,20.433799999999998,0.0,0.6074,0.3779,20372.4071,4,4
风电4-光伏4,36,9:00-10:00,10,1,4.199999999999999,41.5,45.7,22.112,0.0,22.112,23.588000000000005,0.0,0.6074,0.3779,21096.296000000006,4,4
风电4-光伏4,36,10:00-11:00,11,0,4.1202,0.0,4.1202,8.995999999999999,0.0,8.995999999999999,0.0,4.875799999999999,0.8024,0.3779,31229.822900000003,4,4
风电4-光伏4,36,11:00-12:00,12,0,3.9000000000000004,0.0,3.9000000000000004,7.652,1.28,8.932,0.0,5.032,0.8024,0.3779,31163.515999999996,4,4
风电4-光伏4,36,12:00-13:00,13,0,3.2598000000000003,0.0,3.2598000000000003,10.815999999999999,5.12,15.936,0.0,12.6762,0.8024,0.3779,27918.553099999997,4,4
风电4-光伏4,36,13:00-14:00,14,0,2.6898,0.0,2.6898,10.952,7.68,18.631999999999998,0.0,15.942199999999998,0.8024,0.3779,26532.1361,4,4
风电4-光伏4,36,14:00-15:00,15,0,3.63,0.0,3.63,15.152000000000001,5.12,20.272000000000002,0.0,16.642000000000003,0.8024,0.3779,26235.071000000004,4,4
风电4-光伏4,36,15:00-16:00,16,1,3.8202000000000003,41.5,45.3202,21.66,1.28,22.94,22.3802,0.0,0.6074,0.3779,20819.105900000002,4,4
风电4-光伏4,36,16:00-17:00,17,0,3.75,0.0,3.75,17.16,0.0,17.16,0.0,13.41,0.6074,0.3779,22129.505000000005,4,4
风电4-光伏4,36,17:00-18:00,18,0,3.1398,0.0,3.1398,16.612000000000002,0.0,16.612000000000002,0.0,13.4722,0.6074,0.3779,22115.230100000004,4,4
风电4-光伏4,36,18:00-19:00,19,0,2.61,0.0,2.61,15.328,0.0,15.328,0.0,12.718,0.8024,0.3779,27900.808999999997,4,4
风电4-光伏4,36,19:00-20:00,20,0,2.1198,0.0,2.1198,9.416,0.0,9.416,0.0,7.296200000000001,0.8024,0.3779,30202.363100000002,4,4
风电4-光伏4,36,20:00-21:00,21,0,1.8599999999999999,0.0,1.8599999999999999,8.808,0.0,8.808,0.0,6.948,0.8024,0.3779,30350.174000000003,4,4
风电4-光伏4,36,21:00-22:00,22,0,1.6301999999999999,0.0,1.6301999999999999,5.215999999999999,0.0,5.215999999999999,0.0,3.5857999999999994,0.6074,0.3779,24384.158900000002,4,4
风电4-光伏4,36,22:00-23:00,23,0,1.56,0.0,1.56,6.151999999999999,0.0,6.151999999999999,0.0,4.591999999999999,0.6074,0.3779,24153.236000000004,4,4
风电4-光伏4,36,23:00-24:00,24,1,1.4802,41.5,42.980199999999996,8.464,0.0,8.464,34.5162,0.0,0.3424,0.3779,14457.524899999997,4,4
风电5-光伏1,72,0:00-1:00,1,1,1.3698000000000001,41.5,42.8698,9.776,0.0,9.776,33.0938,0.0,0.3424,0.3779,14508.0201,5,1
风电5-光伏1,72,1:00-2:00,2,1,1.0997999999999999,41.5,42.5998,13.5,0.0,13.5,29.099800000000002,0.0,0.3424,0.3779,14649.807100000002,5,1
风电5-光伏1,72,2:00-3:00,3,1,0.7998000000000001,41.5,42.2998,15.392,0.0,15.392,26.907799999999998,0.0,0.3424,0.3779,14727.623099999997,5,1
风电5-光伏1,72,3:00-4:00,4,1,0.99,41.5,42.49,13.312,0.0,13.312,29.178000000000004,0.0,0.3424,0.3779,14647.031,5,1
风电5-光伏1,72,4:00-5:00,5,1,1.1802000000000001,41.5,42.6802,15.144,0.0,15.144,27.5362,0.0,0.3424,0.3779,14705.3149,5,1
风电5-光伏1,72,5:00-6:00,6,1,1.6301999999999999,41.5,43.1302,14.315999999999999,0.0,14.315999999999999,28.814200000000003,0.0,0.3424,0.3779,14659.945899999999,5,1
风电5-光伏1,72,6:00-7:00,7,1,2.5002,41.5,44.0002,17.852,14.08,31.932000000000002,12.068199999999997,0.0,0.3424,0.3779,15254.428899999999,5,1
风电5-光伏1,72,7:00-8:00,8,1,3.3701999999999996,41.5,44.8702,9.628,25.6,35.228,9.642199999999995,0.0,0.6074,0.3779,17895.7349,5,1
风电5-光伏1,72,8:00-9:00,9,1,4.0098,41.5,45.5098,22.324,37.12,59.444,0.0,13.934200000000004,0.6074,0.3779,15682.85,5,1
风电5-光伏1,72,9:00-10:00,10,1,4.199999999999999,41.5,45.7,20.928,46.08,67.008,0.0,21.307999999999993,0.6074,0.3779,15682.850000000002,5,1
风电5-光伏1,72,10:00-11:00,11,1,4.1202,41.5,45.6202,15.995999999999999,52.48,68.476,0.0,22.855800000000002,0.8024,0.3779,15682.85,5,1
风电5-光伏1,72,11:00-12:00,12,1,3.9000000000000004,41.5,45.4,14.328000000000001,55.04,69.368,0.0,23.967999999999996,0.8024,0.3779,15682.85,5,1
风电5-光伏1,72,12:00-13:00,13,1,3.2598000000000003,41.5,44.7598,12.74,56.32,69.06,0.0,24.300200000000004,0.8024,0.3779,15682.850000000002,5,1
风电5-光伏1,72,13:00-14:00,14,1,2.6898,41.5,44.1898,12.812,56.32,69.132,0.0,24.942200000000007,0.8024,0.3779,15682.85,5,1
风电5-光伏1,72,14:00-15:00,15,1,3.63,41.5,45.13,8.256,52.48,60.736,0.0,15.605999999999995,0.8024,0.3779,15682.850000000002,5,1
风电5-光伏1,72,15:00-16:00,16,1,3.8202000000000003,41.5,45.3202,8.556000000000001,44.8,53.355999999999995,0.0,8.035799999999995,0.6074,0.3779,15682.85,5,1
风电5-光伏1,72,16:00-17:00,17,1,3.75,41.5,45.25,15.664,33.28,48.944,0.0,3.6940000000000026,0.6074,0.3779,15682.85,5,1
风电5-光伏1,72,17:00-18:00,18,1,3.1398,41.5,44.6398,8.372,24.32,32.692,11.9478,0.0,0.6074,0.3779,18424.8701,5,1
风电5-光伏1,72,18:00-19:00,19,1,2.61,41.5,44.11,7.872,11.52,19.392,24.718,0.0,0.8024,0.3779,26175.641,5,1
风电5-光伏1,72,19:00-20:00,20,1,2.1198,41.5,43.6198,11.175999999999998,0.0,11.175999999999998,32.443799999999996,0.0,0.8024,0.3779,29455.243099999996,5,1
风电5-光伏1,72,20:00-21:00,21,1,1.8599999999999999,41.5,43.36,9.884,0.0,9.884,33.476,0.0,0.8024,0.3779,29893.411999999997,5,1
风电5-光伏1,72,21:00-22:00,22,1,1.6301999999999999,41.5,43.1302,9.02,0.0,9.02,34.110200000000006,0.0,0.6074,0.3779,23511.140900000006,5,1
风电5-光伏1,72,22:00-23:00,23,1,1.56,41.5,43.06,6.204,0.0,6.204,36.856,0.0,0.6074,0.3779,24141.302000000003,5,1
风电5-光伏1,72,23:00-24:00,24,1,1.4802,41.5,42.980199999999996,16.928,0.0,16.928,26.052199999999996,0.0,0.3424,0.3779,14757.996899999998,5,1
风电5-光伏1,63,0:00-1:00,1,1,1.3698000000000001,41.5,42.8698,9.776,0.0,9.776,33.0938,0.0,0.3424,0.3779,14508.0201,5,1
风电5-光伏1,63,1:00-2:00,2,1,1.0997999999999999,41.5,42.5998,13.5,0.0,13.5,29.099800000000002,0.0,0.3424,0.3779,14649.807100000002,5,1
风电5-光伏1,63,2:00-3:00,3,1,0.7998000000000001,41.5,42.2998,15.392,0.0,15.392,26.907799999999998,0.0,0.3424,0.3779,14727.623099999997,5,1
风电5-光伏1,63,3:00-4:00,4,1,0.99,41.5,42.49,13.312,0.0,13.312,29.178000000000004,0.0,0.3424,0.3779,14647.031,5,1
风电5-光伏1,63,4:00-5:00,5,1,1.1802000000000001,41.5,42.6802,15.144,0.0,15.144,27.5362,0.0,0.3424,0.3779,14705.3149,5,1
风电5-光伏1,63,5:00-6:00,6,1,1.6301999999999999,41.5,43.1302,14.315999999999999,0.0,14.315999999999999,28.814200000000003,0.0,0.3424,0.3779,14659.945899999999,5,1
风电5-光伏1,63,6:00-7:00,7,1,2.5002,41.5,44.0002,17.852,14.08,31.932000000000002,12.068199999999997,0.0,0.3424,0.3779,15254.428899999999,5,1
风电5-光伏1,63,7:00-8:00,8,1,3.3701999999999996,41.5,44.8702,9.628,25.6,35.228,9.642199999999995,0.0,0.6074,0.3779,17895.7349,5,1
风电5-光伏1,63,8:00-9:00,9,1,4.0098,41.5,45.5098,22.324,37.12,59.444,0.0,13.934200000000004,0.6074,0.3779,15682.85,5,1
风电5-光伏1,63,9:00-10:00,10,1,4.199999999999999,41.5,45.7,20.928,46.08,67.008,0.0,21.307999999999993,0.6074,0.3779,15682.850000000002,5,1
风电5-光伏1,63,10:00-11:00,11,1,4.1202,41.5,45.6202,15.995999999999999,52.48,68.476,0.0,22.855800000000002,0.8024,0.3779,15682.85,5,1
风电5-光伏1,63,11:00-12:00,12,1,3.9000000000000004,41.5,45.4,14.328000000000001,55.04,69.368,0.0,23.967999999999996,0.8024,0.3779,15682.85,5,1
风电5-光伏1,63,12:00-13:00,13,1,3.2598000000000003,41.5,44.7598,12.74,56.32,69.06,0.0,24.300200000000004,0.8024,0.3779,15682.850000000002,5,1
风电5-光伏1,63,13:00-14:00,14,1,2.6898,41.5,44.1898,12.812,56.32,69.132,0.0,24.942200000000007,0.8024,0.3779,15682.85,5,1
风电5-光伏1,63,14:00-15:00,15,1,3.63,41.5,45.13,8.256,52.48,60.736,0.0,15.605999999999995,0.8024,0.3779,15682.850000000002,5,1
风电5-光伏1,63,15:00-16:00,16,1,3.8202000000000003,41.5,45.3202,8.556000000000001,44.8,53.355999999999995,0.0,8.035799999999995,0.6074,0.3779,15682.85,5,1
风电5-光伏1,63,16:00-17:00,17,1,3.75,41.5,45.25,15.664,33.28,48.944,0.0,3.6940000000000026,0.6074,0.3779,15682.85,5,1
风电5-光伏1,63,17:00-18:00,18,1,3.1398,41.5,44.6398,8.372,24.32,32.692,11.9478,0.0,0.6074,0.3779,18424.8701,5,1
风电5-光伏1,63,18:00-19:00,19,0,2.61,0.0,2.61,7.872,11.52,19.392,0.0,16.782,0.8024,0.3779,26175.641,5,1
风电5-光伏1,63,19:00-20:00,20,0,2.1198,0.0,2.1198,11.175999999999998,0.0,11.175999999999998,0.0,9.056199999999999,0.8024,0.3779,29455.243099999996,5,1
风电5-光伏1,63,20:00-21:00,21,0,1.8599999999999999,0.0,1.8599999999999999,9.884,0.0,9.884,0.0,8.024000000000001,0.8024,0.3779,29893.411999999997,5,1
风电5-光伏1,63,21:00-22:00,22,1,1.6301999999999999,41.5,43.1302,9.02,0.0,9.02,34.110200000000006,0.0,0.6074,0.3779,23511.140900000006,5,1
风电5-光伏1,63,22:00-23:00,23,1,1.56,41.5,43.06,6.204,0.0,6.204,36.856,0.0,0.6074,0.3779,24141.302000000003,5,1
风电5-光伏1,63,23:00-24:00,24,1,1.4802,41.5,42.980199999999996,16.928,0.0,16.928,26.052199999999996,0.0,0.3424,0.3779,14757.996899999998,5,1
风电5-光伏1,54,0:00-1:00,1,1,1.3698000000000001,41.5,42.8698,9.776,0.0,9.776,33.0938,0.0,0.3424,0.3779,14508.0201,5,1
风电5-光伏1,54,1:00-2:00,2,1,1.0997999999999999,41.5,42.5998,13.5,0.0,13.5,29.099800000000002,0.0,0.3424,0.3779,14649.807100000002,5,1
风电5-光伏1,54,2:00-3:00,3,1,0.7998000000000001,41.5,42.2998,15.392,0.0,15.392,26.907799999999998,0.0,0.3424,0.3779,14727.623099999997,5,1
风电5-光伏1,54,3:00-4:00,4,1,0.99,41.5,42.49,13.312,0.0,13.312,29.178000000000004,0.0,0.3424,0.3779,14647.031,5,1
风电5-光伏1,54,4:00-5:00,5,1,1.1802000000000001,41.5,42.6802,15.144,0.0,15.144,27.5362,0.0,0.3424,0.3779,14705.3149,5,1
风电5-光伏1,54,5:00-6:00,6,1,1.6301999999999999,41.5,43.1302,14.315999999999999,0.0,14.315999999999999,28.814200000000003,0.0,0.3424,0.3779,14659.945899999999,5,1
风电5-光伏1,54,6:00-7:00,7,1,2.5002,41.5,44.0002,17.852,14.08,31.932000000000002,12.068199999999997,0.0,0.3424,0.3779,15254.428899999999,5,1
风电5-光伏1,54,7:00-8:00,8,1,3.3701999999999996,41.5,44.8702,9.628,25.6,35.228,9.642199999999995,0.0,0.6074,0.3779,17895.7349,5,1
风电5-光伏1,54,8:00-9:00,9,1,4.0098,41.5,45.5098,22.324,37.12,59.444,0.0,13.934200000000004,0.6074,0.3779,15682.85,5,1
风电5-光伏1,54,9:00-10:00,10,1,4.199999999999999,41.5,45.7,20.928,46.08,67.008,0.0,21.307999999999993,0.6074,0.3779,15682.850000000002,5,1
风电5-光伏1,54,10:00-11:00,11,1,4.1202,41.5,45.6202,15.995999999999999,52.48,68.476,0.0,22.855800000000002,0.8024,0.3779,15682.85,5,1
风电5-光伏1,54,11:00-12:00,12,1,3.9000000000000004,41.5,45.4,14.328000000000001,55.04,69.368,0.0,23.967999999999996,0.8024,0.3779,15682.85,5,1
风电5-光伏1,54,12:00-13:00,13,1,3.2598000000000003,41.5,44.7598,12.74,56.32,69.06,0.0,24.300200000000004,0.8024,0.3779,15682.850000000002,5,1
风电5-光伏1,54,13:00-14:00,14,1,2.6898,41.5,44.1898,12.812,56.32,69.132,0.0,24.942200000000007,0.8024,0.3779,15682.85,5,1
风电5-光伏1,54,14:00-15:00,15,1,3.63,41.5,45.13,8.256,52.48,60.736,0.0,15.605999999999995,0.8024,0.3779,15682.850000000002,5,1
风电5-光伏1,54,15:00-16:00,16,1,3.8202000000000003,41.5,45.3202,8.556000000000001,44.8,53.355999999999995,0.0,8.035799999999995,0.6074,0.3779,15682.85,5,1
风电5-光伏1,54,16:00-17:00,17,1,3.75,41.5,45.25,15.664,33.28,48.944,0.0,3.6940000000000026,0.6074,0.3779,15682.85,5,1
风电5-光伏1,54,17:00-18:00,18,0,3.1398,0.0,3.1398,8.372,24.32,32.692,0.0,29.5522,0.6074,0.3779,18424.8701,5,1
风电5-光伏1,54,18:00-19:00,19,0,2.61,0.0,2.61,7.872,11.52,19.392,0.0,16.782,0.8024,0.3779,26175.641,5,1
风电5-光伏1,54,19:00-20:00,20,0,2.1198,0.0,2.1198,11.175999999999998,0.0,11.175999999999998,0.0,9.056199999999999,0.8024,0.3779,29455.243099999996,5,1
风电5-光伏1,54,20:00-21:00,21,0,1.8599999999999999,0.0,1.8599999999999999,9.884,0.0,9.884,0.0,8.024000000000001,0.8024,0.3779,29893.411999999997,5,1
风电5-光伏1,54,21:00-22:00,22,0,1.6301999999999999,0.0,1.6301999999999999,9.02,0.0,9.02,0.0,7.389799999999999,0.6074,0.3779,23511.140900000006,5,1
风电5-光伏1,54,22:00-23:00,23,0,1.56,0.0,1.56,6.204,0.0,6.204,0.0,4.644,0.6074,0.3779,24141.302000000003,5,1
风电5-光伏1,54,23:00-24:00,24,1,1.4802,41.5,42.980199999999996,16.928,0.0,16.928,26.052199999999996,0.0,0.3424,0.3779,14757.996899999998,5,1
风电5-光伏1,45,0:00-1:00,1,1,1.3698000000000001,41.5,42.8698,9.776,0.0,9.776,33.0938,0.0,0.3424,0.3779,14508.0201,5,1
风电5-光伏1,45,1:00-2:00,2,1,1.0997999999999999,41.5,42.5998,13.5,0.0,13.5,29.099800000000002,0.0,0.3424,0.3779,14649.807100000002,5,1
风电5-光伏1,45,2:00-3:00,3,1,0.7998000000000001,41.5,42.2998,15.392,0.0,15.392,26.907799999999998,0.0,0.3424,0.3779,14727.623099999997,5,1
风电5-光伏1,45,3:00-4:00,4,1,0.99,41.5,42.49,13.312,0.0,13.312,29.178000000000004,0.0,0.3424,0.3779,14647.031,5,1
风电5-光伏1,45,4:00-5:00,5,1,1.1802000000000001,41.5,42.6802,15.144,0.0,15.144,27.5362,0.0,0.3424,0.3779,14705.3149,5,1
风电5-光伏1,45,5:00-6:00,6,1,1.6301999999999999,41.5,43.1302,14.315999999999999,0.0,14.315999999999999,28.814200000000003,0.0,0.3424,0.3779,14659.945899999999,5,1
风电5-光伏1,45,6:00-7:00,7,1,2.5002,41.5,44.0002,17.852,14.08,31.932000000000002,12.068199999999997,0.0,0.3424,0.3779,15254.428899999999,5,1
风电5-光伏1,45,7:00-8:00,8,0,3.3701999999999996,-0.0,3.3701999999999996,9.628,25.6,35.228,0.0,31.8578,0.6074,0.3779,17895.7349,5,1
风电5-光伏1,45,8:00-9:00,9,0,4.0098,0.0,4.0098,22.324,37.12,59.444,0.0,55.434200000000004,0.6074,0.3779,15682.85,5,1
风电5-光伏1,45,9:00-10:00,10,0,4.199999999999999,0.0,4.199999999999999,20.928,46.08,67.008,0.0,62.80799999999999,0.6074,0.3779,15682.850000000002,5,1
风电5-光伏1,45,10:00-11:00,11,1,4.1202,41.5,45.6202,15.995999999999999,52.48,68.476,0.0,22.855800000000002,0.8024,0.3779,15682.85,5,1
风电5-光伏1,45,11:00-12:00,12,1,3.9000000000000004,41.5,45.4,14.328000000000001,55.04,69.368,0.0,23.967999999999996,0.8024,0.3779,15682.85,5,1
风电5-光伏1,45,12:00-13:00,13,1,3.2598000000000003,41.5,44.7598,12.74,56.32,69.06,0.0,24.300200000000004,0.8024,0.3779,15682.850000000002,5,1
风电5-光伏1,45,13:00-14:00,14,1,2.6898,41.5,44.1898,12.812,56.32,69.132,0.0,24.942200000000007,0.8024,0.3779,15682.85,5,1
风电5-光伏1,45,14:00-15:00,15,1,3.63,41.5,45.13,8.256,52.48,60.736,0.0,15.605999999999995,0.8024,0.3779,15682.850000000002,5,1
风电5-光伏1,45,15:00-16:00,16,1,3.8202000000000003,41.5,45.3202,8.556000000000001,44.8,53.355999999999995,0.0,8.035799999999995,0.6074,0.3779,15682.85,5,1
风电5-光伏1,45,16:00-17:00,17,1,3.75,41.5,45.25,15.664,33.28,48.944,0.0,3.6940000000000026,0.6074,0.3779,15682.85,5,1
风电5-光伏1,45,17:00-18:00,18,0,3.1398,0.0,3.1398,8.372,24.32,32.692,0.0,29.5522,0.6074,0.3779,18424.8701,5,1
风电5-光伏1,45,18:00-19:00,19,0,2.61,0.0,2.61,7.872,11.52,19.392,0.0,16.782,0.8024,0.3779,26175.641,5,1
风电5-光伏1,45,19:00-20:00,20,0,2.1198,0.0,2.1198,11.175999999999998,0.0,11.175999999999998,0.0,9.056199999999999,0.8024,0.3779,29455.243099999996,5,1
风电5-光伏1,45,20:00-21:00,21,0,1.8599999999999999,0.0,1.8599999999999999,9.884,0.0,9.884,0.0,8.024000000000001,0.8024,0.3779,29893.411999999997,5,1
风电5-光伏1,45,21:00-22:00,22,0,1.6301999999999999,0.0,1.6301999999999999,9.02,0.0,9.02,0.0,7.389799999999999,0.6074,0.3779,23511.140900000006,5,1
风电5-光伏1,45,22:00-23:00,23,0,1.56,0.0,1.56,6.204,0.0,6.204,0.0,4.644,0.6074,0.3779,24141.302000000003,5,1
风电5-光伏1,45,23:00-24:00,24,1,1.4802,41.5,42.980199999999996,16.928,0.0,16.928,26.052199999999996,0.0,0.3424,0.3779,14757.996899999998,5,1
风电5-光伏1,36,0:00-1:00,1,1,1.3698000000000001,41.5,42.8698,9.776,0.0,9.776,33.0938,0.0,0.3424,0.3779,14508.0201,5,1
风电5-光伏1,36,1:00-2:00,2,1,1.0997999999999999,41.5,42.5998,13.5,0.0,13.5,29.099800000000002,0.0,0.3424,0.3779,14649.807100000002,5,1
风电5-光伏1,36,2:00-3:00,3,1,0.7998000000000001,41.5,42.2998,15.392,0.0,15.392,26.907799999999998,0.0,0.3424,0.3779,14727.623099999997,5,1
风电5-光伏1,36,3:00-4:00,4,1,0.99,41.5,42.49,13.312,0.0,13.312,29.178000000000004,0.0,0.3424,0.3779,14647.031,5,1
风电5-光伏1,36,4:00-5:00,5,1,1.1802000000000001,41.5,42.6802,15.144,0.0,15.144,27.5362,0.0,0.3424,0.3779,14705.3149,5,1
风电5-光伏1,36,5:00-6:00,6,1,1.6301999999999999,41.5,43.1302,14.315999999999999,0.0,14.315999999999999,28.814200000000003,0.0,0.3424,0.3779,14659.945899999999,5,1
风电5-光伏1,36,6:00-7:00,7,1,2.5002,41.5,44.0002,17.852,14.08,31.932000000000002,12.068199999999997,0.0,0.3424,0.3779,15254.428899999999,5,1
风电5-光伏1,36,7:00-8:00,8,0,3.3701999999999996,-0.0,3.3701999999999996,9.628,25.6,35.228,0.0,31.8578,0.6074,0.3779,17895.7349,5,1
风电5-光伏1,36,8:00-9:00,9,0,4.0098,0.0,4.0098,22.324,37.12,59.444,0.0,55.434200000000004,0.6074,0.3779,15682.85,5,1
风电5-光伏1,36,9:00-10:00,10,0,4.199999999999999,0.0,4.199999999999999,20.928,46.08,67.008,0.0,62.80799999999999,0.6074,0.3779,15682.850000000002,5,1
风电5-光伏1,36,10:00-11:00,11,0,4.1202,0.0,4.1202,15.995999999999999,52.48,68.476,0.0,64.3558,0.8024,0.3779,15682.85,5,1
风电5-光伏1,36,11:00-12:00,12,0,3.9000000000000004,0.0,3.9000000000000004,14.328000000000001,55.04,69.368,0.0,65.46799999999999,0.8024,0.3779,15682.85,5,1
风电5-光伏1,36,12:00-13:00,13,0,3.2598000000000003,0.0,3.2598000000000003,12.74,56.32,69.06,0.0,65.8002,0.8024,0.3779,15682.850000000002,5,1
风电5-光伏1,36,13:00-14:00,14,1,2.6898,41.5,44.1898,12.812,56.32,69.132,0.0,24.942200000000007,0.8024,0.3779,15682.85,5,1
风电5-光伏1,36,14:00-15:00,15,1,3.63,41.5,45.13,8.256,52.48,60.736,0.0,15.605999999999995,0.8024,0.3779,15682.850000000002,5,1
风电5-光伏1,36,15:00-16:00,16,1,3.8202000000000003,41.5,45.3202,8.556000000000001,44.8,53.355999999999995,0.0,8.035799999999995,0.6074,0.3779,15682.85,5,1
风电5-光伏1,36,16:00-17:00,17,1,3.75,41.5,45.25,15.664,33.28,48.944,0.0,3.6940000000000026,0.6074,0.3779,15682.85,5,1
风电5-光伏1,36,17:00-18:00,18,0,3.1398,0.0,3.1398,8.372,24.32,32.692,0.0,29.5522,0.6074,0.3779,18424.8701,5,1
风电5-光伏1,36,18:00-19:00,19,0,2.61,0.0,2.61,7.872,11.52,19.392,0.0,16.782,0.8024,0.3779,26175.641,5,1
风电5-光伏1,36,19:00-20:00,20,0,2.1198,0.0,2.1198,11.175999999999998,0.0,11.175999999999998,0.0,9.056199999999999,0.8024,0.3779,29455.243099999996,5,1
风电5-光伏1,36,20:00-21:00,21,0,1.8599999999999999,0.0,1.8599999999999999,9.884,0.0,9.884,0.0,8.024000000000001,0.8024,0.3779,29893.411999999997,5,1
风电5-光伏1,36,21:00-22:00,22,0,1.6301999999999999,0.0,1.6301999999999999,9.02,0.0,9.02,0.0,7.389799999999999,0.6074,0.3779,23511.140900000006,5,1
风电5-光伏1,36,22:00-23:00,23,0,1.56,0.0,1.56,6.204,0.0,6.204,0.0,4.644,0.6074,0.3779,24141.302000000003,5,1
风电5-光伏1,36,23:00-24:00,24,1,1.4802,41.5,42.980199999999996,16.928,0.0,16.928,26.052199999999996,0.0,0.3424,0.3779,14757.996899999998,5,1
风电5-光伏2,72,0:00-1:00,1,1,1.3698000000000001,41.5,42.8698,9.776,0.0,9.776,33.0938,0.0,0.3424,0.3779,14508.0201,5,2
风电5-光伏2,72,1:00-2:00,2,1,1.0997999999999999,41.5,42.5998,13.5,0.0,13.5,29.099800000000002,0.0,0.3424,0.3779,14649.807100000002,5,2
风电5-光伏2,72,2:00-3:00,3,1,0.7998000000000001,41.5,42.2998,15.392,0.0,15.392,26.907799999999998,0.0,0.3424,0.3779,14727.623099999997,5,2
风电5-光伏2,72,3:00-4:00,4,1,0.99,41.5,42.49,13.312,0.0,13.312,29.178000000000004,0.0,0.3424,0.3779,14647.031,5,2
风电5-光伏2,72,4:00-5:00,5,1,1.1802000000000001,41.5,42.6802,15.144,0.0,15.144,27.5362,0.0,0.3424,0.3779,14705.3149,5,2
风电5-光伏2,72,5:00-6:00,6,1,1.6301999999999999,41.5,43.1302,14.315999999999999,0.0,14.315999999999999,28.814200000000003,0.0,0.3424,0.3779,14659.945899999999,5,2
风电5-光伏2,72,6:00-7:00,7,1,2.5002,41.5,44.0002,17.852,0.0,17.852,26.1482,0.0,0.3424,0.3779,14754.588899999999,5,2
风电5-光伏2,72,7:00-8:00,8,1,3.3701999999999996,41.5,44.8702,9.628,3.2,12.828,32.042199999999994,0.0,0.6074,0.3779,23036.5349,5,2
风电5-光伏2,72,8:00-9:00,9,1,4.0098,41.5,45.5098,22.324,10.88,33.204,12.305799999999998,0.0,0.6074,0.3779,18507.0311,5,2
风电5-光伏2,72,9:00-10:00,10,1,4.199999999999999,41.5,45.7,20.928,17.92,38.848,6.852000000000004,0.0,0.6074,0.3779,17255.384000000002,5,2
风电5-光伏2,72,10:00-11:00,11,1,4.1202,41.5,45.6202,15.995999999999999,24.96,40.956,4.664199999999994,0.0,0.8024,0.3779,17662.8029,5,2
风电5-光伏2,72,11:00-12:00,12,1,3.9000000000000004,41.5,45.4,14.328000000000001,31.36,45.688,0.0,0.2880000000000038,0.8024,0.3779,15682.85,5,2
风电5-光伏2,72,12:00-13:00,13,1,3.2598000000000003,41.5,44.7598,12.74,35.84,48.580000000000005,0.0,3.820200000000007,0.8024,0.3779,15682.850000000002,5,2
风电5-光伏2,72,13:00-14:00,14,1,2.6898,41.5,44.1898,12.812,37.12,49.931999999999995,0.0,5.742199999999997,0.8024,0.3779,15682.850000000004,5,2
风电5-光伏2,72,14:00-15:00,15,1,3.63,41.5,45.13,8.256,32.0,40.256,4.874000000000002,0.0,0.8024,0.3779,17751.863,5,2
风电5-光伏2,72,15:00-16:00,16,1,3.8202000000000003,41.5,45.3202,8.556000000000001,25.6,34.156000000000006,11.164199999999994,0.0,0.6074,0.3779,18245.0339,5,2
风电5-光伏2,72,16:00-17:00,17,1,3.75,41.5,45.25,15.664,19.2,34.864,10.386000000000003,0.0,0.6074,0.3779,18066.437,5,2
风电5-光伏2,72,17:00-18:00,18,1,3.1398,41.5,44.6398,8.372,9.6,17.972,26.6678,0.0,0.6074,0.3779,21803.1101,5,2
风电5-光伏2,72,18:00-19:00,19,1,2.61,41.5,44.11,7.872,3.2,11.072,33.038,0.0,0.8024,0.3779,29707.480999999996,5,2
风电5-光伏2,72,19:00-20:00,20,1,2.1198,41.5,43.6198,11.175999999999998,0.0,11.175999999999998,32.443799999999996,0.0,0.8024,0.3779,29455.243099999996,5,2
风电5-光伏2,72,20:00-21:00,21,1,1.8599999999999999,41.5,43.36,9.884,0.0,9.884,33.476,0.0,0.8024,0.3779,29893.411999999997,5,2
风电5-光伏2,72,21:00-22:00,22,1,1.6301999999999999,41.5,43.1302,9.02,0.0,9.02,34.110200000000006,0.0,0.6074,0.3779,23511.140900000006,5,2
风电5-光伏2,72,22:00-23:00,23,1,1.56,41.5,43.06,6.204,0.0,6.204,36.856,0.0,0.6074,0.3779,24141.302000000003,5,2
风电5-光伏2,72,23:00-24:00,24,1,1.4802,41.5,42.980199999999996,16.928,0.0,16.928,26.052199999999996,0.0,0.3424,0.3779,14757.996899999998,5,2
风电5-光伏2,63,0:00-1:00,1,1,1.3698000000000001,41.5,42.8698,9.776,0.0,9.776,33.0938,0.0,0.3424,0.3779,14508.0201,5,2
风电5-光伏2,63,1:00-2:00,2,1,1.0997999999999999,41.5,42.5998,13.5,0.0,13.5,29.099800000000002,0.0,0.3424,0.3779,14649.807100000002,5,2
风电5-光伏2,63,2:00-3:00,3,1,0.7998000000000001,41.5,42.2998,15.392,0.0,15.392,26.907799999999998,0.0,0.3424,0.3779,14727.623099999997,5,2
风电5-光伏2,63,3:00-4:00,4,1,0.99,41.5,42.49,13.312,0.0,13.312,29.178000000000004,0.0,0.3424,0.3779,14647.031,5,2
风电5-光伏2,63,4:00-5:00,5,1,1.1802000000000001,41.5,42.6802,15.144,0.0,15.144,27.5362,0.0,0.3424,0.3779,14705.3149,5,2
风电5-光伏2,63,5:00-6:00,6,1,1.6301999999999999,41.5,43.1302,14.315999999999999,0.0,14.315999999999999,28.814200000000003,0.0,0.3424,0.3779,14659.945899999999,5,2
风电5-光伏2,63,6:00-7:00,7,1,2.5002,41.5,44.0002,17.852,0.0,17.852,26.1482,0.0,0.3424,0.3779,14754.588899999999,5,2
风电5-光伏2,63,7:00-8:00,8,1,3.3701999999999996,41.5,44.8702,9.628,3.2,12.828,32.042199999999994,0.0,0.6074,0.3779,23036.5349,5,2
风电5-光伏2,63,8:00-9:00,9,1,4.0098,41.5,45.5098,22.324,10.88,33.204,12.305799999999998,0.0,0.6074,0.3779,18507.0311,5,2
风电5-光伏2,63,9:00-10:00,10,1,4.199999999999999,41.5,45.7,20.928,17.92,38.848,6.852000000000004,0.0,0.6074,0.3779,17255.384000000002,5,2
风电5-光伏2,63,10:00-11:00,11,1,4.1202,41.5,45.6202,15.995999999999999,24.96,40.956,4.664199999999994,0.0,0.8024,0.3779,17662.8029,5,2
风电5-光伏2,63,11:00-12:00,12,1,3.9000000000000004,41.5,45.4,14.328000000000001,31.36,45.688,0.0,0.2880000000000038,0.8024,0.3779,15682.85,5,2
风电5-光伏2,63,12:00-13:00,13,1,3.2598000000000003,41.5,44.7598,12.74,35.84,48.580000000000005,0.0,3.820200000000007,0.8024,0.3779,15682.850000000002,5,2
风电5-光伏2,63,13:00-14:00,14,1,2.6898,41.5,44.1898,12.812,37.12,49.931999999999995,0.0,5.742199999999997,0.8024,0.3779,15682.850000000004,5,2
风电5-光伏2,63,14:00-15:00,15,1,3.63,41.5,45.13,8.256,32.0,40.256,4.874000000000002,0.0,0.8024,0.3779,17751.863,5,2
风电5-光伏2,63,15:00-16:00,16,1,3.8202000000000003,41.5,45.3202,8.556000000000001,25.6,34.156000000000006,11.164199999999994,0.0,0.6074,0.3779,18245.0339,5,2
风电5-光伏2,63,16:00-17:00,17,1,3.75,41.5,45.25,15.664,19.2,34.864,10.386000000000003,0.0,0.6074,0.3779,18066.437,5,2
风电5-光伏2,63,17:00-18:00,18,1,3.1398,41.5,44.6398,8.372,9.6,17.972,26.6678,0.0,0.6074,0.3779,21803.1101,5,2
风电5-光伏2,63,18:00-19:00,19,0,2.61,0.0,2.61,7.872,3.2,11.072,0.0,8.462,0.8024,0.3779,29707.480999999996,5,2
风电5-光伏2,63,19:00-20:00,20,0,2.1198,0.0,2.1198,11.175999999999998,0.0,11.175999999999998,0.0,9.056199999999999,0.8024,0.3779,29455.243099999996,5,2
风电5-光伏2,63,20:00-21:00,21,0,1.8599999999999999,0.0,1.8599999999999999,9.884,0.0,9.884,0.0,8.024000000000001,0.8024,0.3779,29893.411999999997,5,2
风电5-光伏2,63,21:00-22:00,22,1,1.6301999999999999,41.5,43.1302,9.02,0.0,9.02,34.110200000000006,0.0,0.6074,0.3779,23511.140900000006,5,2
风电5-光伏2,63,22:00-23:00,23,1,1.56,41.5,43.06,6.204,0.0,6.204,36.856,0.0,0.6074,0.3779,24141.302000000003,5,2
风电5-光伏2,63,23:00-24:00,24,1,1.4802,41.5,42.980199999999996,16.928,0.0,16.928,26.052199999999996,0.0,0.3424,0.3779,14757.996899999998,5,2
风电5-光伏2,54,0:00-1:00,1,1,1.3698000000000001,41.5,42.8698,9.776,0.0,9.776,33.0938,0.0,0.3424,0.3779,14508.0201,5,2
风电5-光伏2,54,1:00-2:00,2,1,1.0997999999999999,41.5,42.5998,13.5,0.0,13.5,29.099800000000002,0.0,0.3424,0.3779,14649.807100000002,5,2
风电5-光伏2,54,2:00-3:00,3,1,0.7998000000000001,41.5,42.2998,15.392,0.0,15.392,26.907799999999998,0.0,0.3424,0.3779,14727.623099999997,5,2
风电5-光伏2,54,3:00-4:00,4,1,0.99,41.5,42.49,13.312,0.0,13.312,29.178000000000004,0.0,0.3424,0.3779,14647.031,5,2
风电5-光伏2,54,4:00-5:00,5,1,1.1802000000000001,41.5,42.6802,15.144,0.0,15.144,27.5362,0.0,0.3424,0.3779,14705.3149,5,2
风电5-光伏2,54,5:00-6:00,6,1,1.6301999999999999,41.5,43.1302,14.315999999999999,0.0,14.315999999999999,28.814200000000003,0.0,0.3424,0.3779,14659.945899999999,5,2
风电5-光伏2,54,6:00-7:00,7,1,2.5002,41.5,44.0002,17.852,0.0,17.852,26.1482,0.0,0.3424,0.3779,14754.588899999999,5,2
风电5-光伏2,54,7:00-8:00,8,0,3.3701999999999996,0.0,3.3701999999999996,9.628,3.2,12.828,0.0,9.457799999999999,0.6074,0.3779,23036.5349,5,2
风电5-光伏2,54,8:00-9:00,9,1,4.0098,41.5,45.5098,22.324,10.88,33.204,12.305799999999998,0.0,0.6074,0.3779,18507.0311,5,2
风电5-光伏2,54,9:00-10:00,10,1,4.199999999999999,41.5,45.7,20.928,17.92,38.848,6.852000000000004,0.0,0.6074,0.3779,17255.384000000002,5,2
风电5-光伏2,54,10:00-11:00,11,1,4.1202,41.5,45.6202,15.995999999999999,24.96,40.956,4.664199999999994,0.0,0.8024,0.3779,17662.8029,5,2
风电5-光伏2,54,11:00-12:00,12,1,3.9000000000000004,41.5,45.4,14.328000000000001,31.36,45.688,0.0,0.2880000000000038,0.8024,0.3779,15682.85,5,2
风电5-光伏2,54,12:00-13:00,13,1,3.2598000000000003,41.5,44.7598,12.74,35.84,48.580000000000005,0.0,3.820200000000007,0.8024,0.3779,15682.850000000002,5,2
风电5-光伏2,54,13:00-14:00,14,1,2.6898,41.5,44.1898,12.812,37.12,49.931999999999995,0.0,5.742199999999997,0.8024,0.3779,15682.850000000004,5,2
风电5-光伏2,54,14:00-15:00,15,1,3.63,41.5,45.13,8.256,32.0,40.256,4.874000000000002,0.0,0.8024,0.3779,17751.863,5,2
风电5-光伏2,54,15:00-16:00,16,1,3.8202000000000003,41.5,45.3202,8.556000000000001,25.6,34.156000000000006,11.164199999999994,0.0,0.6074,0.3779,18245.0339,5,2
风电5-光伏2,54,16:00-17:00,17,1,3.75,41.5,45.25,15.664,19.2,34.864,10.386000000000003,0.0,0.6074,0.3779,18066.437,5,2
风电5-光伏2,54,17:00-18:00,18,1,3.1398,41.5,44.6398,8.372,9.6,17.972,26.6678,0.0,0.6074,0.3779,21803.1101,5,2
风电5-光伏2,54,18:00-19:00,19,0,2.61,0.0,2.61,7.872,3.2,11.072,0.0,8.462,0.8024,0.3779,29707.480999999996,5,2
风电5-光伏2,54,19:00-20:00,20,0,2.1198,0.0,2.1198,11.175999999999998,0.0,11.175999999999998,0.0,9.056199999999999,0.8024,0.3779,29455.243099999996,5,2
风电5-光伏2,54,20:00-21:00,21,0,1.8599999999999999,0.0,1.8599999999999999,9.884,0.0,9.884,0.0,8.024000000000001,0.8024,0.3779,29893.411999999997,5,2
风电5-光伏2,54,21:00-22:00,22,0,1.6301999999999999,0.0,1.6301999999999999,9.02,0.0,9.02,0.0,7.389799999999999,0.6074,0.3779,23511.140900000006,5,2
风电5-光伏2,54,22:00-23:00,23,0,1.56,0.0,1.56,6.204,0.0,6.204,0.0,4.644,0.6074,0.3779,24141.302000000003,5,2
风电5-光伏2,54,23:00-24:00,24,1,1.4802,41.5,42.980199999999996,16.928,0.0,16.928,26.052199999999996,0.0,0.3424,0.3779,14757.996899999998,5,2
风电5-光伏2,45,0:00-1:00,1,1,1.3698000000000001,41.5,42.8698,9.776,0.0,9.776,33.0938,0.0,0.3424,0.3779,14508.0201,5,2
风电5-光伏2,45,1:00-2:00,2,1,1.0997999999999999,41.5,42.5998,13.5,0.0,13.5,29.099800000000002,0.0,0.3424,0.3779,14649.807100000002,5,2
风电5-光伏2,45,2:00-3:00,3,1,0.7998000000000001,41.5,42.2998,15.392,0.0,15.392,26.907799999999998,0.0,0.3424,0.3779,14727.623099999997,5,2
风电5-光伏2,45,3:00-4:00,4,1,0.99,41.5,42.49,13.312,0.0,13.312,29.178000000000004,0.0,0.3424,0.3779,14647.031,5,2
风电5-光伏2,45,4:00-5:00,5,1,1.1802000000000001,41.5,42.6802,15.144,0.0,15.144,27.5362,0.0,0.3424,0.3779,14705.3149,5,2
风电5-光伏2,45,5:00-6:00,6,1,1.6301999999999999,41.5,43.1302,14.315999999999999,0.0,14.315999999999999,28.814200000000003,0.0,0.3424,0.3779,14659.945899999999,5,2
风电5-光伏2,45,6:00-7:00,7,1,2.5002,41.5,44.0002,17.852,0.0,17.852,26.1482,0.0,0.3424,0.3779,14754.588899999999,5,2
风电5-光伏2,45,7:00-8:00,8,0,3.3701999999999996,0.0,3.3701999999999996,9.628,3.2,12.828,0.0,9.457799999999999,0.6074,0.3779,23036.5349,5,2
风电5-光伏2,45,8:00-9:00,9,0,4.0098,0.0,4.0098,22.324,10.88,33.204,0.0,29.194200000000002,0.6074,0.3779,18507.0311,5,2
风电5-光伏2,45,9:00-10:00,10,1,4.199999999999999,41.5,45.7,20.928,17.92,38.848,6.852000000000004,0.0,0.6074,0.3779,17255.384000000002,5,2
风电5-光伏2,45,10:00-11:00,11,1,4.1202,41.5,45.6202,15.995999999999999,24.96,40.956,4.664199999999994,0.0,0.8024,0.3779,17662.8029,5,2
风电5-光伏2,45,11:00-12:00,12,1,3.9000000000000004,41.5,45.4,14.328000000000001,31.36,45.688,0.0,0.2880000000000038,0.8024,0.3779,15682.85,5,2
风电5-光伏2,45,12:00-13:00,13,1,3.2598000000000003,41.5,44.7598,12.74,35.84,48.580000000000005,0.0,3.820200000000007,0.8024,0.3779,15682.850000000002,5,2
风电5-光伏2,45,13:00-14:00,14,1,2.6898,41.5,44.1898,12.812,37.12,49.931999999999995,0.0,5.742199999999997,0.8024,0.3779,15682.850000000004,5,2
风电5-光伏2,45,14:00-15:00,15,1,3.63,41.5,45.13,8.256,32.0,40.256,4.874000000000002,0.0,0.8024,0.3779,17751.863,5,2
风电5-光伏2,45,15:00-16:00,16,0,3.8202000000000003,0.0,3.8202000000000003,8.556000000000001,25.6,34.156000000000006,0.0,30.335800000000006,0.6074,0.3779,18245.0339,5,2
风电5-光伏2,45,16:00-17:00,17,1,3.75,41.5,45.25,15.664,19.2,34.864,10.386000000000003,0.0,0.6074,0.3779,18066.437,5,2
风电5-光伏2,45,17:00-18:00,18,0,3.1398,0.0,3.1398,8.372,9.6,17.972,0.0,14.8322,0.6074,0.3779,21803.1101,5,2
风电5-光伏2,45,18:00-19:00,19,0,2.61,0.0,2.61,7.872,3.2,11.072,0.0,8.462,0.8024,0.3779,29707.480999999996,5,2
风电5-光伏2,45,19:00-20:00,20,0,2.1198,0.0,2.1198,11.175999999999998,0.0,11.175999999999998,0.0,9.056199999999999,0.8024,0.3779,29455.243099999996,5,2
风电5-光伏2,45,20:00-21:00,21,0,1.8599999999999999,0.0,1.8599999999999999,9.884,0.0,9.884,0.0,8.024000000000001,0.8024,0.3779,29893.411999999997,5,2
风电5-光伏2,45,21:00-22:00,22,0,1.6301999999999999,0.0,1.6301999999999999,9.02,0.0,9.02,0.0,7.389799999999999,0.6074,0.3779,23511.140900000006,5,2
风电5-光伏2,45,22:00-23:00,23,0,1.56,0.0,1.56,6.204,0.0,6.204,0.0,4.644,0.6074,0.3779,24141.302000000003,5,2
风电5-光伏2,45,23:00-24:00,24,1,1.4802,41.5,42.980199999999996,16.928,0.0,16.928,26.052199999999996,0.0,0.3424,0.3779,14757.996899999998,5,2
风电5-光伏2,36,0:00-1:00,1,1,1.3698000000000001,41.5,42.8698,9.776,0.0,9.776,33.0938,0.0,0.3424,0.3779,14508.0201,5,2
风电5-光伏2,36,1:00-2:00,2,1,1.0997999999999999,41.5,42.5998,13.5,0.0,13.5,29.099800000000002,0.0,0.3424,0.3779,14649.807100000002,5,2
风电5-光伏2,36,2:00-3:00,3,1,0.7998000000000001,41.5,42.2998,15.392,0.0,15.392,26.907799999999998,0.0,0.3424,0.3779,14727.623099999997,5,2
风电5-光伏2,36,3:00-4:00,4,1,0.99,41.5,42.49,13.312,0.0,13.312,29.178000000000004,0.0,0.3424,0.3779,14647.031,5,2
风电5-光伏2,36,4:00-5:00,5,1,1.1802000000000001,41.5,42.6802,15.144,0.0,15.144,27.5362,0.0,0.3424,0.3779,14705.3149,5,2
风电5-光伏2,36,5:00-6:00,6,1,1.6301999999999999,41.5,43.1302,14.315999999999999,0.0,14.315999999999999,28.814200000000003,0.0,0.3424,0.3779,14659.945899999999,5,2
风电5-光伏2,36,6:00-7:00,7,1,2.5002,41.5,44.0002,17.852,0.0,17.852,26.1482,0.0,0.3424,0.3779,14754.588899999999,5,2
风电5-光伏2,36,7:00-8:00,8,0,3.3701999999999996,0.0,3.3701999999999996,9.628,3.2,12.828,0.0,9.457799999999999,0.6074,0.3779,23036.5349,5,2
风电5-光伏2,36,8:00-9:00,9,0,4.0098,0.0,4.0098,22.324,10.88,33.204,0.0,29.194200000000002,0.6074,0.3779,18507.0311,5,2
风电5-光伏2,36,9:00-10:00,10,1,4.199999999999999,41.5,45.7,20.928,17.92,38.848,6.852000000000004,0.0,0.6074,0.3779,17255.384000000002,5,2
风电5-光伏2,36,10:00-11:00,11,0,4.1202,0.0,4.1202,15.995999999999999,24.96,40.956,0.0,36.835800000000006,0.8024,0.3779,17662.8029,5,2
风电5-光伏2,36,11:00-12:00,12,1,3.9000000000000004,41.5,45.4,14.328000000000001,31.36,45.688,0.0,0.2880000000000038,0.8024,0.3779,15682.85,5,2
风电5-光伏2,36,12:00-13:00,13,1,3.2598000000000003,41.5,44.7598,12.74,35.84,48.580000000000005,0.0,3.820200000000007,0.8024,0.3779,15682.850000000002,5,2
风电5-光伏2,36,13:00-14:00,14,1,2.6898,41.5,44.1898,12.812,37.12,49.931999999999995,0.0,5.742199999999997,0.8024,0.3779,15682.850000000004,5,2
风电5-光伏2,36,14:00-15:00,15,0,3.63,0.0,3.63,8.256,32.0,40.256,0.0,36.626,0.8024,0.3779,17751.863,5,2
风电5-光伏2,36,15:00-16:00,16,0,3.8202000000000003,0.0,3.8202000000000003,8.556000000000001,25.6,34.156000000000006,0.0,30.335800000000006,0.6074,0.3779,18245.0339,5,2
风电5-光伏2,36,16:00-17:00,17,0,3.75,0.0,3.75,15.664,19.2,34.864,0.0,31.113999999999997,0.6074,0.3779,18066.437,5,2
风电5-光伏2,36,17:00-18:00,18,0,3.1398,0.0,3.1398,8.372,9.6,17.972,0.0,14.8322,0.6074,0.3779,21803.1101,5,2
风电5-光伏2,36,18:00-19:00,19,0,2.61,0.0,2.61,7.872,3.2,11.072,0.0,8.462,0.8024,0.3779,29707.480999999996,5,2
风电5-光伏2,36,19:00-20:00,20,0,2.1198,0.0,2.1198,11.175999999999998,0.0,11.175999999999998,0.0,9.056199999999999,0.8024,0.3779,29455.243099999996,5,2
风电5-光伏2,36,20:00-21:00,21,0,1.8599999999999999,0.0,1.8599999999999999,9.884,0.0,9.884,0.0,8.024000000000001,0.8024,0.3779,29893.411999999997,5,2
风电5-光伏2,36,21:00-22:00,22,0,1.6301999999999999,0.0,1.6301999999999999,9.02,0.0,9.02,0.0,7.389799999999999,0.6074,0.3779,23511.140900000006,5,2
风电5-光伏2,36,22:00-23:00,23,0,1.56,0.0,1.56,6.204,0.0,6.204,0.0,4.644,0.6074,0.3779,24141.302000000003,5,2
风电5-光伏2,36,23:00-24:00,24,1,1.4802,41.5,42.980199999999996,16.928,0.0,16.928,26.052199999999996,0.0,0.3424,0.3779,14757.996899999998,5,2
风电5-光伏3,72,0:00-1:00,1,1,1.3698000000000001,41.5,42.8698,9.776,0.0,9.776,33.0938,0.0,0.3424,0.3779,14508.0201,5,3
风电5-光伏3,72,1:00-2:00,2,1,1.0997999999999999,41.5,42.5998,13.5,0.0,13.5,29.099800000000002,0.0,0.3424,0.3779,14649.807100000002,5,3
风电5-光伏3,72,2:00-3:00,3,1,0.7998000000000001,41.5,42.2998,15.392,0.0,15.392,26.907799999999998,0.0,0.3424,0.3779,14727.623099999997,5,3
风电5-光伏3,72,3:00-4:00,4,1,0.99,41.5,42.49,13.312,0.0,13.312,29.178000000000004,0.0,0.3424,0.3779,14647.031,5,3
风电5-光伏3,72,4:00-5:00,5,1,1.1802000000000001,41.5,42.6802,15.144,0.0,15.144,27.5362,0.0,0.3424,0.3779,14705.3149,5,3
风电5-光伏3,72,5:00-6:00,6,1,1.6301999999999999,41.5,43.1302,14.315999999999999,0.0,14.315999999999999,28.814200000000003,0.0,0.3424,0.3779,14659.945899999999,5,3
风电5-光伏3,72,6:00-7:00,7,1,2.5002,41.5,44.0002,17.852,0.0,17.852,26.1482,0.0,0.3424,0.3779,14754.588899999999,5,3
风电5-光伏3,72,7:00-8:00,8,1,3.3701999999999996,41.5,44.8702,9.628,1.28,10.908,33.962199999999996,0.0,0.6074,0.3779,23477.174899999998,5,3
风电5-光伏3,72,8:00-9:00,9,1,4.0098,41.5,45.5098,22.324,3.2,25.524,19.985799999999998,0.0,0.6074,0.3779,20269.5911,5,3
风电5-光伏3,72,9:00-10:00,10,1,4.199999999999999,41.5,45.7,20.928,5.12,26.048000000000002,19.652,0.0,0.6074,0.3779,20192.984000000004,5,3
风电5-光伏3,72,10:00-11:00,11,1,4.1202,41.5,45.6202,15.995999999999999,7.68,23.676,21.9442,0.0,0.8024,0.3779,24998.1629,5,3
风电5-光伏3,72,11:00-12:00,12,1,3.9000000000000004,41.5,45.4,14.328000000000001,11.52,25.848,19.552,0.0,0.8024,0.3779,23982.674,5,3
风电5-光伏3,72,12:00-13:00,13,1,3.2598000000000003,41.5,44.7598,12.74,14.08,26.82,17.939799999999998,0.0,0.8024,0.3779,23298.2951,5,3
风电5-光伏3,72,13:00-14:00,14,1,2.6898,41.5,44.1898,12.812,14.08,26.892,17.2978,0.0,0.8024,0.3779,23025.7661,5,3
风电5-光伏3,72,14:00-15:00,15,1,3.63,41.5,45.13,8.256,11.52,19.776,25.354000000000003,0.0,0.8024,0.3779,26445.623000000003,5,3
风电5-光伏3,72,15:00-16:00,16,1,3.8202000000000003,41.5,45.3202,8.556000000000001,7.04,15.596,29.7242,0.0,0.6074,0.3779,22504.5539,5,3
风电5-光伏3,72,16:00-17:00,17,1,3.75,41.5,45.25,15.664,5.12,20.784,24.466,0.0,0.6074,0.3779,21297.797000000002,5,3
风电5-光伏3,72,17:00-18:00,18,1,3.1398,41.5,44.6398,8.372,3.2,11.572,33.067800000000005,0.0,0.6074,0.3779,23271.910100000005,5,3
风电5-光伏3,72,18:00-19:00,19,1,2.61,41.5,44.11,7.872,1.28,9.152,34.958,0.0,0.8024,0.3779,30522.520999999997,5,3
风电5-光伏3,72,19:00-20:00,20,1,2.1198,41.5,43.6198,11.175999999999998,0.0,11.175999999999998,32.443799999999996,0.0,0.8024,0.3779,29455.243099999996,5,3
风电5-光伏3,72,20:00-21:00,21,1,1.8599999999999999,41.5,43.36,9.884,0.0,9.884,33.476,0.0,0.8024,0.3779,29893.411999999997,5,3
风电5-光伏3,72,21:00-22:00,22,1,1.6301999999999999,41.5,43.1302,9.02,0.0,9.02,34.110200000000006,0.0,0.6074,0.3779,23511.140900000006,5,3
风电5-光伏3,72,22:00-23:00,23,1,1.56,41.5,43.06,6.204,0.0,6.204,36.856,0.0,0.6074,0.3779,24141.302000000003,5,3
风电5-光伏3,72,23:00-24:00,24,1,1.4802,41.5,42.980199999999996,16.928,0.0,16.928,26.052199999999996,0.0,0.3424,0.3779,14757.996899999998,5,3
风电5-光伏3,63,0:00-1:00,1,1,1.3698000000000001,41.5,42.8698,9.776,0.0,9.776,33.0938,0.0,0.3424,0.3779,14508.0201,5,3
风电5-光伏3,63,1:00-2:00,2,1,1.0997999999999999,41.5,42.5998,13.5,0.0,13.5,29.099800000000002,0.0,0.3424,0.3779,14649.807100000002,5,3
风电5-光伏3,63,2:00-3:00,3,1,0.7998000000000001,41.5,42.2998,15.392,0.0,15.392,26.907799999999998,0.0,0.3424,0.3779,14727.623099999997,5,3
风电5-光伏3,63,3:00-4:00,4,1,0.99,41.5,42.49,13.312,0.0,13.312,29.178000000000004,0.0,0.3424,0.3779,14647.031,5,3
风电5-光伏3,63,4:00-5:00,5,1,1.1802000000000001,41.5,42.6802,15.144,0.0,15.144,27.5362,0.0,0.3424,0.3779,14705.3149,5,3
风电5-光伏3,63,5:00-6:00,6,1,1.6301999999999999,41.5,43.1302,14.315999999999999,0.0,14.315999999999999,28.814200000000003,0.0,0.3424,0.3779,14659.945899999999,5,3
风电5-光伏3,63,6:00-7:00,7,1,2.5002,41.5,44.0002,17.852,0.0,17.852,26.1482,0.0,0.3424,0.3779,14754.588899999999,5,3
风电5-光伏3,63,7:00-8:00,8,1,3.3701999999999996,41.5,44.8702,9.628,1.28,10.908,33.962199999999996,0.0,0.6074,0.3779,23477.174899999998,5,3
风电5-光伏3,63,8:00-9:00,9,1,4.0098,41.5,45.5098,22.324,3.2,25.524,19.985799999999998,0.0,0.6074,0.3779,20269.5911,5,3
风电5-光伏3,63,9:00-10:00,10,1,4.199999999999999,41.5,45.7,20.928,5.12,26.048000000000002,19.652,0.0,0.6074,0.3779,20192.984000000004,5,3
风电5-光伏3,63,10:00-11:00,11,1,4.1202,41.5,45.6202,15.995999999999999,7.68,23.676,21.9442,0.0,0.8024,0.3779,24998.1629,5,3
风电5-光伏3,63,11:00-12:00,12,1,3.9000000000000004,41.5,45.4,14.328000000000001,11.52,25.848,19.552,0.0,0.8024,0.3779,23982.674,5,3
风电5-光伏3,63,12:00-13:00,13,1,3.2598000000000003,41.5,44.7598,12.74,14.08,26.82,17.939799999999998,0.0,0.8024,0.3779,23298.2951,5,3
风电5-光伏3,63,13:00-14:00,14,1,2.6898,41.5,44.1898,12.812,14.08,26.892,17.2978,0.0,0.8024,0.3779,23025.7661,5,3
风电5-光伏3,63,14:00-15:00,15,1,3.63,41.5,45.13,8.256,11.52,19.776,25.354000000000003,0.0,0.8024,0.3779,26445.623000000003,5,3
风电5-光伏3,63,15:00-16:00,16,1,3.8202000000000003,41.5,45.3202,8.556000000000001,7.04,15.596,29.7242,0.0,0.6074,0.3779,22504.5539,5,3
风电5-光伏3,63,16:00-17:00,17,1,3.75,41.5,45.25,15.664,5.12,20.784,24.466,0.0,0.6074,0.3779,21297.797000000002,5,3
风电5-光伏3,63,17:00-18:00,18,1,3.1398,41.5,44.6398,8.372,3.2,11.572,33.067800000000005,0.0,0.6074,0.3779,23271.910100000005,5,3
风电5-光伏3,63,18:00-19:00,19,0,2.61,0.0,2.61,7.872,1.28,9.152,0.0,6.542,0.8024,0.3779,30522.520999999997,5,3
风电5-光伏3,63,19:00-20:00,20,0,2.1198,0.0,2.1198,11.175999999999998,0.0,11.175999999999998,0.0,9.056199999999999,0.8024,0.3779,29455.243099999996,5,3
风电5-光伏3,63,20:00-21:00,21,0,1.8599999999999999,0.0,1.8599999999999999,9.884,0.0,9.884,0.0,8.024000000000001,0.8024,0.3779,29893.411999999997,5,3
风电5-光伏3,63,21:00-22:00,22,1,1.6301999999999999,41.5,43.1302,9.02,0.0,9.02,34.110200000000006,0.0,0.6074,0.3779,23511.140900000006,5,3
风电5-光伏3,63,22:00-23:00,23,1,1.56,41.5,43.06,6.204,0.0,6.204,36.856,0.0,0.6074,0.3779,24141.302000000003,5,3
风电5-光伏3,63,23:00-24:00,24,1,1.4802,41.5,42.980199999999996,16.928,0.0,16.928,26.052199999999996,0.0,0.3424,0.3779,14757.996899999998,5,3
风电5-光伏3,54,0:00-1:00,1,1,1.3698000000000001,41.5,42.8698,9.776,0.0,9.776,33.0938,0.0,0.3424,0.3779,14508.0201,5,3
风电5-光伏3,54,1:00-2:00,2,1,1.0997999999999999,41.5,42.5998,13.5,0.0,13.5,29.099800000000002,0.0,0.3424,0.3779,14649.807100000002,5,3
风电5-光伏3,54,2:00-3:00,3,1,0.7998000000000001,41.5,42.2998,15.392,0.0,15.392,26.907799999999998,0.0,0.3424,0.3779,14727.623099999997,5,3
风电5-光伏3,54,3:00-4:00,4,1,0.99,41.5,42.49,13.312,0.0,13.312,29.178000000000004,0.0,0.3424,0.3779,14647.031,5,3
风电5-光伏3,54,4:00-5:00,5,1,1.1802000000000001,41.5,42.6802,15.144,0.0,15.144,27.5362,0.0,0.3424,0.3779,14705.3149,5,3
风电5-光伏3,54,5:00-6:00,6,1,1.6301999999999999,41.5,43.1302,14.315999999999999,0.0,14.315999999999999,28.814200000000003,0.0,0.3424,0.3779,14659.945899999999,5,3
风电5-光伏3,54,6:00-7:00,7,1,2.5002,41.5,44.0002,17.852,0.0,17.852,26.1482,0.0,0.3424,0.3779,14754.588899999999,5,3
风电5-光伏3,54,7:00-8:00,8,1,3.3701999999999996,41.5,44.8702,9.628,1.28,10.908,33.962199999999996,0.0,0.6074,0.3779,23477.174899999998,5,3
风电5-光伏3,54,8:00-9:00,9,1,4.0098,41.5,45.5098,22.324,3.2,25.524,19.985799999999998,0.0,0.6074,0.3779,20269.5911,5,3
风电5-光伏3,54,9:00-10:00,10,1,4.199999999999999,41.5,45.7,20.928,5.12,26.048000000000002,19.652,0.0,0.6074,0.3779,20192.984000000004,5,3
风电5-光伏3,54,10:00-11:00,11,0,4.1202,0.0,4.1202,15.995999999999999,7.68,23.676,0.0,19.555799999999998,0.8024,0.3779,24998.1629,5,3
风电5-光伏3,54,11:00-12:00,12,1,3.9000000000000004,41.5,45.4,14.328000000000001,11.52,25.848,19.552,0.0,0.8024,0.3779,23982.674,5,3
风电5-光伏3,54,12:00-13:00,13,1,3.2598000000000003,41.5,44.7598,12.74,14.08,26.82,17.939799999999998,0.0,0.8024,0.3779,23298.2951,5,3
风电5-光伏3,54,13:00-14:00,14,1,2.6898,41.5,44.1898,12.812,14.08,26.892,17.2978,0.0,0.8024,0.3779,23025.7661,5,3
风电5-光伏3,54,14:00-15:00,15,0,3.63,0.0,3.63,8.256,11.52,19.776,0.0,16.146,0.8024,0.3779,26445.623000000003,5,3
风电5-光伏3,54,15:00-16:00,16,1,3.8202000000000003,41.5,45.3202,8.556000000000001,7.04,15.596,29.7242,0.0,0.6074,0.3779,22504.5539,5,3
风电5-光伏3,54,16:00-17:00,17,1,3.75,41.5,45.25,15.664,5.12,20.784,24.466,0.0,0.6074,0.3779,21297.797000000002,5,3
风电5-光伏3,54,17:00-18:00,18,1,3.1398,41.5,44.6398,8.372,3.2,11.572,33.067800000000005,0.0,0.6074,0.3779,23271.910100000005,5,3
风电5-光伏3,54,18:00-19:00,19,0,2.61,0.0,2.61,7.872,1.28,9.152,0.0,6.542,0.8024,0.3779,30522.520999999997,5,3
风电5-光伏3,54,19:00-20:00,20,0,2.1198,0.0,2.1198,11.175999999999998,0.0,11.175999999999998,0.0,9.056199999999999,0.8024,0.3779,29455.243099999996,5,3
风电5-光伏3,54,20:00-21:00,21,0,1.8599999999999999,0.0,1.8599999999999999,9.884,0.0,9.884,0.0,8.024000000000001,0.8024,0.3779,29893.411999999997,5,3
风电5-光伏3,54,21:00-22:00,22,1,1.6301999999999999,41.5,43.1302,9.02,0.0,9.02,34.110200000000006,0.0,0.6074,0.3779,23511.140900000006,5,3
风电5-光伏3,54,22:00-23:00,23,0,1.56,0.0,1.56,6.204,0.0,6.204,0.0,4.644,0.6074,0.3779,24141.302000000003,5,3
风电5-光伏3,54,23:00-24:00,24,1,1.4802,41.5,42.980199999999996,16.928,0.0,16.928,26.052199999999996,0.0,0.3424,0.3779,14757.996899999998,5,3
风电5-光伏3,45,0:00-1:00,1,1,1.3698000000000001,41.5,42.8698,9.776,0.0,9.776,33.0938,0.0,0.3424,0.3779,14508.0201,5,3
风电5-光伏3,45,1:00-2:00,2,1,1.0997999999999999,41.5,42.5998,13.5,0.0,13.5,29.099800000000002,0.0,0.3424,0.3779,14649.807100000002,5,3
风电5-光伏3,45,2:00-3:00,3,1,0.7998000000000001,41.5,42.2998,15.392,0.0,15.392,26.907799999999998,0.0,0.3424,0.3779,14727.623099999997,5,3
风电5-光伏3,45,3:00-4:00,4,1,0.99,41.5,42.49,13.312,0.0,13.312,29.178000000000004,0.0,0.3424,0.3779,14647.031,5,3
风电5-光伏3,45,4:00-5:00,5,1,1.1802000000000001,41.5,42.6802,15.144,0.0,15.144,27.5362,0.0,0.3424,0.3779,14705.3149,5,3
风电5-光伏3,45,5:00-6:00,6,1,1.6301999999999999,41.5,43.1302,14.315999999999999,0.0,14.315999999999999,28.814200000000003,0.0,0.3424,0.3779,14659.945899999999,5,3
风电5-光伏3,45,6:00-7:00,7,1,2.5002,41.5,44.0002,17.852,0.0,17.852,26.1482,0.0,0.3424,0.3779,14754.588899999999,5,3
风电5-光伏3,45,7:00-8:00,8,0,3.3701999999999996,0.0,3.3701999999999996,9.628,1.28,10.908,0.0,7.5378,0.6074,0.3779,23477.174899999998,5,3
风电5-光伏3,45,8:00-9:00,9,1,4.0098,41.5,45.5098,22.324,3.2,25.524,19.985799999999998,0.0,0.6074,0.3779,20269.5911,5,3
风电5-光伏3,45,9:00-10:00,10,1,4.199999999999999,41.5,45.7,20.928,5.12,26.048000000000002,19.652,0.0,0.6074,0.3779,20192.984000000004,5,3
风电5-光伏3,45,10:00-11:00,11,0,4.1202,0.0,4.1202,15.995999999999999,7.68,23.676,0.0,19.555799999999998,0.8024,0.3779,24998.1629,5,3
风电5-光伏3,45,11:00-12:00,12,0,3.9000000000000004,0.0,3.9000000000000004,14.328000000000001,11.52,25.848,0.0,21.948,0.8024,0.3779,23982.674,5,3
风电5-光伏3,45,12:00-13:00,13,1,3.2598000000000003,41.5,44.7598,12.74,14.08,26.82,17.939799999999998,0.0,0.8024,0.3779,23298.2951,5,3
风电5-光伏3,45,13:00-14:00,14,1,2.6898,41.5,44.1898,12.812,14.08,26.892,17.2978,0.0,0.8024,0.3779,23025.7661,5,3
风电5-光伏3,45,14:00-15:00,15,0,3.63,0.0,3.63,8.256,11.52,19.776,0.0,16.146,0.8024,0.3779,26445.623000000003,5,3
风电5-光伏3,45,15:00-16:00,16,1,3.8202000000000003,41.5,45.3202,8.556000000000001,7.04,15.596,29.7242,0.0,0.6074,0.3779,22504.5539,5,3
风电5-光伏3,45,16:00-17:00,17,1,3.75,41.5,45.25,15.664,5.12,20.784,24.466,0.0,0.6074,0.3779,21297.797000000002,5,3
风电5-光伏3,45,17:00-18:00,18,1,3.1398,41.5,44.6398,8.372,3.2,11.572,33.067800000000005,0.0,0.6074,0.3779,23271.910100000005,5,3
风电5-光伏3,45,18:00-19:00,19,0,2.61,0.0,2.61,7.872,1.28,9.152,0.0,6.542,0.8024,0.3779,30522.520999999997,5,3
风电5-光伏3,45,19:00-20:00,20,0,2.1198,0.0,2.1198,11.175999999999998,0.0,11.175999999999998,0.0,9.056199999999999,0.8024,0.3779,29455.243099999996,5,3
风电5-光伏3,45,20:00-21:00,21,0,1.8599999999999999,0.0,1.8599999999999999,9.884,0.0,9.884,0.0,8.024000000000001,0.8024,0.3779,29893.411999999997,5,3
风电5-光伏3,45,21:00-22:00,22,0,1.6301999999999999,0.0,1.6301999999999999,9.02,0.0,9.02,0.0,7.389799999999999,0.6074,0.3779,23511.140900000006,5,3
风电5-光伏3,45,22:00-23:00,23,0,1.56,0.0,1.56,6.204,0.0,6.204,0.0,4.644,0.6074,0.3779,24141.302000000003,5,3
风电5-光伏3,45,23:00-24:00,24,1,1.4802,41.5,42.980199999999996,16.928,0.0,16.928,26.052199999999996,0.0,0.3424,0.3779,14757.996899999998,5,3
风电5-光伏3,36,0:00-1:00,1,1,1.3698000000000001,41.5,42.8698,9.776,0.0,9.776,33.0938,0.0,0.3424,0.3779,14508.0201,5,3
风电5-光伏3,36,1:00-2:00,2,1,1.0997999999999999,41.5,42.5998,13.5,0.0,13.5,29.099800000000002,0.0,0.3424,0.3779,14649.807100000002,5,3
风电5-光伏3,36,2:00-3:00,3,1,0.7998000000000001,41.5,42.2998,15.392,0.0,15.392,26.907799999999998,0.0,0.3424,0.3779,14727.623099999997,5,3
风电5-光伏3,36,3:00-4:00,4,1,0.99,41.5,42.49,13.312,0.0,13.312,29.178000000000004,0.0,0.3424,0.3779,14647.031,5,3
风电5-光伏3,36,4:00-5:00,5,1,1.1802000000000001,41.5,42.6802,15.144,0.0,15.144,27.5362,0.0,0.3424,0.3779,14705.3149,5,3
风电5-光伏3,36,5:00-6:00,6,1,1.6301999999999999,41.5,43.1302,14.315999999999999,0.0,14.315999999999999,28.814200000000003,0.0,0.3424,0.3779,14659.945899999999,5,3
风电5-光伏3,36,6:00-7:00,7,1,2.5002,41.5,44.0002,17.852,0.0,17.852,26.1482,0.0,0.3424,0.3779,14754.588899999999,5,3
风电5-光伏3,36,7:00-8:00,8,0,3.3701999999999996,0.0,3.3701999999999996,9.628,1.28,10.908,0.0,7.5378,0.6074,0.3779,23477.174899999998,5,3
风电5-光伏3,36,8:00-9:00,9,1,4.0098,41.5,45.5098,22.324,3.2,25.524,19.985799999999998,0.0,0.6074,0.3779,20269.5911,5,3
风电5-光伏3,36,9:00-10:00,10,1,4.199999999999999,41.5,45.7,20.928,5.12,26.048000000000002,19.652,0.0,0.6074,0.3779,20192.984000000004,5,3
风电5-光伏3,36,10:00-11:00,11,0,4.1202,0.0,4.1202,15.995999999999999,7.68,23.676,0.0,19.555799999999998,0.8024,0.3779,24998.1629,5,3
风电5-光伏3,36,11:00-12:00,12,0,3.9000000000000004,0.0,3.9000000000000004,14.328000000000001,11.52,25.848,0.0,21.948,0.8024,0.3779,23982.674,5,3
风电5-光伏3,36,12:00-13:00,13,0,3.2598000000000003,0.0,3.2598000000000003,12.74,14.08,26.82,0.0,23.560200000000002,0.8024,0.3779,23298.2951,5,3
风电5-光伏3,36,13:00-14:00,14,0,2.6898,0.0,2.6898,12.812,14.08,26.892,0.0,24.202199999999998,0.8024,0.3779,23025.7661,5,3
风电5-光伏3,36,14:00-15:00,15,0,3.63,0.0,3.63,8.256,11.52,19.776,0.0,16.146,0.8024,0.3779,26445.623000000003,5,3
风电5-光伏3,36,15:00-16:00,16,1,3.8202000000000003,41.5,45.3202,8.556000000000001,7.04,15.596,29.7242,0.0,0.6074,0.3779,22504.5539,5,3
风电5-光伏3,36,16:00-17:00,17,1,3.75,41.5,45.25,15.664,5.12,20.784,24.466,0.0,0.6074,0.3779,21297.797000000002,5,3
风电5-光伏3,36,17:00-18:00,18,0,3.1398,0.0,3.1398,8.372,3.2,11.572,0.0,8.432199999999998,0.6074,0.3779,23271.910100000005,5,3
风电5-光伏3,36,18:00-19:00,19,0,2.61,0.0,2.61,7.872,1.28,9.152,0.0,6.542,0.8024,0.3779,30522.520999999997,5,3
风电5-光伏3,36,19:00-20:00,20,0,2.1198,0.0,2.1198,11.175999999999998,0.0,11.175999999999998,0.0,9.056199999999999,0.8024,0.3779,29455.243099999996,5,3
风电5-光伏3,36,20:00-21:00,21,0,1.8599999999999999,0.0,1.8599999999999999,9.884,0.0,9.884,0.0,8.024000000000001,0.8024,0.3779,29893.411999999997,5,3
风电5-光伏3,36,21:00-22:00,22,0,1.6301999999999999,0.0,1.6301999999999999,9.02,0.0,9.02,0.0,7.389799999999999,0.6074,0.3779,23511.140900000006,5,3
风电5-光伏3,36,22:00-23:00,23,0,1.56,0.0,1.56,6.204,0.0,6.204,0.0,4.644,0.6074,0.3779,24141.302000000003,5,3
风电5-光伏3,36,23:00-24:00,24,1,1.4802,41.5,42.980199999999996,16.928,0.0,16.928,26.052199999999996,0.0,0.3424,0.3779,14757.996899999998,5,3
风电5-光伏4,72,0:00-1:00,1,1,1.3698000000000001,41.5,42.8698,9.776,0.0,9.776,33.0938,0.0,0.3424,0.3779,14508.0201,5,4
风电5-光伏4,72,1:00-2:00,2,1,1.0997999999999999,41.5,42.5998,13.5,0.0,13.5,29.099800000000002,0.0,0.3424,0.3779,14649.807100000002,5,4
风电5-光伏4,72,2:00-3:00,3,1,0.7998000000000001,41.5,42.2998,15.392,0.0,15.392,26.907799999999998,0.0,0.3424,0.3779,14727.623099999997,5,4
风电5-光伏4,72,3:00-4:00,4,1,0.99,41.5,42.49,13.312,0.0,13.312,29.178000000000004,0.0,0.3424,0.3779,14647.031,5,4
风电5-光伏4,72,4:00-5:00,5,1,1.1802000000000001,41.5,42.6802,15.144,0.0,15.144,27.5362,0.0,0.3424,0.3779,14705.3149,5,4
风电5-光伏4,72,5:00-6:00,6,1,1.6301999999999999,41.5,43.1302,14.315999999999999,0.0,14.315999999999999,28.814200000000003,0.0,0.3424,0.3779,14659.945899999999,5,4
风电5-光伏4,72,6:00-7:00,7,1,2.5002,41.5,44.0002,17.852,0.0,17.852,26.1482,0.0,0.3424,0.3779,14754.588899999999,5,4
风电5-光伏4,72,7:00-8:00,8,1,3.3701999999999996,41.5,44.8702,9.628,0.0,9.628,35.2422,0.0,0.6074,0.3779,23770.934899999997,5,4
风电5-光伏4,72,8:00-9:00,9,1,4.0098,41.5,45.5098,22.324,0.0,22.324,23.185799999999997,0.0,0.6074,0.3779,21003.9911,5,4
风电5-光伏4,72,9:00-10:00,10,1,4.199999999999999,41.5,45.7,20.928,0.0,20.928,24.772000000000002,0.0,0.6074,0.3779,21368.024000000005,5,4
风电5-光伏4,72,10:00-11:00,11,1,4.1202,41.5,45.6202,15.995999999999999,0.0,15.995999999999999,29.6242,0.0,0.8024,0.3779,28258.322899999996,5,4
风电5-光伏4,72,11:00-12:00,12,1,3.9000000000000004,41.5,45.4,14.328000000000001,1.28,15.608,29.791999999999998,0.0,0.8024,0.3779,28329.554,5,4
风电5-光伏4,72,12:00-13:00,13,1,3.2598000000000003,41.5,44.7598,12.74,5.12,17.86,26.8998,0.0,0.8024,0.3779,27101.8151,5,4
风电5-光伏4,72,13:00-14:00,14,1,2.6898,41.5,44.1898,12.812,7.68,20.491999999999997,23.6978,0.0,0.8024,0.3779,25742.5661,5,4
风电5-光伏4,72,14:00-15:00,15,1,3.63,41.5,45.13,8.256,5.12,13.376000000000001,31.754,0.0,0.8024,0.3779,29162.423,5,4
风电5-光伏4,72,15:00-16:00,16,1,3.8202000000000003,41.5,45.3202,8.556000000000001,1.28,9.836,35.4842,0.0,0.6074,0.3779,23826.473900000005,5,4
风电5-光伏4,72,16:00-17:00,17,1,3.75,41.5,45.25,15.664,0.0,15.664,29.586,0.0,0.6074,0.3779,22472.837,5,4
风电5-光伏4,72,17:00-18:00,18,1,3.1398,41.5,44.6398,8.372,0.0,8.372,36.2678,0.0,0.6074,0.3779,24006.310100000002,5,4
风电5-光伏4,72,18:00-19:00,19,1,2.61,41.5,44.11,7.872,0.0,7.872,36.238,0.0,0.8024,0.3779,31065.880999999998,5,4
风电5-光伏4,72,19:00-20:00,20,1,2.1198,41.5,43.6198,11.175999999999998,0.0,11.175999999999998,32.443799999999996,0.0,0.8024,0.3779,29455.243099999996,5,4
风电5-光伏4,72,20:00-21:00,21,1,1.8599999999999999,41.5,43.36,9.884,0.0,9.884,33.476,0.0,0.8024,0.3779,29893.411999999997,5,4
风电5-光伏4,72,21:00-22:00,22,1,1.6301999999999999,41.5,43.1302,9.02,0.0,9.02,34.110200000000006,0.0,0.6074,0.3779,23511.140900000006,5,4
风电5-光伏4,72,22:00-23:00,23,1,1.56,41.5,43.06,6.204,0.0,6.204,36.856,0.0,0.6074,0.3779,24141.302000000003,5,4
风电5-光伏4,72,23:00-24:00,24,1,1.4802,41.5,42.980199999999996,16.928,0.0,16.928,26.052199999999996,0.0,0.3424,0.3779,14757.996899999998,5,4
风电5-光伏4,63,0:00-1:00,1,1,1.3698000000000001,41.5,42.8698,9.776,0.0,9.776,33.0938,0.0,0.3424,0.3779,14508.0201,5,4
风电5-光伏4,63,1:00-2:00,2,1,1.0997999999999999,41.5,42.5998,13.5,0.0,13.5,29.099800000000002,0.0,0.3424,0.3779,14649.807100000002,5,4
风电5-光伏4,63,2:00-3:00,3,1,0.7998000000000001,41.5,42.2998,15.392,0.0,15.392,26.907799999999998,0.0,0.3424,0.3779,14727.623099999997,5,4
风电5-光伏4,63,3:00-4:00,4,1,0.99,41.5,42.49,13.312,0.0,13.312,29.178000000000004,0.0,0.3424,0.3779,14647.031,5,4
风电5-光伏4,63,4:00-5:00,5,1,1.1802000000000001,41.5,42.6802,15.144,0.0,15.144,27.5362,0.0,0.3424,0.3779,14705.3149,5,4
风电5-光伏4,63,5:00-6:00,6,1,1.6301999999999999,41.5,43.1302,14.315999999999999,0.0,14.315999999999999,28.814200000000003,0.0,0.3424,0.3779,14659.945899999999,5,4
风电5-光伏4,63,6:00-7:00,7,1,2.5002,41.5,44.0002,17.852,0.0,17.852,26.1482,0.0,0.3424,0.3779,14754.588899999999,5,4
风电5-光伏4,63,7:00-8:00,8,1,3.3701999999999996,41.5,44.8702,9.628,0.0,9.628,35.2422,0.0,0.6074,0.3779,23770.934899999997,5,4
风电5-光伏4,63,8:00-9:00,9,1,4.0098,41.5,45.5098,22.324,0.0,22.324,23.185799999999997,0.0,0.6074,0.3779,21003.9911,5,4
风电5-光伏4,63,9:00-10:00,10,1,4.199999999999999,41.5,45.7,20.928,0.0,20.928,24.772000000000002,0.0,0.6074,0.3779,21368.024000000005,5,4
风电5-光伏4,63,10:00-11:00,11,1,4.1202,41.5,45.6202,15.995999999999999,0.0,15.995999999999999,29.6242,0.0,0.8024,0.3779,28258.322899999996,5,4
风电5-光伏4,63,11:00-12:00,12,1,3.9000000000000004,41.5,45.4,14.328000000000001,1.28,15.608,29.791999999999998,0.0,0.8024,0.3779,28329.554,5,4
风电5-光伏4,63,12:00-13:00,13,1,3.2598000000000003,41.5,44.7598,12.74,5.12,17.86,26.8998,0.0,0.8024,0.3779,27101.8151,5,4
风电5-光伏4,63,13:00-14:00,14,1,2.6898,41.5,44.1898,12.812,7.68,20.491999999999997,23.6978,0.0,0.8024,0.3779,25742.5661,5,4
风电5-光伏4,63,14:00-15:00,15,1,3.63,41.5,45.13,8.256,5.12,13.376000000000001,31.754,0.0,0.8024,0.3779,29162.423,5,4
风电5-光伏4,63,15:00-16:00,16,1,3.8202000000000003,41.5,45.3202,8.556000000000001,1.28,9.836,35.4842,0.0,0.6074,0.3779,23826.473900000005,5,4
风电5-光伏4,63,16:00-17:00,17,1,3.75,41.5,45.25,15.664,0.0,15.664,29.586,0.0,0.6074,0.3779,22472.837,5,4
风电5-光伏4,63,17:00-18:00,18,1,3.1398,41.5,44.6398,8.372,0.0,8.372,36.2678,0.0,0.6074,0.3779,24006.310100000002,5,4
风电5-光伏4,63,18:00-19:00,19,0,2.61,0.0,2.61,7.872,0.0,7.872,0.0,5.2620000000000005,0.8024,0.3779,31065.880999999998,5,4
风电5-光伏4,63,19:00-20:00,20,0,2.1198,0.0,2.1198,11.175999999999998,0.0,11.175999999999998,0.0,9.056199999999999,0.8024,0.3779,29455.243099999996,5,4
风电5-光伏4,63,20:00-21:00,21,0,1.8599999999999999,0.0,1.8599999999999999,9.884,0.0,9.884,0.0,8.024000000000001,0.8024,0.3779,29893.411999999997,5,4
风电5-光伏4,63,21:00-22:00,22,1,1.6301999999999999,41.5,43.1302,9.02,0.0,9.02,34.110200000000006,0.0,0.6074,0.3779,23511.140900000006,5,4
风电5-光伏4,63,22:00-23:00,23,1,1.56,41.5,43.06,6.204,0.0,6.204,36.856,0.0,0.6074,0.3779,24141.302000000003,5,4
风电5-光伏4,63,23:00-24:00,24,1,1.4802,41.5,42.980199999999996,16.928,0.0,16.928,26.052199999999996,0.0,0.3424,0.3779,14757.996899999998,5,4
风电5-光伏4,54,0:00-1:00,1,1,1.3698000000000001,41.5,42.8698,9.776,0.0,9.776,33.0938,0.0,0.3424,0.3779,14508.0201,5,4
风电5-光伏4,54,1:00-2:00,2,1,1.0997999999999999,41.5,42.5998,13.5,0.0,13.5,29.099800000000002,0.0,0.3424,0.3779,14649.807100000002,5,4
风电5-光伏4,54,2:00-3:00,3,1,0.7998000000000001,41.5,42.2998,15.392,0.0,15.392,26.907799999999998,0.0,0.3424,0.3779,14727.623099999997,5,4
风电5-光伏4,54,3:00-4:00,4,1,0.99,41.5,42.49,13.312,0.0,13.312,29.178000000000004,0.0,0.3424,0.3779,14647.031,5,4
风电5-光伏4,54,4:00-5:00,5,1,1.1802000000000001,41.5,42.6802,15.144,0.0,15.144,27.5362,0.0,0.3424,0.3779,14705.3149,5,4
风电5-光伏4,54,5:00-6:00,6,1,1.6301999999999999,41.5,43.1302,14.315999999999999,0.0,14.315999999999999,28.814200000000003,0.0,0.3424,0.3779,14659.945899999999,5,4
风电5-光伏4,54,6:00-7:00,7,1,2.5002,41.5,44.0002,17.852,0.0,17.852,26.1482,0.0,0.3424,0.3779,14754.588899999999,5,4
风电5-光伏4,54,7:00-8:00,8,1,3.3701999999999996,41.5,44.8702,9.628,0.0,9.628,35.2422,0.0,0.6074,0.3779,23770.934899999997,5,4
风电5-光伏4,54,8:00-9:00,9,1,4.0098,41.5,45.5098,22.324,0.0,22.324,23.185799999999997,0.0,0.6074,0.3779,21003.9911,5,4
风电5-光伏4,54,9:00-10:00,10,1,4.199999999999999,41.5,45.7,20.928,0.0,20.928,24.772000000000002,0.0,0.6074,0.3779,21368.024000000005,5,4
风电5-光伏4,54,10:00-11:00,11,0,4.1202,0.0,4.1202,15.995999999999999,0.0,15.995999999999999,0.0,11.875799999999998,0.8024,0.3779,28258.322899999996,5,4
风电5-光伏4,54,11:00-12:00,12,0,3.9000000000000004,0.0,3.9000000000000004,14.328000000000001,1.28,15.608,0.0,11.708,0.8024,0.3779,28329.554,5,4
风电5-光伏4,54,12:00-13:00,13,1,3.2598000000000003,41.5,44.7598,12.74,5.12,17.86,26.8998,0.0,0.8024,0.3779,27101.8151,5,4
风电5-光伏4,54,13:00-14:00,14,1,2.6898,41.5,44.1898,12.812,7.68,20.491999999999997,23.6978,0.0,0.8024,0.3779,25742.5661,5,4
风电5-光伏4,54,14:00-15:00,15,0,3.63,0.0,3.63,8.256,5.12,13.376000000000001,0.0,9.746000000000002,0.8024,0.3779,29162.423,5,4
风电5-光伏4,54,15:00-16:00,16,1,3.8202000000000003,41.5,45.3202,8.556000000000001,1.28,9.836,35.4842,0.0,0.6074,0.3779,23826.473900000005,5,4
风电5-光伏4,54,16:00-17:00,17,1,3.75,41.5,45.25,15.664,0.0,15.664,29.586,0.0,0.6074,0.3779,22472.837,5,4
风电5-光伏4,54,17:00-18:00,18,1,3.1398,41.5,44.6398,8.372,0.0,8.372,36.2678,0.0,0.6074,0.3779,24006.310100000002,5,4
风电5-光伏4,54,18:00-19:00,19,0,2.61,0.0,2.61,7.872,0.0,7.872,0.0,5.2620000000000005,0.8024,0.3779,31065.880999999998,5,4
风电5-光伏4,54,19:00-20:00,20,0,2.1198,0.0,2.1198,11.175999999999998,0.0,11.175999999999998,0.0,9.056199999999999,0.8024,0.3779,29455.243099999996,5,4
风电5-光伏4,54,20:00-21:00,21,0,1.8599999999999999,0.0,1.8599999999999999,9.884,0.0,9.884,0.0,8.024000000000001,0.8024,0.3779,29893.411999999997,5,4
风电5-光伏4,54,21:00-22:00,22,1,1.6301999999999999,41.5,43.1302,9.02,0.0,9.02,34.110200000000006,0.0,0.6074,0.3779,23511.140900000006,5,4
风电5-光伏4,54,22:00-23:00,23,1,1.56,41.5,43.06,6.204,0.0,6.204,36.856,0.0,0.6074,0.3779,24141.302000000003,5,4
风电5-光伏4,54,23:00-24:00,24,1,1.4802,41.5,42.980199999999996,16.928,0.0,16.928,26.052199999999996,0.0,0.3424,0.3779,14757.996899999998,5,4
风电5-光伏4,45,0:00-1:00,1,1,1.3698000000000001,41.5,42.8698,9.776,0.0,9.776,33.0938,0.0,0.3424,0.3779,14508.0201,5,4
风电5-光伏4,45,1:00-2:00,2,1,1.0997999999999999,41.5,42.5998,13.5,0.0,13.5,29.099800000000002,0.0,0.3424,0.3779,14649.807100000002,5,4
风电5-光伏4,45,2:00-3:00,3,1,0.7998000000000001,41.5,42.2998,15.392,0.0,15.392,26.907799999999998,0.0,0.3424,0.3779,14727.623099999997,5,4
风电5-光伏4,45,3:00-4:00,4,1,0.99,41.5,42.49,13.312,0.0,13.312,29.178000000000004,0.0,0.3424,0.3779,14647.031,5,4
风电5-光伏4,45,4:00-5:00,5,1,1.1802000000000001,41.5,42.6802,15.144,0.0,15.144,27.5362,0.0,0.3424,0.3779,14705.3149,5,4
风电5-光伏4,45,5:00-6:00,6,1,1.6301999999999999,41.5,43.1302,14.315999999999999,0.0,14.315999999999999,28.814200000000003,0.0,0.3424,0.3779,14659.945899999999,5,4
风电5-光伏4,45,6:00-7:00,7,1,2.5002,41.5,44.0002,17.852,0.0,17.852,26.1482,0.0,0.3424,0.3779,14754.588899999999,5,4
风电5-光伏4,45,7:00-8:00,8,1,3.3701999999999996,41.5,44.8702,9.628,0.0,9.628,35.2422,0.0,0.6074,0.3779,23770.934899999997,5,4
风电5-光伏4,45,8:00-9:00,9,1,4.0098,41.5,45.5098,22.324,0.0,22.324,23.185799999999997,0.0,0.6074,0.3779,21003.9911,5,4
风电5-光伏4,45,9:00-10:00,10,1,4.199999999999999,41.5,45.7,20.928,0.0,20.928,24.772000000000002,0.0,0.6074,0.3779,21368.024000000005,5,4
风电5-光伏4,45,10:00-11:00,11,0,4.1202,0.0,4.1202,15.995999999999999,0.0,15.995999999999999,0.0,11.875799999999998,0.8024,0.3779,28258.322899999996,5,4
风电5-光伏4,45,11:00-12:00,12,0,3.9000000000000004,0.0,3.9000000000000004,14.328000000000001,1.28,15.608,0.0,11.708,0.8024,0.3779,28329.554,5,4
风电5-光伏4,45,12:00-13:00,13,0,3.2598000000000003,0.0,3.2598000000000003,12.74,5.12,17.86,0.0,14.6002,0.8024,0.3779,27101.8151,5,4
风电5-光伏4,45,13:00-14:00,14,0,2.6898,0.0,2.6898,12.812,7.68,20.491999999999997,0.0,17.8022,0.8024,0.3779,25742.5661,5,4
风电5-光伏4,45,14:00-15:00,15,0,3.63,0.0,3.63,8.256,5.12,13.376000000000001,0.0,9.746000000000002,0.8024,0.3779,29162.423,5,4
风电5-光伏4,45,15:00-16:00,16,1,3.8202000000000003,41.5,45.3202,8.556000000000001,1.28,9.836,35.4842,0.0,0.6074,0.3779,23826.473900000005,5,4
风电5-光伏4,45,16:00-17:00,17,1,3.75,41.5,45.25,15.664,0.0,15.664,29.586,0.0,0.6074,0.3779,22472.837,5,4
风电5-光伏4,45,17:00-18:00,18,1,3.1398,41.5,44.6398,8.372,0.0,8.372,36.2678,0.0,0.6074,0.3779,24006.310100000002,5,4
风电5-光伏4,45,18:00-19:00,19,0,2.61,0.0,2.61,7.872,0.0,7.872,0.0,5.2620000000000005,0.8024,0.3779,31065.880999999998,5,4
风电5-光伏4,45,19:00-20:00,20,0,2.1198,0.0,2.1198,11.175999999999998,0.0,11.175999999999998,0.0,9.056199999999999,0.8024,0.3779,29455.243099999996,5,4
风电5-光伏4,45,20:00-21:00,21,0,1.8599999999999999,0.0,1.8599999999999999,9.884,0.0,9.884,0.0,8.024000000000001,0.8024,0.3779,29893.411999999997,5,4
风电5-光伏4,45,21:00-22:00,22,1,1.6301999999999999,41.5,43.1302,9.02,0.0,9.02,34.110200000000006,0.0,0.6074,0.3779,23511.140900000006,5,4
风电5-光伏4,45,22:00-23:00,23,0,1.56,0.0,1.56,6.204,0.0,6.204,0.0,4.644,0.6074,0.3779,24141.302000000003,5,4
风电5-光伏4,45,23:00-24:00,24,1,1.4802,41.5,42.980199999999996,16.928,0.0,16.928,26.052199999999996,0.0,0.3424,0.3779,14757.996899999998,5,4
风电5-光伏4,36,0:00-1:00,1,1,1.3698000000000001,41.5,42.8698,9.776,0.0,9.776,33.0938,0.0,0.3424,0.3779,14508.0201,5,4
风电5-光伏4,36,1:00-2:00,2,1,1.0997999999999999,41.5,42.5998,13.5,0.0,13.5,29.099800000000002,0.0,0.3424,0.3779,14649.807100000002,5,4
风电5-光伏4,36,2:00-3:00,3,1,0.7998000000000001,41.5,42.2998,15.392,0.0,15.392,26.907799999999998,0.0,0.3424,0.3779,14727.623099999997,5,4
风电5-光伏4,36,3:00-4:00,4,1,0.99,41.5,42.49,13.312,0.0,13.312,29.178000000000004,0.0,0.3424,0.3779,14647.031,5,4
风电5-光伏4,36,4:00-5:00,5,1,1.1802000000000001,41.5,42.6802,15.144,0.0,15.144,27.5362,0.0,0.3424,0.3779,14705.3149,5,4
风电5-光伏4,36,5:00-6:00,6,1,1.6301999999999999,41.5,43.1302,14.315999999999999,0.0,14.315999999999999,28.814200000000003,0.0,0.3424,0.3779,14659.945899999999,5,4
风电5-光伏4,36,6:00-7:00,7,1,2.5002,41.5,44.0002,17.852,0.0,17.852,26.1482,0.0,0.3424,0.3779,14754.588899999999,5,4
风电5-光伏4,36,7:00-8:00,8,0,3.3701999999999996,0.0,3.3701999999999996,9.628,0.0,9.628,0.0,6.2578000000000005,0.6074,0.3779,23770.934899999997,5,4
风电5-光伏4,36,8:00-9:00,9,1,4.0098,41.5,45.5098,22.324,0.0,22.324,23.185799999999997,0.0,0.6074,0.3779,21003.9911,5,4
风电5-光伏4,36,9:00-10:00,10,1,4.199999999999999,41.5,45.7,20.928,0.0,20.928,24.772000000000002,0.0,0.6074,0.3779,21368.024000000005,5,4
风电5-光伏4,36,10:00-11:00,11,0,4.1202,0.0,4.1202,15.995999999999999,0.0,15.995999999999999,0.0,11.875799999999998,0.8024,0.3779,28258.322899999996,5,4
风电5-光伏4,36,11:00-12:00,12,0,3.9000000000000004,0.0,3.9000000000000004,14.328000000000001,1.28,15.608,0.0,11.708,0.8024,0.3779,28329.554,5,4
风电5-光伏4,36,12:00-13:00,13,0,3.2598000000000003,0.0,3.2598000000000003,12.74,5.12,17.86,0.0,14.6002,0.8024,0.3779,27101.8151,5,4
风电5-光伏4,36,13:00-14:00,14,0,2.6898,0.0,2.6898,12.812,7.68,20.491999999999997,0.0,17.8022,0.8024,0.3779,25742.5661,5,4
风电5-光伏4,36,14:00-15:00,15,0,3.63,0.0,3.63,8.256,5.12,13.376000000000001,0.0,9.746000000000002,0.8024,0.3779,29162.423,5,4
风电5-光伏4,36,15:00-16:00,16,0,3.8202000000000003,0.0,3.8202000000000003,8.556000000000001,1.28,9.836,0.0,6.0158000000000005,0.6074,0.3779,23826.473900000005,5,4
风电5-光伏4,36,16:00-17:00,17,1,3.75,41.5,45.25,15.664,0.0,15.664,29.586,0.0,0.6074,0.3779,22472.837,5,4
风电5-光伏4,36,17:00-18:00,18,0,3.1398,0.0,3.1398,8.372,0.0,8.372,0.0,5.2322,0.6074,0.3779,24006.310100000002,5,4
风电5-光伏4,36,18:00-19:00,19,0,2.61,0.0,2.61,7.872,0.0,7.872,0.0,5.2620000000000005,0.8024,0.3779,31065.880999999998,5,4
风电5-光伏4,36,19:00-20:00,20,0,2.1198,0.0,2.1198,11.175999999999998,0.0,11.175999999999998,0.0,9.056199999999999,0.8024,0.3779,29455.243099999996,5,4
风电5-光伏4,36,20:00-21:00,21,0,1.8599999999999999,0.0,1.8599999999999999,9.884,0.0,9.884,0.0,8.024000000000001,0.8024,0.3779,29893.411999999997,5,4
风电5-光伏4,36,21:00-22:00,22,1,1.6301999999999999,41.5,43.1302,9.02,0.0,9.02,34.110200000000006,0.0,0.6074,0.3779,23511.140900000006,5,4
风电5-光伏4,36,22:00-23:00,23,0,1.56,0.0,1.56,6.204,0.0,6.204,0.0,4.644,0.6074,0.3779,24141.302000000003,5,4
风电5-光伏4,36,23:00-24:00,24,1,1.4802,41.5,42.980199999999996,16.928,0.0,16.928,26.052199999999996,0.0,0.3424,0.3779,14757.996899999998,5,4
风电6-光伏1,72,0:00-1:00,1,1,1.3698000000000001,41.5,42.8698,9.448,0.0,9.448,33.4218,0.0,0.3424,0.3779,14496.376099999998,6,1
风电6-光伏1,72,1:00-2:00,2,1,1.0997999999999999,41.5,42.5998,10.504,0.0,10.504,32.095800000000004,0.0,0.3424,0.3779,14543.449100000002,6,1
风电6-光伏1,72,2:00-3:00,3,1,0.7998000000000001,41.5,42.2998,11.788,0.0,11.788,30.511799999999997,0.0,0.3424,0.3779,14599.681099999998,6,1
风电6-光伏1,72,3:00-4:00,4,1,0.99,41.5,42.49,11.504000000000001,0.0,11.504000000000001,30.986,0.0,0.3424,0.3779,14582.847000000002,6,1
风电6-光伏1,72,4:00-5:00,5,1,1.1802000000000001,41.5,42.6802,11.16,0.0,11.16,31.5202,0.0,0.3424,0.3779,14563.8829,6,1
风电6-光伏1,72,5:00-6:00,6,1,1.6301999999999999,41.5,43.1302,10.964,0.0,10.964,32.1662,0.0,0.3424,0.3779,14540.949900000001,6,1
风电6-光伏1,72,6:00-7:00,7,1,2.5002,41.5,44.0002,10.744,14.08,24.823999999999998,19.1762,0.0,0.3424,0.3779,15002.0949,6,1
风电6-光伏1,72,7:00-8:00,8,1,3.3701999999999996,41.5,44.8702,10.34,25.6,35.94,8.9302,0.0,0.6074,0.3779,17732.3309,6,1
风电6-光伏1,72,8:00-9:00,9,1,4.0098,41.5,45.5098,9.671999999999999,37.12,46.791999999999994,0.0,1.282199999999996,0.6074,0.3779,15682.85,6,1
风电6-光伏1,72,9:00-10:00,10,1,4.199999999999999,41.5,45.7,6.9479999999999995,46.08,53.028,0.0,7.327999999999996,0.6074,0.3779,15682.850000000002,6,1
风电6-光伏1,72,10:00-11:00,11,1,4.1202,41.5,45.6202,6.04,52.48,58.519999999999996,0.0,12.899799999999999,0.8024,0.3779,15682.850000000002,6,1
风电6-光伏1,72,11:00-12:00,12,1,3.9000000000000004,41.5,45.4,6.06,55.04,61.1,0.0,15.700000000000003,0.8024,0.3779,15682.849999999999,6,1
风电6-光伏1,72,12:00-13:00,13,1,3.2598000000000003,41.5,44.7598,6.5280000000000005,56.32,62.848,0.0,18.0882,0.8024,0.3779,15682.849999999999,6,1
风电6-光伏1,72,13:00-14:00,14,1,2.6898,41.5,44.1898,5.768,56.32,62.088,0.0,17.898200000000003,0.8024,0.3779,15682.849999999999,6,1
风电6-光伏1,72,14:00-15:00,15,1,3.63,41.5,45.13,5.432,52.48,57.912,0.0,12.781999999999996,0.8024,0.3779,15682.85,6,1
风电6-光伏1,72,15:00-16:00,16,1,3.8202000000000003,41.5,45.3202,5.368,44.8,50.168,0.0,4.847799999999999,0.6074,0.3779,15682.850000000002,6,1
风电6-光伏1,72,16:00-17:00,17,1,3.75,41.5,45.25,6.656,33.28,39.936,5.314,0.0,0.6074,0.3779,16902.413,6,1
风电6-光伏1,72,17:00-18:00,18,1,3.1398,41.5,44.6398,8.408,24.32,32.728,11.9118,0.0,0.6074,0.3779,18416.6081,6,1
风电6-光伏1,72,18:00-19:00,19,1,2.61,41.5,44.11,10.808,11.52,22.328,21.782,0.0,0.8024,0.3779,24929.309,6,1
风电6-光伏1,72,19:00-20:00,20,1,2.1198,41.5,43.6198,9.604000000000001,0.0,9.604000000000001,34.0158,0.0,0.8024,0.3779,30122.5571,6,1
风电6-光伏1,72,20:00-21:00,21,1,1.8599999999999999,41.5,43.36,6.832000000000001,0.0,6.832000000000001,36.528,0.0,0.8024,0.3779,31188.985999999997,6,1
风电6-光伏1,72,21:00-22:00,22,1,1.6301999999999999,41.5,43.1302,8.384,0.0,8.384,34.7462,0.0,0.6074,0.3779,23657.102900000005,6,1
风电6-光伏1,72,22:00-23:00,23,1,1.56,41.5,43.06,7.688000000000001,0.0,7.688000000000001,35.372,0.0,0.6074,0.3779,23800.724000000002,6,1
风电6-光伏1,72,23:00-24:00,24,1,1.4802,41.5,42.980199999999996,9.671999999999999,0.0,9.671999999999999,33.3082,0.0,0.3424,0.3779,14500.408899999999,6,1
风电6-光伏1,63,0:00-1:00,1,1,1.3698000000000001,41.5,42.8698,9.448,0.0,9.448,33.4218,0.0,0.3424,0.3779,14496.376099999998,6,1
风电6-光伏1,63,1:00-2:00,2,1,1.0997999999999999,41.5,42.5998,10.504,0.0,10.504,32.095800000000004,0.0,0.3424,0.3779,14543.449100000002,6,1
风电6-光伏1,63,2:00-3:00,3,1,0.7998000000000001,41.5,42.2998,11.788,0.0,11.788,30.511799999999997,0.0,0.3424,0.3779,14599.681099999998,6,1
风电6-光伏1,63,3:00-4:00,4,1,0.99,41.5,42.49,11.504000000000001,0.0,11.504000000000001,30.986,0.0,0.3424,0.3779,14582.847000000002,6,1
风电6-光伏1,63,4:00-5:00,5,1,1.1802000000000001,41.5,42.6802,11.16,0.0,11.16,31.5202,0.0,0.3424,0.3779,14563.8829,6,1
风电6-光伏1,63,5:00-6:00,6,1,1.6301999999999999,41.5,43.1302,10.964,0.0,10.964,32.1662,0.0,0.3424,0.3779,14540.949900000001,6,1
风电6-光伏1,63,6:00-7:00,7,1,2.5002,41.5,44.0002,10.744,14.08,24.823999999999998,19.1762,0.0,0.3424,0.3779,15002.0949,6,1
风电6-光伏1,63,7:00-8:00,8,1,3.3701999999999996,41.5,44.8702,10.34,25.6,35.94,8.9302,0.0,0.6074,0.3779,17732.3309,6,1
风电6-光伏1,63,8:00-9:00,9,1,4.0098,41.5,45.5098,9.671999999999999,37.12,46.791999999999994,0.0,1.282199999999996,0.6074,0.3779,15682.85,6,1
风电6-光伏1,63,9:00-10:00,10,1,4.199999999999999,41.5,45.7,6.9479999999999995,46.08,53.028,0.0,7.327999999999996,0.6074,0.3779,15682.850000000002,6,1
风电6-光伏1,63,10:00-11:00,11,1,4.1202,41.5,45.6202,6.04,52.48,58.519999999999996,0.0,12.899799999999999,0.8024,0.3779,15682.850000000002,6,1
风电6-光伏1,63,11:00-12:00,12,1,3.9000000000000004,41.5,45.4,6.06,55.04,61.1,0.0,15.700000000000003,0.8024,0.3779,15682.849999999999,6,1
风电6-光伏1,63,12:00-13:00,13,1,3.2598000000000003,41.5,44.7598,6.5280000000000005,56.32,62.848,0.0,18.0882,0.8024,0.3779,15682.849999999999,6,1
风电6-光伏1,63,13:00-14:00,14,1,2.6898,41.5,44.1898,5.768,56.32,62.088,0.0,17.898200000000003,0.8024,0.3779,15682.849999999999,6,1
风电6-光伏1,63,14:00-15:00,15,1,3.63,41.5,45.13,5.432,52.48,57.912,0.0,12.781999999999996,0.8024,0.3779,15682.85,6,1
风电6-光伏1,63,15:00-16:00,16,1,3.8202000000000003,41.5,45.3202,5.368,44.8,50.168,0.0,4.847799999999999,0.6074,0.3779,15682.850000000002,6,1
风电6-光伏1,63,16:00-17:00,17,1,3.75,41.5,45.25,6.656,33.28,39.936,5.314,0.0,0.6074,0.3779,16902.413,6,1
风电6-光伏1,63,17:00-18:00,18,1,3.1398,41.5,44.6398,8.408,24.32,32.728,11.9118,0.0,0.6074,0.3779,18416.6081,6,1
风电6-光伏1,63,18:00-19:00,19,0,2.61,0.0,2.61,10.808,11.52,22.328,0.0,19.718,0.8024,0.3779,24929.309,6,1
风电6-光伏1,63,19:00-20:00,20,0,2.1198,0.0,2.1198,9.604000000000001,0.0,9.604000000000001,0.0,7.484200000000001,0.8024,0.3779,30122.5571,6,1
风电6-光伏1,63,20:00-21:00,21,0,1.8599999999999999,0.0,1.8599999999999999,6.832000000000001,0.0,6.832000000000001,0.0,4.972000000000001,0.8024,0.3779,31188.985999999997,6,1
风电6-光伏1,63,21:00-22:00,22,1,1.6301999999999999,41.5,43.1302,8.384,0.0,8.384,34.7462,0.0,0.6074,0.3779,23657.102900000005,6,1
风电6-光伏1,63,22:00-23:00,23,1,1.56,41.5,43.06,7.688000000000001,0.0,7.688000000000001,35.372,0.0,0.6074,0.3779,23800.724000000002,6,1
风电6-光伏1,63,23:00-24:00,24,1,1.4802,41.5,42.980199999999996,9.671999999999999,0.0,9.671999999999999,33.3082,0.0,0.3424,0.3779,14500.408899999999,6,1
风电6-光伏1,54,0:00-1:00,1,1,1.3698000000000001,41.5,42.8698,9.448,0.0,9.448,33.4218,0.0,0.3424,0.3779,14496.376099999998,6,1
风电6-光伏1,54,1:00-2:00,2,1,1.0997999999999999,41.5,42.5998,10.504,0.0,10.504,32.095800000000004,0.0,0.3424,0.3779,14543.449100000002,6,1
风电6-光伏1,54,2:00-3:00,3,1,0.7998000000000001,41.5,42.2998,11.788,0.0,11.788,30.511799999999997,0.0,0.3424,0.3779,14599.681099999998,6,1
风电6-光伏1,54,3:00-4:00,4,1,0.99,41.5,42.49,11.504000000000001,0.0,11.504000000000001,30.986,0.0,0.3424,0.3779,14582.847000000002,6,1
风电6-光伏1,54,4:00-5:00,5,1,1.1802000000000001,41.5,42.6802,11.16,0.0,11.16,31.5202,0.0,0.3424,0.3779,14563.8829,6,1
风电6-光伏1,54,5:00-6:00,6,1,1.6301999999999999,41.5,43.1302,10.964,0.0,10.964,32.1662,0.0,0.3424,0.3779,14540.949900000001,6,1
风电6-光伏1,54,6:00-7:00,7,1,2.5002,41.5,44.0002,10.744,14.08,24.823999999999998,19.1762,0.0,0.3424,0.3779,15002.0949,6,1
风电6-光伏1,54,7:00-8:00,8,1,3.3701999999999996,41.5,44.8702,10.34,25.6,35.94,8.9302,0.0,0.6074,0.3779,17732.3309,6,1
风电6-光伏1,54,8:00-9:00,9,1,4.0098,41.5,45.5098,9.671999999999999,37.12,46.791999999999994,0.0,1.282199999999996,0.6074,0.3779,15682.85,6,1
风电6-光伏1,54,9:00-10:00,10,1,4.199999999999999,41.5,45.7,6.9479999999999995,46.08,53.028,0.0,7.327999999999996,0.6074,0.3779,15682.850000000002,6,1
风电6-光伏1,54,10:00-11:00,11,1,4.1202,41.5,45.6202,6.04,52.48,58.519999999999996,0.0,12.899799999999999,0.8024,0.3779,15682.850000000002,6,1
风电6-光伏1,54,11:00-12:00,12,1,3.9000000000000004,41.5,45.4,6.06,55.04,61.1,0.0,15.700000000000003,0.8024,0.3779,15682.849999999999,6,1
风电6-光伏1,54,12:00-13:00,13,1,3.2598000000000003,41.5,44.7598,6.5280000000000005,56.32,62.848,0.0,18.0882,0.8024,0.3779,15682.849999999999,6,1
风电6-光伏1,54,13:00-14:00,14,1,2.6898,41.5,44.1898,5.768,56.32,62.088,0.0,17.898200000000003,0.8024,0.3779,15682.849999999999,6,1
风电6-光伏1,54,14:00-15:00,15,1,3.63,41.5,45.13,5.432,52.48,57.912,0.0,12.781999999999996,0.8024,0.3779,15682.85,6,1
风电6-光伏1,54,15:00-16:00,16,1,3.8202000000000003,41.5,45.3202,5.368,44.8,50.168,0.0,4.847799999999999,0.6074,0.3779,15682.850000000002,6,1
风电6-光伏1,54,16:00-17:00,17,1,3.75,41.5,45.25,6.656,33.28,39.936,5.314,0.0,0.6074,0.3779,16902.413,6,1
风电6-光伏1,54,17:00-18:00,18,0,3.1398,0.0,3.1398,8.408,24.32,32.728,0.0,29.5882,0.6074,0.3779,18416.6081,6,1
风电6-光伏1,54,18:00-19:00,19,0,2.61,0.0,2.61,10.808,11.52,22.328,0.0,19.718,0.8024,0.3779,24929.309,6,1
风电6-光伏1,54,19:00-20:00,20,0,2.1198,0.0,2.1198,9.604000000000001,0.0,9.604000000000001,0.0,7.484200000000001,0.8024,0.3779,30122.5571,6,1
风电6-光伏1,54,20:00-21:00,21,0,1.8599999999999999,0.0,1.8599999999999999,6.832000000000001,0.0,6.832000000000001,0.0,4.972000000000001,0.8024,0.3779,31188.985999999997,6,1
风电6-光伏1,54,21:00-22:00,22,0,1.6301999999999999,0.0,1.6301999999999999,8.384,0.0,8.384,0.0,6.7538,0.6074,0.3779,23657.102900000005,6,1
风电6-光伏1,54,22:00-23:00,23,0,1.56,0.0,1.56,7.688000000000001,0.0,7.688000000000001,0.0,6.128,0.6074,0.3779,23800.724000000002,6,1
风电6-光伏1,54,23:00-24:00,24,1,1.4802,41.5,42.980199999999996,9.671999999999999,0.0,9.671999999999999,33.3082,0.0,0.3424,0.3779,14500.408899999999,6,1
风电6-光伏1,45,0:00-1:00,1,1,1.3698000000000001,41.5,42.8698,9.448,0.0,9.448,33.4218,0.0,0.3424,0.3779,14496.376099999998,6,1
风电6-光伏1,45,1:00-2:00,2,1,1.0997999999999999,41.5,42.5998,10.504,0.0,10.504,32.095800000000004,0.0,0.3424,0.3779,14543.449100000002,6,1
风电6-光伏1,45,2:00-3:00,3,1,0.7998000000000001,41.5,42.2998,11.788,0.0,11.788,30.511799999999997,0.0,0.3424,0.3779,14599.681099999998,6,1
风电6-光伏1,45,3:00-4:00,4,1,0.99,41.5,42.49,11.504000000000001,0.0,11.504000000000001,30.986,0.0,0.3424,0.3779,14582.847000000002,6,1
风电6-光伏1,45,4:00-5:00,5,1,1.1802000000000001,41.5,42.6802,11.16,0.0,11.16,31.5202,0.0,0.3424,0.3779,14563.8829,6,1
风电6-光伏1,45,5:00-6:00,6,1,1.6301999999999999,41.5,43.1302,10.964,0.0,10.964,32.1662,0.0,0.3424,0.3779,14540.949900000001,6,1
风电6-光伏1,45,6:00-7:00,7,1,2.5002,41.5,44.0002,10.744,14.08,24.823999999999998,19.1762,0.0,0.3424,0.3779,15002.0949,6,1
风电6-光伏1,45,7:00-8:00,8,0,3.3701999999999996,-0.0,3.3701999999999996,10.34,25.6,35.94,0.0,32.5698,0.6074,0.3779,17732.3309,6,1
风电6-光伏1,45,8:00-9:00,9,0,4.0098,0.0,4.0098,9.671999999999999,37.12,46.791999999999994,0.0,42.782199999999996,0.6074,0.3779,15682.85,6,1
风电6-光伏1,45,9:00-10:00,10,1,4.199999999999999,41.5,45.7,6.9479999999999995,46.08,53.028,0.0,7.327999999999996,0.6074,0.3779,15682.850000000002,6,1
风电6-光伏1,45,10:00-11:00,11,1,4.1202,41.5,45.6202,6.04,52.48,58.519999999999996,0.0,12.899799999999999,0.8024,0.3779,15682.850000000002,6,1
风电6-光伏1,45,11:00-12:00,12,1,3.9000000000000004,41.5,45.4,6.06,55.04,61.1,0.0,15.700000000000003,0.8024,0.3779,15682.849999999999,6,1
风电6-光伏1,45,12:00-13:00,13,1,3.2598000000000003,41.5,44.7598,6.5280000000000005,56.32,62.848,0.0,18.0882,0.8024,0.3779,15682.849999999999,6,1
风电6-光伏1,45,13:00-14:00,14,1,2.6898,41.5,44.1898,5.768,56.32,62.088,0.0,17.898200000000003,0.8024,0.3779,15682.849999999999,6,1
风电6-光伏1,45,14:00-15:00,15,1,3.63,41.5,45.13,5.432,52.48,57.912,0.0,12.781999999999996,0.8024,0.3779,15682.85,6,1
风电6-光伏1,45,15:00-16:00,16,1,3.8202000000000003,41.5,45.3202,5.368,44.8,50.168,0.0,4.847799999999999,0.6074,0.3779,15682.850000000002,6,1
风电6-光伏1,45,16:00-17:00,17,0,3.75,0.0,3.75,6.656,33.28,39.936,0.0,36.186,0.6074,0.3779,16902.413,6,1
风电6-光伏1,45,17:00-18:00,18,0,3.1398,0.0,3.1398,8.408,24.32,32.728,0.0,29.5882,0.6074,0.3779,18416.6081,6,1
风电6-光伏1,45,18:00-19:00,19,0,2.61,0.0,2.61,10.808,11.52,22.328,0.0,19.718,0.8024,0.3779,24929.309,6,1
风电6-光伏1,45,19:00-20:00,20,0,2.1198,0.0,2.1198,9.604000000000001,0.0,9.604000000000001,0.0,7.484200000000001,0.8024,0.3779,30122.5571,6,1
风电6-光伏1,45,20:00-21:00,21,0,1.8599999999999999,0.0,1.8599999999999999,6.832000000000001,0.0,6.832000000000001,0.0,4.972000000000001,0.8024,0.3779,31188.985999999997,6,1
风电6-光伏1,45,21:00-22:00,22,0,1.6301999999999999,0.0,1.6301999999999999,8.384,0.0,8.384,0.0,6.7538,0.6074,0.3779,23657.102900000005,6,1
风电6-光伏1,45,22:00-23:00,23,0,1.56,0.0,1.56,7.688000000000001,0.0,7.688000000000001,0.0,6.128,0.6074,0.3779,23800.724000000002,6,1
风电6-光伏1,45,23:00-24:00,24,1,1.4802,41.5,42.980199999999996,9.671999999999999,0.0,9.671999999999999,33.3082,0.0,0.3424,0.3779,14500.408899999999,6,1
风电6-光伏1,36,0:00-1:00,1,1,1.3698000000000001,41.5,42.8698,9.448,0.0,9.448,33.4218,0.0,0.3424,0.3779,14496.376099999998,6,1
风电6-光伏1,36,1:00-2:00,2,1,1.0997999999999999,41.5,42.5998,10.504,0.0,10.504,32.095800000000004,0.0,0.3424,0.3779,14543.449100000002,6,1
风电6-光伏1,36,2:00-3:00,3,1,0.7998000000000001,41.5,42.2998,11.788,0.0,11.788,30.511799999999997,0.0,0.3424,0.3779,14599.681099999998,6,1
风电6-光伏1,36,3:00-4:00,4,1,0.99,41.5,42.49,11.504000000000001,0.0,11.504000000000001,30.986,0.0,0.3424,0.3779,14582.847000000002,6,1
风电6-光伏1,36,4:00-5:00,5,1,1.1802000000000001,41.5,42.6802,11.16,0.0,11.16,31.5202,0.0,0.3424,0.3779,14563.8829,6,1
风电6-光伏1,36,5:00-6:00,6,1,1.6301999999999999,41.5,43.1302,10.964,0.0,10.964,32.1662,0.0,0.3424,0.3779,14540.949900000001,6,1
风电6-光伏1,36,6:00-7:00,7,1,2.5002,41.5,44.0002,10.744,14.08,24.823999999999998,19.1762,0.0,0.3424,0.3779,15002.0949,6,1
风电6-光伏1,36,7:00-8:00,8,0,3.3701999999999996,-0.0,3.3701999999999996,10.34,25.6,35.94,0.0,32.5698,0.6074,0.3779,17732.3309,6,1
风电6-光伏1,36,8:00-9:00,9,0,4.0098,0.0,4.0098,9.671999999999999,37.12,46.791999999999994,0.0,42.782199999999996,0.6074,0.3779,15682.85,6,1
风电6-光伏1,36,9:00-10:00,10,0,4.199999999999999,0.0,4.199999999999999,6.9479999999999995,46.08,53.028,0.0,48.828,0.6074,0.3779,15682.850000000002,6,1
风电6-光伏1,36,10:00-11:00,11,0,4.1202,0.0,4.1202,6.04,52.48,58.519999999999996,0.0,54.3998,0.8024,0.3779,15682.850000000002,6,1
风电6-光伏1,36,11:00-12:00,12,0,3.9000000000000004,0.0,3.9000000000000004,6.06,55.04,61.1,0.0,57.2,0.8024,0.3779,15682.849999999999,6,1
风电6-光伏1,36,12:00-13:00,13,1,3.2598000000000003,41.5,44.7598,6.5280000000000005,56.32,62.848,0.0,18.0882,0.8024,0.3779,15682.849999999999,6,1
风电6-光伏1,36,13:00-14:00,14,1,2.6898,41.5,44.1898,5.768,56.32,62.088,0.0,17.898200000000003,0.8024,0.3779,15682.849999999999,6,1
风电6-光伏1,36,14:00-15:00,15,1,3.63,41.5,45.13,5.432,52.48,57.912,0.0,12.781999999999996,0.8024,0.3779,15682.85,6,1
风电6-光伏1,36,15:00-16:00,16,1,3.8202000000000003,41.5,45.3202,5.368,44.8,50.168,0.0,4.847799999999999,0.6074,0.3779,15682.850000000002,6,1
风电6-光伏1,36,16:00-17:00,17,0,3.75,0.0,3.75,6.656,33.28,39.936,0.0,36.186,0.6074,0.3779,16902.413,6,1
风电6-光伏1,36,17:00-18:00,18,0,3.1398,0.0,3.1398,8.408,24.32,32.728,0.0,29.5882,0.6074,0.3779,18416.6081,6,1
风电6-光伏1,36,18:00-19:00,19,0,2.61,0.0,2.61,10.808,11.52,22.328,0.0,19.718,0.8024,0.3779,24929.309,6,1
风电6-光伏1,36,19:00-20:00,20,0,2.1198,0.0,2.1198,9.604000000000001,0.0,9.604000000000001,0.0,7.484200000000001,0.8024,0.3779,30122.5571,6,1
风电6-光伏1,36,20:00-21:00,21,0,1.8599999999999999,0.0,1.8599999999999999,6.832000000000001,0.0,6.832000000000001,0.0,4.972000000000001,0.8024,0.3779,31188.985999999997,6,1
风电6-光伏1,36,21:00-22:00,22,0,1.6301999999999999,0.0,1.6301999999999999,8.384,0.0,8.384,0.0,6.7538,0.6074,0.3779,23657.102900000005,6,1
风电6-光伏1,36,22:00-23:00,23,0,1.56,0.0,1.56,7.688000000000001,0.0,7.688000000000001,0.0,6.128,0.6074,0.3779,23800.724000000002,6,1
风电6-光伏1,36,23:00-24:00,24,1,1.4802,41.5,42.980199999999996,9.671999999999999,0.0,9.671999999999999,33.3082,0.0,0.3424,0.3779,14500.408899999999,6,1
风电6-光伏2,72,0:00-1:00,1,1,1.3698000000000001,41.5,42.8698,9.448,0.0,9.448,33.4218,0.0,0.3424,0.3779,14496.376099999998,6,2
风电6-光伏2,72,1:00-2:00,2,1,1.0997999999999999,41.5,42.5998,10.504,0.0,10.504,32.095800000000004,0.0,0.3424,0.3779,14543.449100000002,6,2
风电6-光伏2,72,2:00-3:00,3,1,0.7998000000000001,41.5,42.2998,11.788,0.0,11.788,30.511799999999997,0.0,0.3424,0.3779,14599.681099999998,6,2
风电6-光伏2,72,3:00-4:00,4,1,0.99,41.5,42.49,11.504000000000001,0.0,11.504000000000001,30.986,0.0,0.3424,0.3779,14582.847000000002,6,2
风电6-光伏2,72,4:00-5:00,5,1,1.1802000000000001,41.5,42.6802,11.16,0.0,11.16,31.5202,0.0,0.3424,0.3779,14563.8829,6,2
风电6-光伏2,72,5:00-6:00,6,1,1.6301999999999999,41.5,43.1302,10.964,0.0,10.964,32.1662,0.0,0.3424,0.3779,14540.949900000001,6,2
风电6-光伏2,72,6:00-7:00,7,1,2.5002,41.5,44.0002,10.744,0.0,10.744,33.2562,0.0,0.3424,0.3779,14502.2549,6,2
风电6-光伏2,72,7:00-8:00,8,1,3.3701999999999996,41.5,44.8702,10.34,3.2,13.54,31.330199999999998,0.0,0.6074,0.3779,22873.130899999996,6,2
风电6-光伏2,72,8:00-9:00,9,1,4.0098,41.5,45.5098,9.671999999999999,10.88,20.552,24.9578,0.0,0.6074,0.3779,21410.665100000002,6,2
风电6-光伏2,72,9:00-10:00,10,1,4.199999999999999,41.5,45.7,6.9479999999999995,17.92,24.868000000000002,20.832,0.0,0.6074,0.3779,20463.794,6,2
风电6-光伏2,72,10:00-11:00,11,1,4.1202,41.5,45.6202,6.04,24.96,31.0,14.620199999999997,0.0,0.8024,0.3779,21889.1249,6,2
风电6-光伏2,72,11:00-12:00,12,1,3.9000000000000004,41.5,45.4,6.06,31.36,37.42,7.979999999999997,0.0,0.8024,0.3779,19070.36,6,2
风电6-光伏2,72,12:00-13:00,13,1,3.2598000000000003,41.5,44.7598,6.5280000000000005,35.84,42.368,2.3917999999999964,0.0,0.8024,0.3779,16698.1691,6,2
风电6-光伏2,72,13:00-14:00,14,1,2.6898,41.5,44.1898,5.768,37.12,42.888,1.3018,0.0,0.8024,0.3779,16235.4641,6,2
风电6-光伏2,72,14:00-15:00,15,1,3.63,41.5,45.13,5.432,32.0,37.432,7.698,0.0,0.8024,0.3779,18950.651,6,2
风电6-光伏2,72,15:00-16:00,16,1,3.8202000000000003,41.5,45.3202,5.368,25.6,30.968000000000004,14.352199999999996,0.0,0.6074,0.3779,18976.6799,6,2
风电6-光伏2,72,16:00-17:00,17,1,3.75,41.5,45.25,6.656,19.2,25.855999999999998,19.394000000000002,0.0,0.6074,0.3779,20133.773,6,2
风电6-光伏2,72,17:00-18:00,18,1,3.1398,41.5,44.6398,8.408,9.6,18.008,26.631800000000002,0.0,0.6074,0.3779,21794.848100000003,6,2
风电6-光伏2,72,18:00-19:00,19,1,2.61,41.5,44.11,10.808,3.2,14.008,30.102,0.0,0.8024,0.3779,28461.149,6,2
风电6-光伏2,72,19:00-20:00,20,1,2.1198,41.5,43.6198,9.604000000000001,0.0,9.604000000000001,34.0158,0.0,0.8024,0.3779,30122.5571,6,2
风电6-光伏2,72,20:00-21:00,21,1,1.8599999999999999,41.5,43.36,6.832000000000001,0.0,6.832000000000001,36.528,0.0,0.8024,0.3779,31188.985999999997,6,2
风电6-光伏2,72,21:00-22:00,22,1,1.6301999999999999,41.5,43.1302,8.384,0.0,8.384,34.7462,0.0,0.6074,0.3779,23657.102900000005,6,2
风电6-光伏2,72,22:00-23:00,23,1,1.56,41.5,43.06,7.688000000000001,0.0,7.688000000000001,35.372,0.0,0.6074,0.3779,23800.724000000002,6,2
风电6-光伏2,72,23:00-24:00,24,1,1.4802,41.5,42.980199999999996,9.671999999999999,0.0,9.671999999999999,33.3082,0.0,0.3424,0.3779,14500.408899999999,6,2
风电6-光伏2,63,0:00-1:00,1,1,1.3698000000000001,41.5,42.8698,9.448,0.0,9.448,33.4218,0.0,0.3424,0.3779,14496.376099999998,6,2
风电6-光伏2,63,1:00-2:00,2,1,1.0997999999999999,41.5,42.5998,10.504,0.0,10.504,32.095800000000004,0.0,0.3424,0.3779,14543.449100000002,6,2
风电6-光伏2,63,2:00-3:00,3,1,0.7998000000000001,41.5,42.2998,11.788,0.0,11.788,30.511799999999997,0.0,0.3424,0.3779,14599.681099999998,6,2
风电6-光伏2,63,3:00-4:00,4,1,0.99,41.5,42.49,11.504000000000001,0.0,11.504000000000001,30.986,0.0,0.3424,0.3779,14582.847000000002,6,2
风电6-光伏2,63,4:00-5:00,5,1,1.1802000000000001,41.5,42.6802,11.16,0.0,11.16,31.5202,0.0,0.3424,0.3779,14563.8829,6,2
风电6-光伏2,63,5:00-6:00,6,1,1.6301999999999999,41.5,43.1302,10.964,0.0,10.964,32.1662,0.0,0.3424,0.3779,14540.949900000001,6,2
风电6-光伏2,63,6:00-7:00,7,1,2.5002,41.5,44.0002,10.744,0.0,10.744,33.2562,0.0,0.3424,0.3779,14502.2549,6,2
风电6-光伏2,63,7:00-8:00,8,1,3.3701999999999996,41.5,44.8702,10.34,3.2,13.54,31.330199999999998,0.0,0.6074,0.3779,22873.130899999996,6,2
风电6-光伏2,63,8:00-9:00,9,1,4.0098,41.5,45.5098,9.671999999999999,10.88,20.552,24.9578,0.0,0.6074,0.3779,21410.665100000002,6,2
风电6-光伏2,63,9:00-10:00,10,1,4.199999999999999,41.5,45.7,6.9479999999999995,17.92,24.868000000000002,20.832,0.0,0.6074,0.3779,20463.794,6,2
风电6-光伏2,63,10:00-11:00,11,1,4.1202,41.5,45.6202,6.04,24.96,31.0,14.620199999999997,0.0,0.8024,0.3779,21889.1249,6,2
风电6-光伏2,63,11:00-12:00,12,1,3.9000000000000004,41.5,45.4,6.06,31.36,37.42,7.979999999999997,0.0,0.8024,0.3779,19070.36,6,2
风电6-光伏2,63,12:00-13:00,13,1,3.2598000000000003,41.5,44.7598,6.5280000000000005,35.84,42.368,2.3917999999999964,0.0,0.8024,0.3779,16698.1691,6,2
风电6-光伏2,63,13:00-14:00,14,1,2.6898,41.5,44.1898,5.768,37.12,42.888,1.3018,0.0,0.8024,0.3779,16235.4641,6,2
风电6-光伏2,63,14:00-15:00,15,1,3.63,41.5,45.13,5.432,32.0,37.432,7.698,0.0,0.8024,0.3779,18950.651,6,2
风电6-光伏2,63,15:00-16:00,16,1,3.8202000000000003,41.5,45.3202,5.368,25.6,30.968000000000004,14.352199999999996,0.0,0.6074,0.3779,18976.6799,6,2
风电6-光伏2,63,16:00-17:00,17,1,3.75,41.5,45.25,6.656,19.2,25.855999999999998,19.394000000000002,0.0,0.6074,0.3779,20133.773,6,2
风电6-光伏2,63,17:00-18:00,18,1,3.1398,41.5,44.6398,8.408,9.6,18.008,26.631800000000002,0.0,0.6074,0.3779,21794.848100000003,6,2
风电6-光伏2,63,18:00-19:00,19,0,2.61,0.0,2.61,10.808,3.2,14.008,0.0,11.398,0.8024,0.3779,28461.149,6,2
风电6-光伏2,63,19:00-20:00,20,0,2.1198,0.0,2.1198,9.604000000000001,0.0,9.604000000000001,0.0,7.484200000000001,0.8024,0.3779,30122.5571,6,2
风电6-光伏2,63,20:00-21:00,21,0,1.8599999999999999,0.0,1.8599999999999999,6.832000000000001,0.0,6.832000000000001,0.0,4.972000000000001,0.8024,0.3779,31188.985999999997,6,2
风电6-光伏2,63,21:00-22:00,22,1,1.6301999999999999,41.5,43.1302,8.384,0.0,8.384,34.7462,0.0,0.6074,0.3779,23657.102900000005,6,2
风电6-光伏2,63,22:00-23:00,23,1,1.56,41.5,43.06,7.688000000000001,0.0,7.688000000000001,35.372,0.0,0.6074,0.3779,23800.724000000002,6,2
风电6-光伏2,63,23:00-24:00,24,1,1.4802,41.5,42.980199999999996,9.671999999999999,0.0,9.671999999999999,33.3082,0.0,0.3424,0.3779,14500.408899999999,6,2
风电6-光伏2,54,0:00-1:00,1,1,1.3698000000000001,41.5,42.8698,9.448,0.0,9.448,33.4218,0.0,0.3424,0.3779,14496.376099999998,6,2
风电6-光伏2,54,1:00-2:00,2,1,1.0997999999999999,41.5,42.5998,10.504,0.0,10.504,32.095800000000004,0.0,0.3424,0.3779,14543.449100000002,6,2
风电6-光伏2,54,2:00-3:00,3,1,0.7998000000000001,41.5,42.2998,11.788,0.0,11.788,30.511799999999997,0.0,0.3424,0.3779,14599.681099999998,6,2
风电6-光伏2,54,3:00-4:00,4,1,0.99,41.5,42.49,11.504000000000001,0.0,11.504000000000001,30.986,0.0,0.3424,0.3779,14582.847000000002,6,2
风电6-光伏2,54,4:00-5:00,5,1,1.1802000000000001,41.5,42.6802,11.16,0.0,11.16,31.5202,0.0,0.3424,0.3779,14563.8829,6,2
风电6-光伏2,54,5:00-6:00,6,1,1.6301999999999999,41.5,43.1302,10.964,0.0,10.964,32.1662,0.0,0.3424,0.3779,14540.949900000001,6,2
风电6-光伏2,54,6:00-7:00,7,1,2.5002,41.5,44.0002,10.744,0.0,10.744,33.2562,0.0,0.3424,0.3779,14502.2549,6,2
风电6-光伏2,54,7:00-8:00,8,0,3.3701999999999996,0.0,3.3701999999999996,10.34,3.2,13.54,0.0,10.169799999999999,0.6074,0.3779,22873.130899999996,6,2
风电6-光伏2,54,8:00-9:00,9,1,4.0098,41.5,45.5098,9.671999999999999,10.88,20.552,24.9578,0.0,0.6074,0.3779,21410.665100000002,6,2
风电6-光伏2,54,9:00-10:00,10,1,4.199999999999999,41.5,45.7,6.9479999999999995,17.92,24.868000000000002,20.832,0.0,0.6074,0.3779,20463.794,6,2
风电6-光伏2,54,10:00-11:00,11,1,4.1202,41.5,45.6202,6.04,24.96,31.0,14.620199999999997,0.0,0.8024,0.3779,21889.1249,6,2
风电6-光伏2,54,11:00-12:00,12,1,3.9000000000000004,41.5,45.4,6.06,31.36,37.42,7.979999999999997,0.0,0.8024,0.3779,19070.36,6,2
风电6-光伏2,54,12:00-13:00,13,1,3.2598000000000003,41.5,44.7598,6.5280000000000005,35.84,42.368,2.3917999999999964,0.0,0.8024,0.3779,16698.1691,6,2
风电6-光伏2,54,13:00-14:00,14,1,2.6898,41.5,44.1898,5.768,37.12,42.888,1.3018,0.0,0.8024,0.3779,16235.4641,6,2
风电6-光伏2,54,14:00-15:00,15,1,3.63,41.5,45.13,5.432,32.0,37.432,7.698,0.0,0.8024,0.3779,18950.651,6,2
风电6-光伏2,54,15:00-16:00,16,1,3.8202000000000003,41.5,45.3202,5.368,25.6,30.968000000000004,14.352199999999996,0.0,0.6074,0.3779,18976.6799,6,2
风电6-光伏2,54,16:00-17:00,17,1,3.75,41.5,45.25,6.656,19.2,25.855999999999998,19.394000000000002,0.0,0.6074,0.3779,20133.773,6,2
风电6-光伏2,54,17:00-18:00,18,1,3.1398,41.5,44.6398,8.408,9.6,18.008,26.631800000000002,0.0,0.6074,0.3779,21794.848100000003,6,2
风电6-光伏2,54,18:00-19:00,19,0,2.61,0.0,2.61,10.808,3.2,14.008,0.0,11.398,0.8024,0.3779,28461.149,6,2
风电6-光伏2,54,19:00-20:00,20,0,2.1198,0.0,2.1198,9.604000000000001,0.0,9.604000000000001,0.0,7.484200000000001,0.8024,0.3779,30122.5571,6,2
风电6-光伏2,54,20:00-21:00,21,0,1.8599999999999999,0.0,1.8599999999999999,6.832000000000001,0.0,6.832000000000001,0.0,4.972000000000001,0.8024,0.3779,31188.985999999997,6,2
风电6-光伏2,54,21:00-22:00,22,0,1.6301999999999999,0.0,1.6301999999999999,8.384,0.0,8.384,0.0,6.7538,0.6074,0.3779,23657.102900000005,6,2
风电6-光伏2,54,22:00-23:00,23,0,1.56,0.0,1.56,7.688000000000001,0.0,7.688000000000001,0.0,6.128,0.6074,0.3779,23800.724000000002,6,2
风电6-光伏2,54,23:00-24:00,24,1,1.4802,41.5,42.980199999999996,9.671999999999999,0.0,9.671999999999999,33.3082,0.0,0.3424,0.3779,14500.408899999999,6,2
风电6-光伏2,45,0:00-1:00,1,1,1.3698000000000001,41.5,42.8698,9.448,0.0,9.448,33.4218,0.0,0.3424,0.3779,14496.376099999998,6,2
风电6-光伏2,45,1:00-2:00,2,1,1.0997999999999999,41.5,42.5998,10.504,0.0,10.504,32.095800000000004,0.0,0.3424,0.3779,14543.449100000002,6,2
风电6-光伏2,45,2:00-3:00,3,1,0.7998000000000001,41.5,42.2998,11.788,0.0,11.788,30.511799999999997,0.0,0.3424,0.3779,14599.681099999998,6,2
风电6-光伏2,45,3:00-4:00,4,1,0.99,41.5,42.49,11.504000000000001,0.0,11.504000000000001,30.986,0.0,0.3424,0.3779,14582.847000000002,6,2
风电6-光伏2,45,4:00-5:00,5,1,1.1802000000000001,41.5,42.6802,11.16,0.0,11.16,31.5202,0.0,0.3424,0.3779,14563.8829,6,2
风电6-光伏2,45,5:00-6:00,6,1,1.6301999999999999,41.5,43.1302,10.964,0.0,10.964,32.1662,0.0,0.3424,0.3779,14540.949900000001,6,2
风电6-光伏2,45,6:00-7:00,7,1,2.5002,41.5,44.0002,10.744,0.0,10.744,33.2562,0.0,0.3424,0.3779,14502.2549,6,2
风电6-光伏2,45,7:00-8:00,8,0,3.3701999999999996,0.0,3.3701999999999996,10.34,3.2,13.54,0.0,10.169799999999999,0.6074,0.3779,22873.130899999996,6,2
风电6-光伏2,45,8:00-9:00,9,0,4.0098,0.0,4.0098,9.671999999999999,10.88,20.552,0.0,16.5422,0.6074,0.3779,21410.665100000002,6,2
风电6-光伏2,45,9:00-10:00,10,1,4.199999999999999,41.5,45.7,6.9479999999999995,17.92,24.868000000000002,20.832,0.0,0.6074,0.3779,20463.794,6,2
风电6-光伏2,45,10:00-11:00,11,0,4.1202,0.0,4.1202,6.04,24.96,31.0,0.0,26.8798,0.8024,0.3779,21889.1249,6,2
风电6-光伏2,45,11:00-12:00,12,1,3.9000000000000004,41.5,45.4,6.06,31.36,37.42,7.979999999999997,0.0,0.8024,0.3779,19070.36,6,2
风电6-光伏2,45,12:00-13:00,13,1,3.2598000000000003,41.5,44.7598,6.5280000000000005,35.84,42.368,2.3917999999999964,0.0,0.8024,0.3779,16698.1691,6,2
风电6-光伏2,45,13:00-14:00,14,1,2.6898,41.5,44.1898,5.768,37.12,42.888,1.3018,0.0,0.8024,0.3779,16235.4641,6,2
风电6-光伏2,45,14:00-15:00,15,1,3.63,41.5,45.13,5.432,32.0,37.432,7.698,0.0,0.8024,0.3779,18950.651,6,2
风电6-光伏2,45,15:00-16:00,16,1,3.8202000000000003,41.5,45.3202,5.368,25.6,30.968000000000004,14.352199999999996,0.0,0.6074,0.3779,18976.6799,6,2
风电6-光伏2,45,16:00-17:00,17,1,3.75,41.5,45.25,6.656,19.2,25.855999999999998,19.394000000000002,0.0,0.6074,0.3779,20133.773,6,2
风电6-光伏2,45,17:00-18:00,18,0,3.1398,0.0,3.1398,8.408,9.6,18.008,0.0,14.868199999999998,0.6074,0.3779,21794.848100000003,6,2
风电6-光伏2,45,18:00-19:00,19,0,2.61,0.0,2.61,10.808,3.2,14.008,0.0,11.398,0.8024,0.3779,28461.149,6,2
风电6-光伏2,45,19:00-20:00,20,0,2.1198,0.0,2.1198,9.604000000000001,0.0,9.604000000000001,0.0,7.484200000000001,0.8024,0.3779,30122.5571,6,2
风电6-光伏2,45,20:00-21:00,21,0,1.8599999999999999,0.0,1.8599999999999999,6.832000000000001,0.0,6.832000000000001,0.0,4.972000000000001,0.8024,0.3779,31188.985999999997,6,2
风电6-光伏2,45,21:00-22:00,22,0,1.6301999999999999,0.0,1.6301999999999999,8.384,0.0,8.384,0.0,6.7538,0.6074,0.3779,23657.102900000005,6,2
风电6-光伏2,45,22:00-23:00,23,0,1.56,0.0,1.56,7.688000000000001,0.0,7.688000000000001,0.0,6.128,0.6074,0.3779,23800.724000000002,6,2
风电6-光伏2,45,23:00-24:00,24,1,1.4802,41.5,42.980199999999996,9.671999999999999,0.0,9.671999999999999,33.3082,0.0,0.3424,0.3779,14500.408899999999,6,2
风电6-光伏2,36,0:00-1:00,1,1,1.3698000000000001,41.5,42.8698,9.448,0.0,9.448,33.4218,0.0,0.3424,0.3779,14496.376099999998,6,2
风电6-光伏2,36,1:00-2:00,2,1,1.0997999999999999,41.5,42.5998,10.504,0.0,10.504,32.095800000000004,0.0,0.3424,0.3779,14543.449100000002,6,2
风电6-光伏2,36,2:00-3:00,3,1,0.7998000000000001,41.5,42.2998,11.788,0.0,11.788,30.511799999999997,0.0,0.3424,0.3779,14599.681099999998,6,2
风电6-光伏2,36,3:00-4:00,4,1,0.99,41.5,42.49,11.504000000000001,0.0,11.504000000000001,30.986,0.0,0.3424,0.3779,14582.847000000002,6,2
风电6-光伏2,36,4:00-5:00,5,1,1.1802000000000001,41.5,42.6802,11.16,0.0,11.16,31.5202,0.0,0.3424,0.3779,14563.8829,6,2
风电6-光伏2,36,5:00-6:00,6,1,1.6301999999999999,41.5,43.1302,10.964,0.0,10.964,32.1662,0.0,0.3424,0.3779,14540.949900000001,6,2
风电6-光伏2,36,6:00-7:00,7,1,2.5002,41.5,44.0002,10.744,0.0,10.744,33.2562,0.0,0.3424,0.3779,14502.2549,6,2
风电6-光伏2,36,7:00-8:00,8,0,3.3701999999999996,0.0,3.3701999999999996,10.34,3.2,13.54,0.0,10.169799999999999,0.6074,0.3779,22873.130899999996,6,2
风电6-光伏2,36,8:00-9:00,9,0,4.0098,0.0,4.0098,9.671999999999999,10.88,20.552,0.0,16.5422,0.6074,0.3779,21410.665100000002,6,2
风电6-光伏2,36,9:00-10:00,10,0,4.199999999999999,0.0,4.199999999999999,6.9479999999999995,17.92,24.868000000000002,0.0,20.668000000000003,0.6074,0.3779,20463.794,6,2
风电6-光伏2,36,10:00-11:00,11,0,4.1202,0.0,4.1202,6.04,24.96,31.0,0.0,26.8798,0.8024,0.3779,21889.1249,6,2
风电6-光伏2,36,11:00-12:00,12,0,3.9000000000000004,0.0,3.9000000000000004,6.06,31.36,37.42,0.0,33.52,0.8024,0.3779,19070.36,6,2
风电6-光伏2,36,12:00-13:00,13,1,3.2598000000000003,41.5,44.7598,6.5280000000000005,35.84,42.368,2.3917999999999964,0.0,0.8024,0.3779,16698.1691,6,2
风电6-光伏2,36,13:00-14:00,14,1,2.6898,41.5,44.1898,5.768,37.12,42.888,1.3018,0.0,0.8024,0.3779,16235.4641,6,2
风电6-光伏2,36,14:00-15:00,15,1,3.63,41.5,45.13,5.432,32.0,37.432,7.698,0.0,0.8024,0.3779,18950.651,6,2
风电6-光伏2,36,15:00-16:00,16,1,3.8202000000000003,41.5,45.3202,5.368,25.6,30.968000000000004,14.352199999999996,0.0,0.6074,0.3779,18976.6799,6,2
风电6-光伏2,36,16:00-17:00,17,0,3.75,0.0,3.75,6.656,19.2,25.855999999999998,0.0,22.105999999999998,0.6074,0.3779,20133.773,6,2
风电6-光伏2,36,17:00-18:00,18,0,3.1398,0.0,3.1398,8.408,9.6,18.008,0.0,14.868199999999998,0.6074,0.3779,21794.848100000003,6,2
风电6-光伏2,36,18:00-19:00,19,0,2.61,0.0,2.61,10.808,3.2,14.008,0.0,11.398,0.8024,0.3779,28461.149,6,2
风电6-光伏2,36,19:00-20:00,20,0,2.1198,0.0,2.1198,9.604000000000001,0.0,9.604000000000001,0.0,7.484200000000001,0.8024,0.3779,30122.5571,6,2
风电6-光伏2,36,20:00-21:00,21,0,1.8599999999999999,0.0,1.8599999999999999,6.832000000000001,0.0,6.832000000000001,0.0,4.972000000000001,0.8024,0.3779,31188.985999999997,6,2
风电6-光伏2,36,21:00-22:00,22,0,1.6301999999999999,0.0,1.6301999999999999,8.384,0.0,8.384,0.0,6.7538,0.6074,0.3779,23657.102900000005,6,2
风电6-光伏2,36,22:00-23:00,23,0,1.56,0.0,1.56,7.688000000000001,0.0,7.688000000000001,0.0,6.128,0.6074,0.3779,23800.724000000002,6,2
风电6-光伏2,36,23:00-24:00,24,1,1.4802,41.5,42.980199999999996,9.671999999999999,0.0,9.671999999999999,33.3082,0.0,0.3424,0.3779,14500.408899999999,6,2
风电6-光伏3,72,0:00-1:00,1,1,1.3698000000000001,41.5,42.8698,9.448,0.0,9.448,33.4218,0.0,0.3424,0.3779,14496.376099999998,6,3
风电6-光伏3,72,1:00-2:00,2,1,1.0997999999999999,41.5,42.5998,10.504,0.0,10.504,32.095800000000004,0.0,0.3424,0.3779,14543.449100000002,6,3
风电6-光伏3,72,2:00-3:00,3,1,0.7998000000000001,41.5,42.2998,11.788,0.0,11.788,30.511799999999997,0.0,0.3424,0.3779,14599.681099999998,6,3
风电6-光伏3,72,3:00-4:00,4,1,0.99,41.5,42.49,11.504000000000001,0.0,11.504000000000001,30.986,0.0,0.3424,0.3779,14582.847000000002,6,3
风电6-光伏3,72,4:00-5:00,5,1,1.1802000000000001,41.5,42.6802,11.16,0.0,11.16,31.5202,0.0,0.3424,0.3779,14563.8829,6,3
风电6-光伏3,72,5:00-6:00,6,1,1.6301999999999999,41.5,43.1302,10.964,0.0,10.964,32.1662,0.0,0.3424,0.3779,14540.949900000001,6,3
风电6-光伏3,72,6:00-7:00,7,1,2.5002,41.5,44.0002,10.744,0.0,10.744,33.2562,0.0,0.3424,0.3779,14502.2549,6,3
风电6-光伏3,72,7:00-8:00,8,1,3.3701999999999996,41.5,44.8702,10.34,1.28,11.62,33.2502,0.0,0.6074,0.3779,23313.770900000003,6,3
风电6-光伏3,72,8:00-9:00,9,1,4.0098,41.5,45.5098,9.671999999999999,3.2,12.872,32.6378,0.0,0.6074,0.3779,23173.2251,6,3
风电6-光伏3,72,9:00-10:00,10,1,4.199999999999999,41.5,45.7,6.9479999999999995,5.12,12.068,33.632000000000005,0.0,0.6074,0.3779,23401.394000000004,6,3
风电6-光伏3,72,10:00-11:00,11,1,4.1202,41.5,45.6202,6.04,7.68,13.719999999999999,31.900199999999998,0.0,0.8024,0.3779,29224.4849,6,3
风电6-光伏3,72,11:00-12:00,12,1,3.9000000000000004,41.5,45.4,6.06,11.52,17.58,27.82,0.0,0.8024,0.3779,27492.44,6,3
风电6-光伏3,72,12:00-13:00,13,1,3.2598000000000003,41.5,44.7598,6.5280000000000005,14.08,20.608,24.151799999999998,0.0,0.8024,0.3779,25935.289099999998,6,3
风电6-光伏3,72,13:00-14:00,14,1,2.6898,41.5,44.1898,5.768,14.08,19.848,24.3418,0.0,0.8024,0.3779,26015.9441,6,3
风电6-光伏3,72,14:00-15:00,15,1,3.63,41.5,45.13,5.432,11.52,16.951999999999998,28.178000000000004,0.0,0.8024,0.3779,27644.411000000004,6,3
风电6-光伏3,72,15:00-16:00,16,1,3.8202000000000003,41.5,45.3202,5.368,7.04,12.408000000000001,32.9122,0.0,0.6074,0.3779,23236.1999,6,3
风电6-光伏3,72,16:00-17:00,17,1,3.75,41.5,45.25,6.656,5.12,11.776,33.474000000000004,0.0,0.6074,0.3779,23365.133,6,3
风电6-光伏3,72,17:00-18:00,18,1,3.1398,41.5,44.6398,8.408,3.2,11.608,33.031800000000004,0.0,0.6074,0.3779,23263.648100000002,6,3
风电6-光伏3,72,18:00-19:00,19,1,2.61,41.5,44.11,10.808,1.28,12.088,32.022,0.0,0.8024,0.3779,29276.189,6,3
风电6-光伏3,72,19:00-20:00,20,1,2.1198,41.5,43.6198,9.604000000000001,0.0,9.604000000000001,34.0158,0.0,0.8024,0.3779,30122.5571,6,3
风电6-光伏3,72,20:00-21:00,21,1,1.8599999999999999,41.5,43.36,6.832000000000001,0.0,6.832000000000001,36.528,0.0,0.8024,0.3779,31188.985999999997,6,3
风电6-光伏3,72,21:00-22:00,22,1,1.6301999999999999,41.5,43.1302,8.384,0.0,8.384,34.7462,0.0,0.6074,0.3779,23657.102900000005,6,3
风电6-光伏3,72,22:00-23:00,23,1,1.56,41.5,43.06,7.688000000000001,0.0,7.688000000000001,35.372,0.0,0.6074,0.3779,23800.724000000002,6,3
风电6-光伏3,72,23:00-24:00,24,1,1.4802,41.5,42.980199999999996,9.671999999999999,0.0,9.671999999999999,33.3082,0.0,0.3424,0.3779,14500.408899999999,6,3
风电6-光伏3,63,0:00-1:00,1,1,1.3698000000000001,41.5,42.8698,9.448,0.0,9.448,33.4218,0.0,0.3424,0.3779,14496.376099999998,6,3
风电6-光伏3,63,1:00-2:00,2,1,1.0997999999999999,41.5,42.5998,10.504,0.0,10.504,32.095800000000004,0.0,0.3424,0.3779,14543.449100000002,6,3
风电6-光伏3,63,2:00-3:00,3,1,0.7998000000000001,41.5,42.2998,11.788,0.0,11.788,30.511799999999997,0.0,0.3424,0.3779,14599.681099999998,6,3
风电6-光伏3,63,3:00-4:00,4,1,0.99,41.5,42.49,11.504000000000001,0.0,11.504000000000001,30.986,0.0,0.3424,0.3779,14582.847000000002,6,3
风电6-光伏3,63,4:00-5:00,5,1,1.1802000000000001,41.5,42.6802,11.16,0.0,11.16,31.5202,0.0,0.3424,0.3779,14563.8829,6,3
风电6-光伏3,63,5:00-6:00,6,1,1.6301999999999999,41.5,43.1302,10.964,0.0,10.964,32.1662,0.0,0.3424,0.3779,14540.949900000001,6,3
风电6-光伏3,63,6:00-7:00,7,1,2.5002,41.5,44.0002,10.744,0.0,10.744,33.2562,0.0,0.3424,0.3779,14502.2549,6,3
风电6-光伏3,63,7:00-8:00,8,1,3.3701999999999996,41.5,44.8702,10.34,1.28,11.62,33.2502,0.0,0.6074,0.3779,23313.770900000003,6,3
风电6-光伏3,63,8:00-9:00,9,1,4.0098,41.5,45.5098,9.671999999999999,3.2,12.872,32.6378,0.0,0.6074,0.3779,23173.2251,6,3
风电6-光伏3,63,9:00-10:00,10,1,4.199999999999999,41.5,45.7,6.9479999999999995,5.12,12.068,33.632000000000005,0.0,0.6074,0.3779,23401.394000000004,6,3
风电6-光伏3,63,10:00-11:00,11,1,4.1202,41.5,45.6202,6.04,7.68,13.719999999999999,31.900199999999998,0.0,0.8024,0.3779,29224.4849,6,3
风电6-光伏3,63,11:00-12:00,12,1,3.9000000000000004,41.5,45.4,6.06,11.52,17.58,27.82,0.0,0.8024,0.3779,27492.44,6,3
风电6-光伏3,63,12:00-13:00,13,1,3.2598000000000003,41.5,44.7598,6.5280000000000005,14.08,20.608,24.151799999999998,0.0,0.8024,0.3779,25935.289099999998,6,3
风电6-光伏3,63,13:00-14:00,14,1,2.6898,41.5,44.1898,5.768,14.08,19.848,24.3418,0.0,0.8024,0.3779,26015.9441,6,3
风电6-光伏3,63,14:00-15:00,15,1,3.63,41.5,45.13,5.432,11.52,16.951999999999998,28.178000000000004,0.0,0.8024,0.3779,27644.411000000004,6,3
风电6-光伏3,63,15:00-16:00,16,1,3.8202000000000003,41.5,45.3202,5.368,7.04,12.408000000000001,32.9122,0.0,0.6074,0.3779,23236.1999,6,3
风电6-光伏3,63,16:00-17:00,17,1,3.75,41.5,45.25,6.656,5.12,11.776,33.474000000000004,0.0,0.6074,0.3779,23365.133,6,3
风电6-光伏3,63,17:00-18:00,18,1,3.1398,41.5,44.6398,8.408,3.2,11.608,33.031800000000004,0.0,0.6074,0.3779,23263.648100000002,6,3
风电6-光伏3,63,18:00-19:00,19,0,2.61,0.0,2.61,10.808,1.28,12.088,0.0,9.478,0.8024,0.3779,29276.189,6,3
风电6-光伏3,63,19:00-20:00,20,0,2.1198,0.0,2.1198,9.604000000000001,0.0,9.604000000000001,0.0,7.484200000000001,0.8024,0.3779,30122.5571,6,3
风电6-光伏3,63,20:00-21:00,21,0,1.8599999999999999,0.0,1.8599999999999999,6.832000000000001,0.0,6.832000000000001,0.0,4.972000000000001,0.8024,0.3779,31188.985999999997,6,3
风电6-光伏3,63,21:00-22:00,22,1,1.6301999999999999,41.5,43.1302,8.384,0.0,8.384,34.7462,0.0,0.6074,0.3779,23657.102900000005,6,3
风电6-光伏3,63,22:00-23:00,23,1,1.56,41.5,43.06,7.688000000000001,0.0,7.688000000000001,35.372,0.0,0.6074,0.3779,23800.724000000002,6,3
风电6-光伏3,63,23:00-24:00,24,1,1.4802,41.5,42.980199999999996,9.671999999999999,0.0,9.671999999999999,33.3082,0.0,0.3424,0.3779,14500.408899999999,6,3
风电6-光伏3,54,0:00-1:00,1,1,1.3698000000000001,41.5,42.8698,9.448,0.0,9.448,33.4218,0.0,0.3424,0.3779,14496.376099999998,6,3
风电6-光伏3,54,1:00-2:00,2,1,1.0997999999999999,41.5,42.5998,10.504,0.0,10.504,32.095800000000004,0.0,0.3424,0.3779,14543.449100000002,6,3
风电6-光伏3,54,2:00-3:00,3,1,0.7998000000000001,41.5,42.2998,11.788,0.0,11.788,30.511799999999997,0.0,0.3424,0.3779,14599.681099999998,6,3
风电6-光伏3,54,3:00-4:00,4,1,0.99,41.5,42.49,11.504000000000001,0.0,11.504000000000001,30.986,0.0,0.3424,0.3779,14582.847000000002,6,3
风电6-光伏3,54,4:00-5:00,5,1,1.1802000000000001,41.5,42.6802,11.16,0.0,11.16,31.5202,0.0,0.3424,0.3779,14563.8829,6,3
风电6-光伏3,54,5:00-6:00,6,1,1.6301999999999999,41.5,43.1302,10.964,0.0,10.964,32.1662,0.0,0.3424,0.3779,14540.949900000001,6,3
风电6-光伏3,54,6:00-7:00,7,1,2.5002,41.5,44.0002,10.744,0.0,10.744,33.2562,0.0,0.3424,0.3779,14502.2549,6,3
风电6-光伏3,54,7:00-8:00,8,1,3.3701999999999996,41.5,44.8702,10.34,1.28,11.62,33.2502,0.0,0.6074,0.3779,23313.770900000003,6,3
风电6-光伏3,54,8:00-9:00,9,1,4.0098,41.5,45.5098,9.671999999999999,3.2,12.872,32.6378,0.0,0.6074,0.3779,23173.2251,6,3
风电6-光伏3,54,9:00-10:00,10,1,4.199999999999999,41.5,45.7,6.9479999999999995,5.12,12.068,33.632000000000005,0.0,0.6074,0.3779,23401.394000000004,6,3
风电6-光伏3,54,10:00-11:00,11,0,4.1202,0.0,4.1202,6.04,7.68,13.719999999999999,0.0,9.599799999999998,0.8024,0.3779,29224.4849,6,3
风电6-光伏3,54,11:00-12:00,12,0,3.9000000000000004,0.0,3.9000000000000004,6.06,11.52,17.58,0.0,13.679999999999998,0.8024,0.3779,27492.44,6,3
风电6-光伏3,54,12:00-13:00,13,1,3.2598000000000003,41.5,44.7598,6.5280000000000005,14.08,20.608,24.151799999999998,0.0,0.8024,0.3779,25935.289099999998,6,3
风电6-光伏3,54,13:00-14:00,14,1,2.6898,41.5,44.1898,5.768,14.08,19.848,24.3418,0.0,0.8024,0.3779,26015.9441,6,3
风电6-光伏3,54,14:00-15:00,15,0,3.63,0.0,3.63,5.432,11.52,16.951999999999998,0.0,13.322,0.8024,0.3779,27644.411000000004,6,3
风电6-光伏3,54,15:00-16:00,16,1,3.8202000000000003,41.5,45.3202,5.368,7.04,12.408000000000001,32.9122,0.0,0.6074,0.3779,23236.1999,6,3
风电6-光伏3,54,16:00-17:00,17,1,3.75,41.5,45.25,6.656,5.12,11.776,33.474000000000004,0.0,0.6074,0.3779,23365.133,6,3
风电6-光伏3,54,17:00-18:00,18,1,3.1398,41.5,44.6398,8.408,3.2,11.608,33.031800000000004,0.0,0.6074,0.3779,23263.648100000002,6,3
风电6-光伏3,54,18:00-19:00,19,0,2.61,0.0,2.61,10.808,1.28,12.088,0.0,9.478,0.8024,0.3779,29276.189,6,3
风电6-光伏3,54,19:00-20:00,20,0,2.1198,0.0,2.1198,9.604000000000001,0.0,9.604000000000001,0.0,7.484200000000001,0.8024,0.3779,30122.5571,6,3
风电6-光伏3,54,20:00-21:00,21,0,1.8599999999999999,0.0,1.8599999999999999,6.832000000000001,0.0,6.832000000000001,0.0,4.972000000000001,0.8024,0.3779,31188.985999999997,6,3
风电6-光伏3,54,21:00-22:00,22,1,1.6301999999999999,41.5,43.1302,8.384,0.0,8.384,34.7462,0.0,0.6074,0.3779,23657.102900000005,6,3
风电6-光伏3,54,22:00-23:00,23,1,1.56,41.5,43.06,7.688000000000001,0.0,7.688000000000001,35.372,0.0,0.6074,0.3779,23800.724000000002,6,3
风电6-光伏3,54,23:00-24:00,24,1,1.4802,41.5,42.980199999999996,9.671999999999999,0.0,9.671999999999999,33.3082,0.0,0.3424,0.3779,14500.408899999999,6,3
风电6-光伏3,45,0:00-1:00,1,1,1.3698000000000001,41.5,42.8698,9.448,0.0,9.448,33.4218,0.0,0.3424,0.3779,14496.376099999998,6,3
风电6-光伏3,45,1:00-2:00,2,1,1.0997999999999999,41.5,42.5998,10.504,0.0,10.504,32.095800000000004,0.0,0.3424,0.3779,14543.449100000002,6,3
风电6-光伏3,45,2:00-3:00,3,1,0.7998000000000001,41.5,42.2998,11.788,0.0,11.788,30.511799999999997,0.0,0.3424,0.3779,14599.681099999998,6,3
风电6-光伏3,45,3:00-4:00,4,1,0.99,41.5,42.49,11.504000000000001,0.0,11.504000000000001,30.986,0.0,0.3424,0.3779,14582.847000000002,6,3
风电6-光伏3,45,4:00-5:00,5,1,1.1802000000000001,41.5,42.6802,11.16,0.0,11.16,31.5202,0.0,0.3424,0.3779,14563.8829,6,3
风电6-光伏3,45,5:00-6:00,6,1,1.6301999999999999,41.5,43.1302,10.964,0.0,10.964,32.1662,0.0,0.3424,0.3779,14540.949900000001,6,3
风电6-光伏3,45,6:00-7:00,7,1,2.5002,41.5,44.0002,10.744,0.0,10.744,33.2562,0.0,0.3424,0.3779,14502.2549,6,3
风电6-光伏3,45,7:00-8:00,8,1,3.3701999999999996,41.5,44.8702,10.34,1.28,11.62,33.2502,0.0,0.6074,0.3779,23313.770900000003,6,3
风电6-光伏3,45,8:00-9:00,9,1,4.0098,41.5,45.5098,9.671999999999999,3.2,12.872,32.6378,0.0,0.6074,0.3779,23173.2251,6,3
风电6-光伏3,45,9:00-10:00,10,1,4.199999999999999,41.5,45.7,6.9479999999999995,5.12,12.068,33.632000000000005,0.0,0.6074,0.3779,23401.394000000004,6,3
风电6-光伏3,45,10:00-11:00,11,0,4.1202,0.0,4.1202,6.04,7.68,13.719999999999999,0.0,9.599799999999998,0.8024,0.3779,29224.4849,6,3
风电6-光伏3,45,11:00-12:00,12,0,3.9000000000000004,0.0,3.9000000000000004,6.06,11.52,17.58,0.0,13.679999999999998,0.8024,0.3779,27492.44,6,3
风电6-光伏3,45,12:00-13:00,13,0,3.2598000000000003,0.0,3.2598000000000003,6.5280000000000005,14.08,20.608,0.0,17.3482,0.8024,0.3779,25935.289099999998,6,3
风电6-光伏3,45,13:00-14:00,14,0,2.6898,0.0,2.6898,5.768,14.08,19.848,0.0,17.1582,0.8024,0.3779,26015.9441,6,3
风电6-光伏3,45,14:00-15:00,15,0,3.63,0.0,3.63,5.432,11.52,16.951999999999998,0.0,13.322,0.8024,0.3779,27644.411000000004,6,3
风电6-光伏3,45,15:00-16:00,16,1,3.8202000000000003,41.5,45.3202,5.368,7.04,12.408000000000001,32.9122,0.0,0.6074,0.3779,23236.1999,6,3
风电6-光伏3,45,16:00-17:00,17,1,3.75,41.5,45.25,6.656,5.12,11.776,33.474000000000004,0.0,0.6074,0.3779,23365.133,6,3
风电6-光伏3,45,17:00-18:00,18,1,3.1398,41.5,44.6398,8.408,3.2,11.608,33.031800000000004,0.0,0.6074,0.3779,23263.648100000002,6,3
风电6-光伏3,45,18:00-19:00,19,0,2.61,0.0,2.61,10.808,1.28,12.088,0.0,9.478,0.8024,0.3779,29276.189,6,3
风电6-光伏3,45,19:00-20:00,20,0,2.1198,0.0,2.1198,9.604000000000001,0.0,9.604000000000001,0.0,7.484200000000001,0.8024,0.3779,30122.5571,6,3
风电6-光伏3,45,20:00-21:00,21,0,1.8599999999999999,0.0,1.8599999999999999,6.832000000000001,0.0,6.832000000000001,0.0,4.972000000000001,0.8024,0.3779,31188.985999999997,6,3
风电6-光伏3,45,21:00-22:00,22,1,1.6301999999999999,41.5,43.1302,8.384,0.0,8.384,34.7462,0.0,0.6074,0.3779,23657.102900000005,6,3
风电6-光伏3,45,22:00-23:00,23,0,1.56,0.0,1.56,7.688000000000001,0.0,7.688000000000001,0.0,6.128,0.6074,0.3779,23800.724000000002,6,3
风电6-光伏3,45,23:00-24:00,24,1,1.4802,41.5,42.980199999999996,9.671999999999999,0.0,9.671999999999999,33.3082,0.0,0.3424,0.3779,14500.408899999999,6,3
风电6-光伏3,36,0:00-1:00,1,1,1.3698000000000001,41.5,42.8698,9.448,0.0,9.448,33.4218,0.0,0.3424,0.3779,14496.376099999998,6,3
风电6-光伏3,36,1:00-2:00,2,1,1.0997999999999999,41.5,42.5998,10.504,0.0,10.504,32.095800000000004,0.0,0.3424,0.3779,14543.449100000002,6,3
风电6-光伏3,36,2:00-3:00,3,1,0.7998000000000001,41.5,42.2998,11.788,0.0,11.788,30.511799999999997,0.0,0.3424,0.3779,14599.681099999998,6,3
风电6-光伏3,36,3:00-4:00,4,1,0.99,41.5,42.49,11.504000000000001,0.0,11.504000000000001,30.986,0.0,0.3424,0.3779,14582.847000000002,6,3
风电6-光伏3,36,4:00-5:00,5,1,1.1802000000000001,41.5,42.6802,11.16,0.0,11.16,31.5202,0.0,0.3424,0.3779,14563.8829,6,3
风电6-光伏3,36,5:00-6:00,6,1,1.6301999999999999,41.5,43.1302,10.964,0.0,10.964,32.1662,0.0,0.3424,0.3779,14540.949900000001,6,3
风电6-光伏3,36,6:00-7:00,7,1,2.5002,41.5,44.0002,10.744,0.0,10.744,33.2562,0.0,0.3424,0.3779,14502.2549,6,3
风电6-光伏3,36,7:00-8:00,8,1,3.3701999999999996,41.5,44.8702,10.34,1.28,11.62,33.2502,0.0,0.6074,0.3779,23313.770900000003,6,3
风电6-光伏3,36,8:00-9:00,9,1,4.0098,41.5,45.5098,9.671999999999999,3.2,12.872,32.6378,0.0,0.6074,0.3779,23173.2251,6,3
风电6-光伏3,36,9:00-10:00,10,0,4.199999999999999,0.0,4.199999999999999,6.9479999999999995,5.12,12.068,0.0,7.868,0.6074,0.3779,23401.394000000004,6,3
风电6-光伏3,36,10:00-11:00,11,0,4.1202,0.0,4.1202,6.04,7.68,13.719999999999999,0.0,9.599799999999998,0.8024,0.3779,29224.4849,6,3
风电6-光伏3,36,11:00-12:00,12,0,3.9000000000000004,0.0,3.9000000000000004,6.06,11.52,17.58,0.0,13.679999999999998,0.8024,0.3779,27492.44,6,3
风电6-光伏3,36,12:00-13:00,13,0,3.2598000000000003,0.0,3.2598000000000003,6.5280000000000005,14.08,20.608,0.0,17.3482,0.8024,0.3779,25935.289099999998,6,3
风电6-光伏3,36,13:00-14:00,14,0,2.6898,0.0,2.6898,5.768,14.08,19.848,0.0,17.1582,0.8024,0.3779,26015.9441,6,3
风电6-光伏3,36,14:00-15:00,15,0,3.63,0.0,3.63,5.432,11.52,16.951999999999998,0.0,13.322,0.8024,0.3779,27644.411000000004,6,3
风电6-光伏3,36,15:00-16:00,16,1,3.8202000000000003,41.5,45.3202,5.368,7.04,12.408000000000001,32.9122,0.0,0.6074,0.3779,23236.1999,6,3
风电6-光伏3,36,16:00-17:00,17,0,3.75,0.0,3.75,6.656,5.12,11.776,0.0,8.026,0.6074,0.3779,23365.133,6,3
风电6-光伏3,36,17:00-18:00,18,1,3.1398,41.5,44.6398,8.408,3.2,11.608,33.031800000000004,0.0,0.6074,0.3779,23263.648100000002,6,3
风电6-光伏3,36,18:00-19:00,19,0,2.61,0.0,2.61,10.808,1.28,12.088,0.0,9.478,0.8024,0.3779,29276.189,6,3
风电6-光伏3,36,19:00-20:00,20,0,2.1198,0.0,2.1198,9.604000000000001,0.0,9.604000000000001,0.0,7.484200000000001,0.8024,0.3779,30122.5571,6,3
风电6-光伏3,36,20:00-21:00,21,0,1.8599999999999999,0.0,1.8599999999999999,6.832000000000001,0.0,6.832000000000001,0.0,4.972000000000001,0.8024,0.3779,31188.985999999997,6,3
风电6-光伏3,36,21:00-22:00,22,0,1.6301999999999999,0.0,1.6301999999999999,8.384,0.0,8.384,0.0,6.7538,0.6074,0.3779,23657.102900000005,6,3
风电6-光伏3,36,22:00-23:00,23,0,1.56,0.0,1.56,7.688000000000001,0.0,7.688000000000001,0.0,6.128,0.6074,0.3779,23800.724000000002,6,3
风电6-光伏3,36,23:00-24:00,24,1,1.4802,41.5,42.980199999999996,9.671999999999999,0.0,9.671999999999999,33.3082,0.0,0.3424,0.3779,14500.408899999999,6,3
风电6-光伏4,72,0:00-1:00,1,1,1.3698000000000001,41.5,42.8698,9.448,0.0,9.448,33.4218,0.0,0.3424,0.3779,14496.376099999998,6,4
风电6-光伏4,72,1:00-2:00,2,1,1.0997999999999999,41.5,42.5998,10.504,0.0,10.504,32.095800000000004,0.0,0.3424,0.3779,14543.449100000002,6,4
风电6-光伏4,72,2:00-3:00,3,1,0.7998000000000001,41.5,42.2998,11.788,0.0,11.788,30.511799999999997,0.0,0.3424,0.3779,14599.681099999998,6,4
风电6-光伏4,72,3:00-4:00,4,1,0.99,41.5,42.49,11.504000000000001,0.0,11.504000000000001,30.986,0.0,0.3424,0.3779,14582.847000000002,6,4
风电6-光伏4,72,4:00-5:00,5,1,1.1802000000000001,41.5,42.6802,11.16,0.0,11.16,31.5202,0.0,0.3424,0.3779,14563.8829,6,4
风电6-光伏4,72,5:00-6:00,6,1,1.6301999999999999,41.5,43.1302,10.964,0.0,10.964,32.1662,0.0,0.3424,0.3779,14540.949900000001,6,4
风电6-光伏4,72,6:00-7:00,7,1,2.5002,41.5,44.0002,10.744,0.0,10.744,33.2562,0.0,0.3424,0.3779,14502.2549,6,4
风电6-光伏4,72,7:00-8:00,8,1,3.3701999999999996,41.5,44.8702,10.34,0.0,10.34,34.530199999999994,0.0,0.6074,0.3779,23607.530899999994,6,4
风电6-光伏4,72,8:00-9:00,9,1,4.0098,41.5,45.5098,9.671999999999999,0.0,9.671999999999999,35.8378,0.0,0.6074,0.3779,23907.625100000005,6,4
风电6-光伏4,72,9:00-10:00,10,1,4.199999999999999,41.5,45.7,6.9479999999999995,0.0,6.9479999999999995,38.752,0.0,0.6074,0.3779,24576.434000000005,6,4
风电6-光伏4,72,10:00-11:00,11,1,4.1202,41.5,45.6202,6.04,0.0,6.04,39.5802,0.0,0.8024,0.3779,32484.644899999996,6,4
风电6-光伏4,72,11:00-12:00,12,1,3.9000000000000004,41.5,45.4,6.06,1.28,7.34,38.06,0.0,0.8024,0.3779,31839.320000000003,6,4
风电6-光伏4,72,12:00-13:00,13,1,3.2598000000000003,41.5,44.7598,6.5280000000000005,5.12,11.648,33.1118,0.0,0.8024,0.3779,29738.809100000002,6,4
风电6-光伏4,72,13:00-14:00,14,1,2.6898,41.5,44.1898,5.768,7.68,13.448,30.741799999999998,0.0,0.8024,0.3779,28732.744099999996,6,4
风电6-光伏4,72,14:00-15:00,15,1,3.63,41.5,45.13,5.432,5.12,10.552,34.578,0.0,0.8024,0.3779,30361.211000000003,6,4
风电6-光伏4,72,15:00-16:00,16,1,3.8202000000000003,41.5,45.3202,5.368,1.28,6.648000000000001,38.6722,0.0,0.6074,0.3779,24558.119899999998,6,4
风电6-光伏4,72,16:00-17:00,17,1,3.75,41.5,45.25,6.656,0.0,6.656,38.594,0.0,0.6074,0.3779,24540.173000000003,6,4
风电6-光伏4,72,17:00-18:00,18,1,3.1398,41.5,44.6398,8.408,0.0,8.408,36.2318,0.0,0.6074,0.3779,23998.048100000004,6,4
风电6-光伏4,72,18:00-19:00,19,1,2.61,41.5,44.11,10.808,0.0,10.808,33.302,0.0,0.8024,0.3779,29819.549,6,4
风电6-光伏4,72,19:00-20:00,20,1,2.1198,41.5,43.6198,9.604000000000001,0.0,9.604000000000001,34.0158,0.0,0.8024,0.3779,30122.5571,6,4
风电6-光伏4,72,20:00-21:00,21,1,1.8599999999999999,41.5,43.36,6.832000000000001,0.0,6.832000000000001,36.528,0.0,0.8024,0.3779,31188.985999999997,6,4
风电6-光伏4,72,21:00-22:00,22,1,1.6301999999999999,41.5,43.1302,8.384,0.0,8.384,34.7462,0.0,0.6074,0.3779,23657.102900000005,6,4
风电6-光伏4,72,22:00-23:00,23,1,1.56,41.5,43.06,7.688000000000001,0.0,7.688000000000001,35.372,0.0,0.6074,0.3779,23800.724000000002,6,4
风电6-光伏4,72,23:00-24:00,24,1,1.4802,41.5,42.980199999999996,9.671999999999999,0.0,9.671999999999999,33.3082,0.0,0.3424,0.3779,14500.408899999999,6,4
风电6-光伏4,63,0:00-1:00,1,1,1.3698000000000001,41.5,42.8698,9.448,0.0,9.448,33.4218,0.0,0.3424,0.3779,14496.376099999998,6,4
风电6-光伏4,63,1:00-2:00,2,1,1.0997999999999999,41.5,42.5998,10.504,0.0,10.504,32.095800000000004,0.0,0.3424,0.3779,14543.449100000002,6,4
风电6-光伏4,63,2:00-3:00,3,1,0.7998000000000001,41.5,42.2998,11.788,0.0,11.788,30.511799999999997,0.0,0.3424,0.3779,14599.681099999998,6,4
风电6-光伏4,63,3:00-4:00,4,1,0.99,41.5,42.49,11.504000000000001,0.0,11.504000000000001,30.986,0.0,0.3424,0.3779,14582.847000000002,6,4
风电6-光伏4,63,4:00-5:00,5,1,1.1802000000000001,41.5,42.6802,11.16,0.0,11.16,31.5202,0.0,0.3424,0.3779,14563.8829,6,4
风电6-光伏4,63,5:00-6:00,6,1,1.6301999999999999,41.5,43.1302,10.964,0.0,10.964,32.1662,0.0,0.3424,0.3779,14540.949900000001,6,4
风电6-光伏4,63,6:00-7:00,7,1,2.5002,41.5,44.0002,10.744,0.0,10.744,33.2562,0.0,0.3424,0.3779,14502.2549,6,4
风电6-光伏4,63,7:00-8:00,8,1,3.3701999999999996,41.5,44.8702,10.34,0.0,10.34,34.530199999999994,0.0,0.6074,0.3779,23607.530899999994,6,4
风电6-光伏4,63,8:00-9:00,9,1,4.0098,41.5,45.5098,9.671999999999999,0.0,9.671999999999999,35.8378,0.0,0.6074,0.3779,23907.625100000005,6,4
风电6-光伏4,63,9:00-10:00,10,1,4.199999999999999,41.5,45.7,6.9479999999999995,0.0,6.9479999999999995,38.752,0.0,0.6074,0.3779,24576.434000000005,6,4
风电6-光伏4,63,10:00-11:00,11,0,4.1202,0.0,4.1202,6.04,0.0,6.04,0.0,1.9198000000000004,0.8024,0.3779,32484.644899999996,6,4
风电6-光伏4,63,11:00-12:00,12,0,3.9000000000000004,0.0,3.9000000000000004,6.06,1.28,7.34,0.0,3.4399999999999995,0.8024,0.3779,31839.320000000003,6,4
风电6-光伏4,63,12:00-13:00,13,1,3.2598000000000003,41.5,44.7598,6.5280000000000005,5.12,11.648,33.1118,0.0,0.8024,0.3779,29738.809100000002,6,4
风电6-光伏4,63,13:00-14:00,14,1,2.6898,41.5,44.1898,5.768,7.68,13.448,30.741799999999998,0.0,0.8024,0.3779,28732.744099999996,6,4
风电6-光伏4,63,14:00-15:00,15,1,3.63,41.5,45.13,5.432,5.12,10.552,34.578,0.0,0.8024,0.3779,30361.211000000003,6,4
风电6-光伏4,63,15:00-16:00,16,1,3.8202000000000003,41.5,45.3202,5.368,1.28,6.648000000000001,38.6722,0.0,0.6074,0.3779,24558.119899999998,6,4
风电6-光伏4,63,16:00-17:00,17,1,3.75,41.5,45.25,6.656,0.0,6.656,38.594,0.0,0.6074,0.3779,24540.173000000003,6,4
风电6-光伏4,63,17:00-18:00,18,1,3.1398,41.5,44.6398,8.408,0.0,8.408,36.2318,0.0,0.6074,0.3779,23998.048100000004,6,4
风电6-光伏4,63,18:00-19:00,19,1,2.61,41.5,44.11,10.808,0.0,10.808,33.302,0.0,0.8024,0.3779,29819.549,6,4
风电6-光伏4,63,19:00-20:00,20,1,2.1198,41.5,43.6198,9.604000000000001,0.0,9.604000000000001,34.0158,0.0,0.8024,0.3779,30122.5571,6,4
风电6-光伏4,63,20:00-21:00,21,0,1.8599999999999999,0.0,1.8599999999999999,6.832000000000001,0.0,6.832000000000001,0.0,4.972000000000001,0.8024,0.3779,31188.985999999997,6,4
风电6-光伏4,63,21:00-22:00,22,1,1.6301999999999999,41.5,43.1302,8.384,0.0,8.384,34.7462,0.0,0.6074,0.3779,23657.102900000005,6,4
风电6-光伏4,63,22:00-23:00,23,1,1.56,41.5,43.06,7.688000000000001,0.0,7.688000000000001,35.372,0.0,0.6074,0.3779,23800.724000000002,6,4
风电6-光伏4,63,23:00-24:00,24,1,1.4802,41.5,42.980199999999996,9.671999999999999,0.0,9.671999999999999,33.3082,0.0,0.3424,0.3779,14500.408899999999,6,4
风电6-光伏4,54,0:00-1:00,1,1,1.3698000000000001,41.5,42.8698,9.448,0.0,9.448,33.4218,0.0,0.3424,0.3779,14496.376099999998,6,4
风电6-光伏4,54,1:00-2:00,2,1,1.0997999999999999,41.5,42.5998,10.504,0.0,10.504,32.095800000000004,0.0,0.3424,0.3779,14543.449100000002,6,4
风电6-光伏4,54,2:00-3:00,3,1,0.7998000000000001,41.5,42.2998,11.788,0.0,11.788,30.511799999999997,0.0,0.3424,0.3779,14599.681099999998,6,4
风电6-光伏4,54,3:00-4:00,4,1,0.99,41.5,42.49,11.504000000000001,0.0,11.504000000000001,30.986,0.0,0.3424,0.3779,14582.847000000002,6,4
风电6-光伏4,54,4:00-5:00,5,1,1.1802000000000001,41.5,42.6802,11.16,0.0,11.16,31.5202,0.0,0.3424,0.3779,14563.8829,6,4
风电6-光伏4,54,5:00-6:00,6,1,1.6301999999999999,41.5,43.1302,10.964,0.0,10.964,32.1662,0.0,0.3424,0.3779,14540.949900000001,6,4
风电6-光伏4,54,6:00-7:00,7,1,2.5002,41.5,44.0002,10.744,0.0,10.744,33.2562,0.0,0.3424,0.3779,14502.2549,6,4
风电6-光伏4,54,7:00-8:00,8,1,3.3701999999999996,41.5,44.8702,10.34,0.0,10.34,34.530199999999994,0.0,0.6074,0.3779,23607.530899999994,6,4
风电6-光伏4,54,8:00-9:00,9,1,4.0098,41.5,45.5098,9.671999999999999,0.0,9.671999999999999,35.8378,0.0,0.6074,0.3779,23907.625100000005,6,4
风电6-光伏4,54,9:00-10:00,10,1,4.199999999999999,41.5,45.7,6.9479999999999995,0.0,6.9479999999999995,38.752,0.0,0.6074,0.3779,24576.434000000005,6,4
风电6-光伏4,54,10:00-11:00,11,0,4.1202,0.0,4.1202,6.04,0.0,6.04,0.0,1.9198000000000004,0.8024,0.3779,32484.644899999996,6,4
风电6-光伏4,54,11:00-12:00,12,0,3.9000000000000004,0.0,3.9000000000000004,6.06,1.28,7.34,0.0,3.4399999999999995,0.8024,0.3779,31839.320000000003,6,4
风电6-光伏4,54,12:00-13:00,13,1,3.2598000000000003,41.5,44.7598,6.5280000000000005,5.12,11.648,33.1118,0.0,0.8024,0.3779,29738.809100000002,6,4
风电6-光伏4,54,13:00-14:00,14,1,2.6898,41.5,44.1898,5.768,7.68,13.448,30.741799999999998,0.0,0.8024,0.3779,28732.744099999996,6,4
风电6-光伏4,54,14:00-15:00,15,0,3.63,0.0,3.63,5.432,5.12,10.552,0.0,6.922,0.8024,0.3779,30361.211000000003,6,4
风电6-光伏4,54,15:00-16:00,16,1,3.8202000000000003,41.5,45.3202,5.368,1.28,6.648000000000001,38.6722,0.0,0.6074,0.3779,24558.119899999998,6,4
风电6-光伏4,54,16:00-17:00,17,1,3.75,41.5,45.25,6.656,0.0,6.656,38.594,0.0,0.6074,0.3779,24540.173000000003,6,4
风电6-光伏4,54,17:00-18:00,18,1,3.1398,41.5,44.6398,8.408,0.0,8.408,36.2318,0.0,0.6074,0.3779,23998.048100000004,6,4
风电6-光伏4,54,18:00-19:00,19,0,2.61,0.0,2.61,10.808,0.0,10.808,0.0,8.198,0.8024,0.3779,29819.549,6,4
风电6-光伏4,54,19:00-20:00,20,0,2.1198,0.0,2.1198,9.604000000000001,0.0,9.604000000000001,0.0,7.484200000000001,0.8024,0.3779,30122.5571,6,4
风电6-光伏4,54,20:00-21:00,21,0,1.8599999999999999,0.0,1.8599999999999999,6.832000000000001,0.0,6.832000000000001,0.0,4.972000000000001,0.8024,0.3779,31188.985999999997,6,4
风电6-光伏4,54,21:00-22:00,22,1,1.6301999999999999,41.5,43.1302,8.384,0.0,8.384,34.7462,0.0,0.6074,0.3779,23657.102900000005,6,4
风电6-光伏4,54,22:00-23:00,23,1,1.56,41.5,43.06,7.688000000000001,0.0,7.688000000000001,35.372,0.0,0.6074,0.3779,23800.724000000002,6,4
风电6-光伏4,54,23:00-24:00,24,1,1.4802,41.5,42.980199999999996,9.671999999999999,0.0,9.671999999999999,33.3082,0.0,0.3424,0.3779,14500.408899999999,6,4
风电6-光伏4,45,0:00-1:00,1,1,1.3698000000000001,41.5,42.8698,9.448,0.0,9.448,33.4218,0.0,0.3424,0.3779,14496.376099999998,6,4
风电6-光伏4,45,1:00-2:00,2,1,1.0997999999999999,41.5,42.5998,10.504,0.0,10.504,32.095800000000004,0.0,0.3424,0.3779,14543.449100000002,6,4
风电6-光伏4,45,2:00-3:00,3,1,0.7998000000000001,41.5,42.2998,11.788,0.0,11.788,30.511799999999997,0.0,0.3424,0.3779,14599.681099999998,6,4
风电6-光伏4,45,3:00-4:00,4,1,0.99,41.5,42.49,11.504000000000001,0.0,11.504000000000001,30.986,0.0,0.3424,0.3779,14582.847000000002,6,4
风电6-光伏4,45,4:00-5:00,5,1,1.1802000000000001,41.5,42.6802,11.16,0.0,11.16,31.5202,0.0,0.3424,0.3779,14563.8829,6,4
风电6-光伏4,45,5:00-6:00,6,1,1.6301999999999999,41.5,43.1302,10.964,0.0,10.964,32.1662,0.0,0.3424,0.3779,14540.949900000001,6,4
风电6-光伏4,45,6:00-7:00,7,1,2.5002,41.5,44.0002,10.744,0.0,10.744,33.2562,0.0,0.3424,0.3779,14502.2549,6,4
风电6-光伏4,45,7:00-8:00,8,1,3.3701999999999996,41.5,44.8702,10.34,0.0,10.34,34.530199999999994,0.0,0.6074,0.3779,23607.530899999994,6,4
风电6-光伏4,45,8:00-9:00,9,1,4.0098,41.5,45.5098,9.671999999999999,0.0,9.671999999999999,35.8378,0.0,0.6074,0.3779,23907.625100000005,6,4
风电6-光伏4,45,9:00-10:00,10,0,4.199999999999999,0.0,4.199999999999999,6.9479999999999995,0.0,6.9479999999999995,0.0,2.748,0.6074,0.3779,24576.434000000005,6,4
风电6-光伏4,45,10:00-11:00,11,0,4.1202,0.0,4.1202,6.04,0.0,6.04,0.0,1.9198000000000004,0.8024,0.3779,32484.644899999996,6,4
风电6-光伏4,45,11:00-12:00,12,0,3.9000000000000004,0.0,3.9000000000000004,6.06,1.28,7.34,0.0,3.4399999999999995,0.8024,0.3779,31839.320000000003,6,4
风电6-光伏4,45,12:00-13:00,13,0,3.2598000000000003,0.0,3.2598000000000003,6.5280000000000005,5.12,11.648,0.0,8.3882,0.8024,0.3779,29738.809100000002,6,4
风电6-光伏4,45,13:00-14:00,14,0,2.6898,0.0,2.6898,5.768,7.68,13.448,0.0,10.7582,0.8024,0.3779,28732.744099999996,6,4
风电6-光伏4,45,14:00-15:00,15,0,3.63,0.0,3.63,5.432,5.12,10.552,0.0,6.922,0.8024,0.3779,30361.211000000003,6,4
风电6-光伏4,45,15:00-16:00,16,1,3.8202000000000003,41.5,45.3202,5.368,1.28,6.648000000000001,38.6722,0.0,0.6074,0.3779,24558.119899999998,6,4
风电6-光伏4,45,16:00-17:00,17,1,3.75,41.5,45.25,6.656,0.0,6.656,38.594,0.0,0.6074,0.3779,24540.173000000003,6,4
风电6-光伏4,45,17:00-18:00,18,1,3.1398,41.5,44.6398,8.408,0.0,8.408,36.2318,0.0,0.6074,0.3779,23998.048100000004,6,4
风电6-光伏4,45,18:00-19:00,19,0,2.61,0.0,2.61,10.808,0.0,10.808,0.0,8.198,0.8024,0.3779,29819.549,6,4
风电6-光伏4,45,19:00-20:00,20,0,2.1198,0.0,2.1198,9.604000000000001,0.0,9.604000000000001,0.0,7.484200000000001,0.8024,0.3779,30122.5571,6,4
风电6-光伏4,45,20:00-21:00,21,0,1.8599999999999999,0.0,1.8599999999999999,6.832000000000001,0.0,6.832000000000001,0.0,4.972000000000001,0.8024,0.3779,31188.985999999997,6,4
风电6-光伏4,45,21:00-22:00,22,1,1.6301999999999999,41.5,43.1302,8.384,0.0,8.384,34.7462,0.0,0.6074,0.3779,23657.102900000005,6,4
风电6-光伏4,45,22:00-23:00,23,1,1.56,41.5,43.06,7.688000000000001,0.0,7.688000000000001,35.372,0.0,0.6074,0.3779,23800.724000000002,6,4
风电6-光伏4,45,23:00-24:00,24,1,1.4802,41.5,42.980199999999996,9.671999999999999,0.0,9.671999999999999,33.3082,0.0,0.3424,0.3779,14500.408899999999,6,4
风电6-光伏4,36,0:00-1:00,1,1,1.3698000000000001,41.5,42.8698,9.448,0.0,9.448,33.4218,0.0,0.3424,0.3779,14496.376099999998,6,4
风电6-光伏4,36,1:00-2:00,2,1,1.0997999999999999,41.5,42.5998,10.504,0.0,10.504,32.095800000000004,0.0,0.3424,0.3779,14543.449100000002,6,4
风电6-光伏4,36,2:00-3:00,3,1,0.7998000000000001,41.5,42.2998,11.788,0.0,11.788,30.511799999999997,0.0,0.3424,0.3779,14599.681099999998,6,4
风电6-光伏4,36,3:00-4:00,4,1,0.99,41.5,42.49,11.504000000000001,0.0,11.504000000000001,30.986,0.0,0.3424,0.3779,14582.847000000002,6,4
风电6-光伏4,36,4:00-5:00,5,1,1.1802000000000001,41.5,42.6802,11.16,0.0,11.16,31.5202,0.0,0.3424,0.3779,14563.8829,6,4
风电6-光伏4,36,5:00-6:00,6,1,1.6301999999999999,41.5,43.1302,10.964,0.0,10.964,32.1662,0.0,0.3424,0.3779,14540.949900000001,6,4
风电6-光伏4,36,6:00-7:00,7,1,2.5002,41.5,44.0002,10.744,0.0,10.744,33.2562,0.0,0.3424,0.3779,14502.2549,6,4
风电6-光伏4,36,7:00-8:00,8,1,3.3701999999999996,41.5,44.8702,10.34,0.0,10.34,34.530199999999994,0.0,0.6074,0.3779,23607.530899999994,6,4
风电6-光伏4,36,8:00-9:00,9,1,4.0098,41.5,45.5098,9.671999999999999,0.0,9.671999999999999,35.8378,0.0,0.6074,0.3779,23907.625100000005,6,4
风电6-光伏4,36,9:00-10:00,10,0,4.199999999999999,0.0,4.199999999999999,6.9479999999999995,0.0,6.9479999999999995,0.0,2.748,0.6074,0.3779,24576.434000000005,6,4
风电6-光伏4,36,10:00-11:00,11,0,4.1202,0.0,4.1202,6.04,0.0,6.04,0.0,1.9198000000000004,0.8024,0.3779,32484.644899999996,6,4
风电6-光伏4,36,11:00-12:00,12,0,3.9000000000000004,0.0,3.9000000000000004,6.06,1.28,7.34,0.0,3.4399999999999995,0.8024,0.3779,31839.320000000003,6,4
风电6-光伏4,36,12:00-13:00,13,0,3.2598000000000003,0.0,3.2598000000000003,6.5280000000000005,5.12,11.648,0.0,8.3882,0.8024,0.3779,29738.809100000002,6,4
风电6-光伏4,36,13:00-14:00,14,0,2.6898,0.0,2.6898,5.768,7.68,13.448,0.0,10.7582,0.8024,0.3779,28732.744099999996,6,4
风电6-光伏4,36,14:00-15:00,15,0,3.63,0.0,3.63,5.432,5.12,10.552,0.0,6.922,0.8024,0.3779,30361.211000000003,6,4
风电6-光伏4,36,15:00-16:00,16,0,3.8202000000000003,0.0,3.8202000000000003,5.368,1.28,6.648000000000001,0.0,2.8278000000000003,0.6074,0.3779,24558.119899999998,6,4
风电6-光伏4,36,16:00-17:00,17,0,3.75,0.0,3.75,6.656,0.0,6.656,0.0,2.9059999999999997,0.6074,0.3779,24540.173000000003,6,4
风电6-光伏4,36,17:00-18:00,18,0,3.1398,0.0,3.1398,8.408,0.0,8.408,0.0,5.268199999999999,0.6074,0.3779,23998.048100000004,6,4
风电6-光伏4,36,18:00-19:00,19,0,2.61,0.0,2.61,10.808,0.0,10.808,0.0,8.198,0.8024,0.3779,29819.549,6,4
风电6-光伏4,36,19:00-20:00,20,0,2.1198,0.0,2.1198,9.604000000000001,0.0,9.604000000000001,0.0,7.484200000000001,0.8024,0.3779,30122.5571,6,4
风电6-光伏4,36,20:00-21:00,21,0,1.8599999999999999,0.0,1.8599999999999999,6.832000000000001,0.0,6.832000000000001,0.0,4.972000000000001,0.8024,0.3779,31188.985999999997,6,4
风电6-光伏4,36,21:00-22:00,22,1,1.6301999999999999,41.5,43.1302,8.384,0.0,8.384,34.7462,0.0,0.6074,0.3779,23657.102900000005,6,4
风电6-光伏4,36,22:00-23:00,23,1,1.56,41.5,43.06,7.688000000000001,0.0,7.688000000000001,35.372,0.0,0.6074,0.3779,23800.724000000002,6,4
风电6-光伏4,36,23:00-24:00,24,1,1.4802,41.5,42.980199999999996,9.671999999999999,0.0,9.671999999999999,33.3082,0.0,0.3424,0.3779,14500.408899999999,6,4
